websiteSku,graceSku,family,capacityMl,colour,category,groupSlug,plateSource
Alu65mlLotionPumpWhite,AB-CYL-WHT-65ML-LPM-WHT,Aluminum Bottle,65,White,Aluminum Bottle,aluminum-bottle-65ml-white-20-410-lotionpump,https://www.bestbottles.com/images/store/enlarged_pics/Alu65mlLotionPumpWhite.gif
Alu120mlLotionPumpWhite,AB-ALU-CLR-120ML-LPM-WHT,Aluminum Bottle,120,Clear,Aluminum Bottle,aluminum-bottle-120ml-clear-20-410-lotionpump,https://www.bestbottles.com/images/store/enlarged_pics/Alu120mlLotionPumpWhite.gif
GBAtom5Blk,GB-CYL-BLK-5ML-ATM-BLK,Atomizer,5,Black,Metal Atomizer,atomizer-5ml,https://www.bestbottles.com/images/store/enlarged_pics/GBAtom5Blk.gif
GBAtom5BlkDot,GB-CYL-BLK-5ML-ATM-BLK-02,Atomizer,5,Black,Metal Atomizer,atomizer-5ml,https://www.bestbottles.com/images/store/enlarged_pics/GBAtom5BlkDot.gif
GBAtom5Blu,GB-CYL-BLU-5ML-ATM-BLU,Atomizer,5,Cobalt Blue,Metal Atomizer,atomizer-5ml,https://www.bestbottles.com/images/store/enlarged_pics/GBAtom5Blu.gif
GBAtom5Gl,GB-CYL-CLR-5ML-ATM-GLD,Atomizer,5,Clear,Metal Atomizer,atomizer-5ml,https://www.bestbottles.com/images/store/enlarged_pics/GBAtom5Gl.gif
GBAtom5PnkDot,GB-CYL-PNK-5ML-ATM-PNK-02,Atomizer,5,Pink,Metal Atomizer,atomizer-5ml,https://www.bestbottles.com/images/store/enlarged_pics/GBAtom5PnkDot.gif
GBAtom5Red,GB-CYL-CLR-5ML-ATM-RED,Atomizer,5,Clear,Metal Atomizer,atomizer-5ml,https://www.bestbottles.com/images/store/enlarged_pics/GBAtom5Red.gif
GBAtom5Sl,GB-CYL-CLR-5ML-ATM-SLV-01,Atomizer,5,Clear,Metal Atomizer,atomizer-5ml,https://www.bestbottles.com/images/store/enlarged_pics/GBAtom5Sl.gif
GBAtom5SlDot,GB-CYL-CLR-5ML-ATM-SLV-02,Atomizer,5,Clear,Metal Atomizer,atomizer-5ml,https://www.bestbottles.com/images/store/enlarged_pics/GBAtom5SlDot.gif
GBAtom5SlStars,GB-CYL-CLR-5ML-ATM-SLV-03,Atomizer,5,Clear,Metal Atomizer,atomizer-5ml,https://www.bestbottles.com/images/store/enlarged_pics/GBAtom5SlStars.gif
GBAtom5SlimBlk,GB-SLM-BLK-5ML-ATM-BLK-T,Atomizer,5,Black,Metal Atomizer,atomizer-5ml,https://www.bestbottles.com/images/store/enlarged_pics/GBAtom5SlimBlk.gif
GBAtom10Blk,GB-CYL-BLK-10ML-ATM-BLK-01,Atomizer,10,Black,Metal Atomizer,atomizer-10ml,https://www.bestbottles.com/images/store/enlarged_pics/GBAtom10Blk.gif
GBAtom10BlkDot,GB-CYL-BLK-10ML-ATM-BLK-02,Atomizer,10,Black,Metal Atomizer,atomizer-10ml,https://www.bestbottles.com/images/store/enlarged_pics/GBAtom10BlkDot.gif
GBAtom10Blu,GB-CYL-BLU-10ML-ATM-BLU,Atomizer,10,Cobalt Blue,Metal Atomizer,atomizer-10ml,https://www.bestbottles.com/images/store/enlarged_pics/GBAtom10Blu.gif
GBAtom10Gl,GB-CYL-CLR-10ML-ATM-GLD,Atomizer,10,Clear,Metal Atomizer,atomizer-10ml,https://www.bestbottles.com/images/store/enlarged_pics/GBAtom10Gl.gif
GBAtom10Gr,GB-CYL-GRN-10ML-ATM-GRN,Atomizer,10,Green,Metal Atomizer,atomizer-10ml,https://www.bestbottles.com/images/store/enlarged_pics/GBAtom10Gr.gif
GBAtom10Lv,GB-CYL-CLR-10ML-ATM-LVN,Atomizer,10,Clear,Metal Atomizer,atomizer-10ml,https://www.bestbottles.com/images/store/enlarged_pics/GBAtom10Lv.gif
GBAtom10Pnk,GB-CYL-PNK-10ML-ATM-PNK,Atomizer,10,Pink,Metal Atomizer,atomizer-10ml,https://www.bestbottles.com/images/store/enlarged_pics/GBAtom10Pnk.gif
GBAtom10Red,GB-CYL-CLR-10ML-ATM-RED,Atomizer,10,Clear,Metal Atomizer,atomizer-10ml,https://www.bestbottles.com/images/store/enlarged_pics/GBAtom10Red.gif
GBAtom10Sl,GB-CYL-CLR-10ML-ATM-SLV-01,Atomizer,10,Clear,Metal Atomizer,atomizer-10ml,https://www.bestbottles.com/images/store/enlarged_pics/GBAtom10Sl.gif
GBAtom10SlDot,GB-CYL-CLR-10ML-ATM-SLV-02,Atomizer,10,Clear,Metal Atomizer,atomizer-10ml,https://www.bestbottles.com/images/store/enlarged_pics/GBAtom10SlDot.gif
GBAtom10SlStars,GB-CYL-CLR-10ML-ATM-SLV-03,Atomizer,10,Clear,Metal Atomizer,atomizer-10ml,https://www.bestbottles.com/images/store/enlarged_pics/GBAtom10SlStars.gif
GBCrcl50AnSpBlk,GB-CIR-CLR-50ML-ASP-BLK,Circle,50,Clear,Glass Bottle,circle-50ml-clear-18-415-antiquespray,https://www.bestbottles.com/images/store/enlarged_pics/GBCrcl50AnSpBlk.gif
GBCrcl50AnSpGl,GB-CIR-CLR-50ML-ASP-GLD,Circle,50,Clear,Glass Bottle,circle-50ml-clear-18-415-antiquespray,https://www.bestbottles.com/images/store/enlarged_pics/GBCrcl50AnSpGl.gif
GBCrcl50AnSpIvyGl,GB-CIR-CLR-50ML-ASP-IVGD,Circle,50,Clear,Glass Bottle,circle-50ml-clear-18-415-antiquespray,https://www.bestbottles.com/images/store/enlarged_pics/GBCrcl50AnSpIvyGl.gif
GBCrcl50AnSpIvySl,GB-CIR-CLR-50ML-ASP-IVSL,Circle,50,Clear,Glass Bottle,circle-50ml-clear-18-415-antiquespray,https://www.bestbottles.com/images/store/enlarged_pics/GBCrcl50AnSpIvySl.gif
GBCrcl50AnSpLvn,GB-CIR-CLR-50ML-ASP-LVN,Circle,50,Clear,Glass Bottle,circle-50ml-clear-18-415-antiquespray,https://www.bestbottles.com/images/store/enlarged_pics/GBCrcl50AnSpLvn.gif
GBCrcl50AnSpMtSl,GB-CIR-CLR-50ML-ASP-MSLV,Circle,50,Clear,Glass Bottle,circle-50ml-clear-18-415-antiquespray,https://www.bestbottles.com/images/store/enlarged_pics/GBCrcl50AnSpMtSl.gif
GBCrcl50AnSpPnk,GB-CIR-CLR-50ML-ASP-PNK,Circle,50,Clear,Glass Bottle,circle-50ml-clear-18-415-antiquespray,https://www.bestbottles.com/images/store/enlarged_pics/GBCrcl50AnSpPnk.gif
GBCrcl50AnSpRed,GB-CIR-CLR-50ML-ASP-RED,Circle,50,Clear,Glass Bottle,circle-50ml-clear-18-415-antiquespray,https://www.bestbottles.com/images/store/enlarged_pics/GBCrcl50AnSpRed.gif
GBCrcl50AnSpWht,GB-CIR-CLR-50ML-ASP-WHT,Circle,50,Clear,Glass Bottle,circle-50ml-clear-18-415-antiquespray,https://www.bestbottles.com/images/store/enlarged_pics/GBCrcl50AnSpWht.gif
GBCrcl50DrpCu,GB-CIR-CLR-50ML-DRP-CPR,Circle,50,Clear,Glass Bottle,circle-50ml-clear-18-415-dropper,https://www.bestbottles.com/images/store/enlarged_pics/GBCrcl50DrpCu.gif
GBCrcl50DrpGl,GB-CIR-CLR-50ML-DRP-GLD,Circle,50,Clear,Glass Bottle,circle-50ml-clear-18-415-dropper,https://www.bestbottles.com/images/store/enlarged_pics/GBCrcl50DrpGl.gif
GBCrcl50DrpSl,GB-CIR-CLR-50ML-DRP-SLV,Circle,50,Clear,Glass Bottle,circle-50ml-clear-18-415-dropper,https://www.bestbottles.com/images/store/enlarged_pics/GBCrcl50DrpSl.gif
GBCrcl50RdcrBlkLthr,GB-CIR-CLR-50ML-RDC-BKLT,Circle,50,Clear,Glass Bottle,circle-50ml-clear-18-415-reducer,https://www.bestbottles.com/images/store/enlarged_pics/GBCrcl50RdcrBlkLthr.gif
GBCrcl50RdcrBrwnLthr,GB-CIR-CLR-50ML-RDC-BRLT,Circle,50,Clear,Glass Bottle,circle-50ml-clear-18-415-reducer,https://www.bestbottles.com/images/store/enlarged_pics/GBCrcl50RdcrBrwnLthr.gif
GBCrcl50RdcrIvyLthr,GB-CIR-CLR-50ML-RDC-IVLT,Circle,50,Clear,Glass Bottle,circle-50ml-clear-18-415-reducer,https://www.bestbottles.com/images/store/enlarged_pics/GBCrcl50RdcrIvyLthr.gif
GBCrcl50RdcrLBrwnLthr,GB-CIR-CLR-50ML-RDC-LBLT,Circle,50,Clear,Glass Bottle,circle-50ml-clear-18-415-reducer,https://www.bestbottles.com/images/store/enlarged_pics/GBCrcl50RdcrLBrwnLthr.gif
GBCrcl50RdcrMtSl,GB-CIR-CLR-50ML-RDC-MSLV,Circle,50,Clear,Glass Bottle,circle-50ml-clear-18-415-reducer,https://www.bestbottles.com/images/store/enlarged_pics/GBCrcl50RdcrMtSl.gif
GBCrcl50RdcrMtSlTall,GB-CIR-CLR-50ML-RDC-MSLV-T,Circle,50,Clear,Glass Bottle,circle-50ml-clear-18-415-reducer,https://www.bestbottles.com/images/store/enlarged_pics/GBCrcl50RdcrMtSlTall.gif
GBCrcl50RdcrPnkLthr,GB-CIR-CLR-50ML-RDC-PKLT,Circle,50,Clear,Glass Bottle,circle-50ml-clear-18-415-reducer,https://www.bestbottles.com/images/store/enlarged_pics/GBCrcl50RdcrPnkLthr.gif
GBCrcl50RdcrShnBlk,GB-CIR-CLR-50ML-RDC-SBLK,Circle,50,Clear,Glass Bottle,circle-50ml-clear-18-415-reducer,https://www.bestbottles.com/images/store/enlarged_pics/GBCrcl50RdcrShnBlk.gif
GBCrcl50RdcrShnBlkTall,GB-CIR-CLR-50ML-RDC-SBLK-T,Circle,50,Clear,Glass Bottle,circle-50ml-clear-18-415-reducer,https://www.bestbottles.com/images/store/enlarged_pics/GBCrcl50RdcrShnBlkTall.gif
GBCrcl50RdcrShnGl,GB-CIR-CLR-50ML-RDC-SGLD,Circle,50,Clear,Glass Bottle,circle-50ml-clear-18-415-reducer,https://www.bestbottles.com/images/store/enlarged_pics/GBCrcl50RdcrShnGl.gif
GBCrcl50RdcrShnSl,GB-CIR-CLR-50ML-RDC-SSLV,Circle,50,Clear,Glass Bottle,circle-50ml-clear-18-415-reducer,https://www.bestbottles.com/images/store/enlarged_pics/GBCrcl50RdcrShnSl.gif
GBCrcl50RdcrWht,GB-CIR-CLR-50ML-RDC-WHT,Circle,50,Clear,Glass Bottle,circle-50ml-clear-18-415-reducer,https://www.bestbottles.com/images/store/enlarged_pics/GBCrcl50RdcrWht.gif
GBCrclFrst50AnSpBlk,GB-CIR-FRS-50ML-ASP-BLK,Circle,50,Frosted,Glass Bottle,circle-50ml-frosted-18-415-antiquespray,https://www.bestbottles.com/images/store/enlarged_pics/GBCrclFrst50AnSpBlk.gif
GBCrclFrst50AnSpGl,GB-CIR-FRS-50ML-ASP-SGLD,Circle,50,Frosted,Glass Bottle,circle-50ml-frosted-18-415-antiquespray,https://www.bestbottles.com/images/store/enlarged_pics/GBCrclFrst50AnSpGl.gif
GBCrclFrst50AnSpIvyGl,GB-CIR-FRS-50ML-ASP-IVGD,Circle,50,Frosted,Glass Bottle,circle-50ml-frosted-18-415-antiquespray,https://www.bestbottles.com/images/store/enlarged_pics/GBCrclFrst50AnSpIvyGl.gif
GBCrclFrst50AnSpIvySl,GB-CIR-FRS-50ML-ASP-IVSL,Circle,50,Frosted,Glass Bottle,circle-50ml-frosted-18-415-antiquespray,https://www.bestbottles.com/images/store/enlarged_pics/GBCrclFrst50AnSpIvySl.gif
GBCrclFrst50AnSpLvn,GB-CIR-FRS-50ML-ASP-LVN,Circle,50,Frosted,Glass Bottle,circle-50ml-frosted-18-415-antiquespray,https://www.bestbottles.com/images/store/enlarged_pics/GBCrclFrst50AnSpLvn.gif
GBCrclFrst50AnSpMtSl,GB-CIR-FRS-50ML-ASP-MSLV,Circle,50,Frosted,Glass Bottle,circle-50ml-frosted-18-415-antiquespray,https://www.bestbottles.com/images/store/enlarged_pics/GBCrclFrst50AnSpMtSl.gif
GBCrclFrst50AnSpPnk,GB-CIR-FRS-50ML-ASP-PNK,Circle,50,Frosted,Glass Bottle,circle-50ml-frosted-18-415-antiquespray,https://www.bestbottles.com/images/store/enlarged_pics/GBCrclFrst50AnSpPnk.gif
GBCrclFrst50AnSpRed,GB-CIR-FRS-50ML-ASP-RED,Circle,50,Frosted,Glass Bottle,circle-50ml-frosted-18-415-antiquespray,https://www.bestbottles.com/images/store/enlarged_pics/GBCrclFrst50AnSpRed.gif
GBCrclFrst50AnSpWht,GB-CIR-FRS-50ML-ASP-WHT,Circle,50,Frosted,Glass Bottle,circle-50ml-frosted-18-415-antiquespray,https://www.bestbottles.com/images/store/enlarged_pics/GBCrclFrst50AnSpWht.gif
GBCrclFrst50DrpCu,GB-CIR-FRS-50ML-DRP-CPR,Circle,50,Frosted,Glass Bottle,circle-50ml-frosted-18-415-dropper,https://www.bestbottles.com/images/store/enlarged_pics/GBCrclFrst50DrpCu.gif
GBCrclFrst50DrpGl,GB-CIR-FRS-50ML-DRP-SGLD,Circle,50,Frosted,Glass Bottle,circle-50ml-frosted-18-415-dropper,https://www.bestbottles.com/images/store/enlarged_pics/GBCrclFrst50DrpGl.gif
GBCrclFrst50DrpSl,GB-CIR-FRS-50ML-DRP-SLV,Circle,50,Frosted,Glass Bottle,circle-50ml-frosted-18-415-dropper,https://www.bestbottles.com/images/store/enlarged_pics/GBCrclFrst50DrpSl.gif
GBCrclFrst50RdcrBlkLthr,GB-CIR-FRS-50ML-RDC-BLK,Circle,50,Frosted,Glass Bottle,circle-50ml-frosted-18-415-reducer,https://www.bestbottles.com/images/store/enlarged_pics/GBCrclFrst50RdcrBlkLthr.gif
GBCrclFrst50RdcrBrwnLthr,GB-CIR-FRS-50ML-RDC-01,Circle,50,Frosted,Glass Bottle,circle-50ml-frosted-18-415-reducer,https://www.bestbottles.com/images/store/enlarged_pics/GBCrclFrst50RdcrBrwnLthr.gif
GBCrclFrst50RdcrIvyLthr,GB-CIR-FRS-50ML-RDC-IVR,Circle,50,Frosted,Glass Bottle,circle-50ml-frosted-18-400-reducer,https://www.bestbottles.com/images/store/enlarged_pics/GBCrclFrst50RdcrIvyLthr.gif
GBCrclFrst50RdcrLBrwnLthr,GB-CIR-FRS-50ML-RDC-02,Circle,50,Frosted,Glass Bottle,circle-50ml-frosted-18-415-reducer,https://www.bestbottles.com/images/store/enlarged_pics/GBCrclFrst50RdcrLBrwnLthr.gif
GBCrclFrst50RdcrMtSl,GB-CIR-FRS-50ML-RDC-MSLV,Circle,50,Frosted,Glass Bottle,circle-50ml-frosted-18-415-reducer,https://www.bestbottles.com/images/store/enlarged_pics/GBCrclFrst50RdcrMtSl.gif
GBCrclFrst50RdcrPnkLthr,GB-CIR-FRS-50ML-RDC-PNK,Circle,50,Frosted,Glass Bottle,circle-50ml-frosted-18-415-reducer,https://www.bestbottles.com/images/store/enlarged_pics/GBCrclFrst50RdcrPnkLthr.gif
GBCrclFrst50RdcrShnBlk,GB-CIR-FRS-50ML-RDC-SBLK,Circle,50,Frosted,Glass Bottle,circle-50ml-frosted-18-415-reducer,https://www.bestbottles.com/images/store/enlarged_pics/GBCrclFrst50RdcrShnBlk.gif
GBCrclFrst50RdcrShnBlkTall,GB-CIR-FRS-50ML-RDC-SBLK-T,Circle,50,Frosted,Glass Bottle,circle-50ml-frosted-18-415-reducer,https://www.bestbottles.com/images/store/enlarged_pics/GBCrclFrst50RdcrShnBlkTall.gif
GBCrclFrst50RdcrShnGl,GB-CIR-FRS-50ML-RDC-SGLD,Circle,50,Frosted,Glass Bottle,circle-50ml-frosted-18-415-reducer,https://www.bestbottles.com/images/store/enlarged_pics/GBCrclFrst50RdcrShnGl.gif
GBCrclFrst50RdcrShnSl,GB-CIR-FRS-50ML-RDC-SSLV,Circle,50,Frosted,Glass Bottle,circle-50ml-frosted-18-415-reducer,https://www.bestbottles.com/images/store/enlarged_pics/GBCrclFrst50RdcrShnSl.gif
GBCrclFrst50RdcrWht,GB-CIR-FRS-50ML-RDC-WHT,Circle,50,Frosted,Glass Bottle,circle-50ml-frosted-18-415-reducer,https://www.bestbottles.com/images/store/enlarged_pics/GBCrclFrst50RdcrWht.gif
GBCrcl100AnSpBlk,GB-CIR-CLR-100ML-ASP-BLK,Circle,100,Clear,Glass Bottle,circle-100ml-clear-18-415-antiquespray,https://www.bestbottles.com/images/store/enlarged_pics/GBCrcl100AnSpBlk.gif
GBCrcl100AnSpGl,GB-CIR-CLR-100ML-ASP-GLD,Circle,100,Clear,Glass Bottle,circle-100ml-clear-18-415-antiquespray,https://www.bestbottles.com/images/store/enlarged_pics/GBCrcl100AnSpGl.gif
GBCrcl100AnSpIvyGl,GB-CIR-CLR-100ML-ASP-IVGD,Circle,100,Clear,Glass Bottle,circle-100ml-clear-18-415-antiquespray,https://www.bestbottles.com/images/store/enlarged_pics/GBCrcl100AnSpIvyGl.gif
GBCrcl100AnSpIvySl,GB-CIR-CLR-100ML-ASP-IVSL,Circle,100,Clear,Glass Bottle,circle-100ml-clear-18-415-antiquespray,https://www.bestbottles.com/images/store/enlarged_pics/GBCrcl100AnSpIvySl.gif
GBCrcl100AnSpLvn,GB-CIR-CLR-100ML-ASP-LVN,Circle,100,Clear,Glass Bottle,circle-100ml-clear-18-415-antiquespray,https://www.bestbottles.com/images/store/enlarged_pics/GBCrcl100AnSpLvn.gif
GBCrcl100AnSpMtSl,GB-CIR-CLR-100ML-ASP-MSLV,Circle,100,Clear,Glass Bottle,circle-100ml-clear-18-415-antiquespray,https://www.bestbottles.com/images/store/enlarged_pics/GBCrcl100AnSpMtSl.gif
GBCrcl100AnSpPnk,GB-CIR-CLR-100ML-ASP-PNK,Circle,100,Clear,Glass Bottle,circle-100ml-clear-18-415-antiquespray,https://www.bestbottles.com/images/store/enlarged_pics/GBCrcl100AnSpPnk.gif
GBCrcl100AnSpRed,GB-CIR-CLR-100ML-ASP-RED,Circle,100,Clear,Glass Bottle,circle-100ml-clear-18-415-antiquespray,https://www.bestbottles.com/images/store/enlarged_pics/GBCrcl100AnSpRed.gif
GBCrcl100AnSpWht,GB-CIR-CLR-100ML-ASP-WHT,Circle,100,Clear,Glass Bottle,circle-100ml-clear-18-415-antiquespray,https://www.bestbottles.com/images/store/enlarged_pics/GBCrcl100AnSpWht.gif
GBCrcl100RdcrBlkLthr,GB-CIR-CLR-100ML-RDC-BKLT,Circle,100,Clear,Glass Bottle,circle-100ml-clear-18-415-reducer,https://www.bestbottles.com/images/store/enlarged_pics/GBCrcl100RdcrBlkLthr.gif
GBCrcl100RdcrBrwnLthr,GB-CIR-CLR-100ML-RDC-01,Circle,100,Clear,Glass Bottle,circle-100ml-clear-18-415-reducer,https://www.bestbottles.com/images/store/enlarged_pics/GBCrcl100RdcrBrwnLthr.gif
GBCrcl100RdcrIvyLthr,GB-CIR-CLR-100ML-RDC-IVR,Circle,100,Clear,Glass Bottle,circle-100ml-clear-18-415-reducer,https://www.bestbottles.com/images/store/enlarged_pics/GBCrcl100RdcrIvyLthr.gif
GBCrcl100RdcrLBrwnLthr,GB-CIR-CLR-100ML-RDC-02,Circle,100,Clear,Glass Bottle,circle-100ml-clear-18-415-reducer,https://www.bestbottles.com/images/store/enlarged_pics/GBCrcl100RdcrLBrwnLthr.gif
GBCrcl100RdcrMtSl,GB-CIR-CLR-100ML-RDC-MSLV,Circle,100,Clear,Glass Bottle,circle-100ml-clear-18-415-reducer,https://www.bestbottles.com/images/store/enlarged_pics/GBCrcl100RdcrMtSl.gif
GBCrcl100RdcrMtSlTall,GB-CIR-CLR-100ML-RDC-MSLV-T,Circle,100,Clear,Glass Bottle,circle-100ml-clear-18-415-reducer,https://www.bestbottles.com/images/store/enlarged_pics/GBCrcl100RdcrMtSlTall.gif
GBCrcl100RdcrPnkLthr,GB-CIR-CLR-100ML-RDC-PNK,Circle,100,Clear,Glass Bottle,circle-100ml-clear-18-415-reducer,https://www.bestbottles.com/images/store/enlarged_pics/GBCrcl100RdcrPnkLthr.gif
GBCrcl100RdcrShnBlk,GB-CIR-CLR-100ML-RDC-SBLK,Circle,100,Clear,Glass Bottle,circle-100ml-clear-18-415-reducer,https://www.bestbottles.com/images/store/enlarged_pics/GBCrcl100RdcrShnBlk.gif
GBCrcl100RdcrShnBlkTall,GB-CIR-CLR-100ML-RDC-SBLK-T,Circle,100,Clear,Glass Bottle,circle-100ml-clear-18-415-reducer,https://www.bestbottles.com/images/store/enlarged_pics/GBCrcl100RdcrShnBlkTall.gif
GBCrcl100RdcrShnGl,GB-CIR-CLR-100ML-RDC-SGLD,Circle,100,Clear,Glass Bottle,circle-100ml-clear-18-415-reducer,https://www.bestbottles.com/images/store/enlarged_pics/GBCrcl100RdcrShnGl.gif
GBCrcl100RdcrShnSl,GB-CIR-CLR-100ML-RDC-SSLV,Circle,100,Clear,Glass Bottle,circle-100ml-clear-18-415-reducer,https://www.bestbottles.com/images/store/enlarged_pics/GBCrcl100RdcrShnSl.gif
GBCrcl100RdcrWht,GB-CIR-CLR-100ML-RDC-WHT,Circle,100,Clear,Glass Bottle,circle-100ml-clear-18-415-reducer,https://www.bestbottles.com/images/store/enlarged_pics/GBCrcl100RdcrWht.gif
GBCrclFrst100AnSpBlk,GB-CIR-FRS-100ML-ASP-BLK,Circle,100,Frosted,Glass Bottle,circle-100ml-frosted-18-415-antiquespray,https://www.bestbottles.com/images/store/enlarged_pics/GBCrclFrst100AnSpBlk.gif
GBCrclFrst100AnSpGl,GB-CIR-FRS-100ML-ASP-SGLD,Circle,100,Frosted,Glass Bottle,circle-100ml-frosted-18-415-antiquespray,https://www.bestbottles.com/images/store/enlarged_pics/GBCrclFrst100AnSpGl.gif
GBCrclFrst100AnSpIvyGl,GB-CIR-FRS-100ML-ASP-IVGD,Circle,100,Frosted,Glass Bottle,circle-100ml-frosted-18-415-antiquespray,https://www.bestbottles.com/images/store/enlarged_pics/GBCrclFrst100AnSpIvyGl.gif
GBCrclFrst100AnSpIvySl,GB-CIR-FRS-100ML-ASP-IVSL,Circle,100,Frosted,Glass Bottle,circle-100ml-frosted-18-415-antiquespray,https://www.bestbottles.com/images/store/enlarged_pics/GBCrclFrst100AnSpIvySl.gif
GBCrclFrst100AnSpLvn,GB-CIR-FRS-100ML-ASP-LVN,Circle,100,Frosted,Glass Bottle,circle-100ml-frosted-18-415-antiquespray,https://www.bestbottles.com/images/store/enlarged_pics/GBCrclFrst100AnSpLvn.gif
GBCrclFrst100AnSpMtSl,GB-CIR-FRS-100ML-ASP-MSLV,Circle,100,Frosted,Glass Bottle,circle-100ml-frosted-18-415-antiquespray,https://www.bestbottles.com/images/store/enlarged_pics/GBCrclFrst100AnSpMtSl.gif
GBCrclFrst100AnSpPnk,GB-CIR-FRS-100ML-ASP-PNK,Circle,100,Frosted,Glass Bottle,circle-100ml-frosted-18-415-antiquespray,https://www.bestbottles.com/images/store/enlarged_pics/GBCrclFrst100AnSpPnk.gif
GBCrclFrst100AnSpRed,GB-CIR-FRS-100ML-ASP-RED,Circle,100,Frosted,Glass Bottle,circle-100ml-frosted-18-415-antiquespray,https://www.bestbottles.com/images/store/enlarged_pics/GBCrclFrst100AnSpRed.gif
GBCrclFrst100AnSpWht,GB-CIR-FRS-100ML-ASP-WHT,Circle,100,Frosted,Glass Bottle,circle-100ml-frosted-18-415-antiquespray,https://www.bestbottles.com/images/store/enlarged_pics/GBCrclFrst100AnSpWht.gif
GBCrclFrst100RdcrBlkLthr,GB-CIR-FRS-100ML-RDC-BLK,Circle,100,Frosted,Glass Bottle,circle-100ml-frosted-18-415-reducer,https://www.bestbottles.com/images/store/enlarged_pics/GBCrclFrst100RdcrBlkLthr.gif
GBCrclFrst100RdcrBrwnLthr,GB-CIR-FRS-100ML-RDC,Circle,100,Frosted,Glass Bottle,circle-100ml-frosted-18-415-reducer,https://www.bestbottles.com/images/store/enlarged_pics/GBCrclFrst100RdcrBrwnLthr.gif
GBCrclFrst100RdcrIvyLthr,GB-CIR-FRS-100ML-RDC-IVR,Circle,100,Frosted,Glass Bottle,circle-100ml-frosted-18-415-reducer,https://www.bestbottles.com/images/store/enlarged_pics/GBCrclFrst100RdcrIvyLthr.gif
GBCrclFrst100RdcrLBrwnLthr,GB-CIR-FRS-100ML-RDC-LBLT,Circle,100,Frosted,Glass Bottle,circle-100ml-frosted-18-415-reducer,https://www.bestbottles.com/images/store/enlarged_pics/GBCrclFrst100RdcrLBrwnLthr.gif
GBCrclFrst100RdcrMtSl,GB-CIR-FRS-100ML-RDC-MSLV,Circle,100,Frosted,Glass Bottle,circle-100ml-frosted-18-415-reducer,https://www.bestbottles.com/images/store/enlarged_pics/GBCrclFrst100RdcrMtSl.gif
GBCrclFrst100RdcrMtSlTall,GB-CIR-FRS-100ML-RDC-MSLV-T,Circle,100,Frosted,Glass Bottle,circle-100ml-frosted-18-415-reducer,https://www.bestbottles.com/images/store/enlarged_pics/GBCrclFrst100RdcrMtSlTall.gif
GBCrclFrst100RdcrPnkLthr,GB-CIR-FRS-100ML-RDC-PNK,Circle,100,Frosted,Glass Bottle,circle-100ml-frosted-18-415-reducer,https://www.bestbottles.com/images/store/enlarged_pics/GBCrclFrst100RdcrPnkLthr.gif
GBCrclFrst100RdcrShnBlk,GB-CIR-FRS-100ML-RDC-SBLK,Circle,100,Frosted,Glass Bottle,circle-100ml-frosted-18-415-reducer,https://www.bestbottles.com/images/store/enlarged_pics/GBCrclFrst100RdcrShnBlk.gif
GBCrclFrst100RdcrShnBlkTall,GB-CIR-FRS-100ML-RDC-SBLK-T,Circle,100,Frosted,Glass Bottle,circle-100ml-frosted-18-415-reducer,https://www.bestbottles.com/images/store/enlarged_pics/GBCrclFrst100RdcrShnBlkTall.gif
GBCrclFrst100RdcrShnGl,GB-CIR-FRS-100ML-RDC-SGLD,Circle,100,Frosted,Glass Bottle,circle-100ml-frosted-18-415-reducer,https://www.bestbottles.com/images/store/enlarged_pics/GBCrclFrst100RdcrShnGl.gif
GBCrclFrst100RdcrShnSl,GB-CIR-FRS-100ML-RDC-SSLV,Circle,100,Frosted,Glass Bottle,circle-100ml-frosted-18-415-reducer,https://www.bestbottles.com/images/store/enlarged_pics/GBCrclFrst100RdcrShnSl.gif
GBCrclFrst100RdcrWht,GB-CIR-FRS-100ML-RDC-WHT,Circle,100,Frosted,Glass Bottle,circle-100ml-frosted-18-415-reducer,https://www.bestbottles.com/images/store/enlarged_pics/GBCrclFrst100RdcrWht.gif
GBDmnd2ozAnSpBlk,GB-DMD-CLR-60ML-ASP-BLK,Diamond,60,Clear,Glass Bottle,diamond-60ml-clear-18-415-antiquespray,https://www.bestbottles.com/images/store/enlarged_pics/GBDmnd2ozAnSpBlk.gif
GBDmnd2ozAnSpGl,GB-DMD-CLR-60ML-ASP-GLD,Diamond,60,Clear,Glass Bottle,diamond-60ml-clear-18-415-antiquespray,https://www.bestbottles.com/images/store/enlarged_pics/GBDmnd2ozAnSpGl.gif
GBDmnd2ozAnSpIvyGl,GB-DMD-CLR-60ML-ASP-IVGD,Diamond,60,Clear,Glass Bottle,diamond-60ml-clear-18-415-antiquespray,https://www.bestbottles.com/images/store/enlarged_pics/GBDmnd2ozAnSpIvyGl.gif
GBDmnd2ozAnSpIvySl,GB-DMD-CLR-60ML-ASP-IVSL,Diamond,60,Clear,Glass Bottle,diamond-60ml-clear-18-415-antiquespray,https://www.bestbottles.com/images/store/enlarged_pics/GBDmnd2ozAnSpIvySl.gif
GBDmnd2ozAnSpLvn,GB-DMD-CLR-60ML-ASP-LVN,Diamond,60,Clear,Glass Bottle,diamond-60ml-clear-18-415-antiquespray,https://www.bestbottles.com/images/store/enlarged_pics/GBDmnd2ozAnSpLvn.gif
GBDmnd2ozAnSpMtSl,GB-DMD-CLR-60ML-ASP-MSLV,Diamond,60,Clear,Glass Bottle,diamond-60ml-clear-18-415-antiquespray,https://www.bestbottles.com/images/store/enlarged_pics/GBDmnd2ozAnSpMtSl.gif
GBDmnd2ozAnSpPnk,GB-DMD-CLR-60ML-ASP-PNK,Diamond,60,Clear,Glass Bottle,diamond-60ml-clear-18-415-antiquespray,https://www.bestbottles.com/images/store/enlarged_pics/GBDmnd2ozAnSpPnk.gif
GBDmnd2ozAnSpRed,GB-DMD-CLR-60ML-ASP-RED,Diamond,60,Clear,Glass Bottle,diamond-60ml-clear-18-415-antiquespray,https://www.bestbottles.com/images/store/enlarged_pics/GBDmnd2ozAnSpRed.gif
GBDmnd2ozAnSpTslBlk,GB-DMD-CLR-60ML-AST-BLK,Diamond,60,Clear,Glass Bottle,diamond-60ml-clear-18-415-antiquespray-tassel,https://www.bestbottles.com/images/store/enlarged_pics/GBDmnd2ozAnSpTslBlk.gif
GBDmnd2ozAnSpTslGl,GB-DMD-CLR-60ML-AST-GLD,Diamond,60,Clear,Glass Bottle,diamond-60ml-clear-18-415-antiquespray-tassel,https://www.bestbottles.com/images/store/enlarged_pics/GBDmnd2ozAnSpTslGl.gif
GBDmnd2ozAnSpTslIvyGl,GB-DMD-CLR-60ML-AST-IVGD,Diamond,60,Clear,Glass Bottle,diamond-60ml-clear-18-415-antiquespray-tassel,https://www.bestbottles.com/images/store/enlarged_pics/GBDmnd2ozAnSpTslIvyGl.gif
GBDmnd2ozAnSpTslIvySl,GB-DMD-CLR-60ML-AST-IVSL,Diamond,60,Clear,Glass Bottle,diamond-60ml-clear-18-415-antiquespray-tassel,https://www.bestbottles.com/images/store/enlarged_pics/GBDmnd2ozAnSpTslIvySl.gif
GBDmnd2ozAnSpTslLvn,GB-DMD-CLR-60ML-AST-LVN,Diamond,60,Clear,Glass Bottle,diamond-60ml-clear-18-415-antiquespray-tassel,https://www.bestbottles.com/images/store/enlarged_pics/GBDmnd2ozAnSpTslLvn.gif
GBDmnd2ozAnSpTslMtSl,GB-DMD-CLR-60ML-AST-MSLV,Diamond,60,Clear,Glass Bottle,diamond-60ml-clear-18-415-antiquespray-tassel,https://www.bestbottles.com/images/store/enlarged_pics/GBDmnd2ozAnSpTslMtSl.gif
GBDmnd2ozAnSpTslPnk,GB-DMD-CLR-60ML-AST-PNK,Diamond,60,Clear,Glass Bottle,diamond-60ml-clear-18-415-antiquespray-tassel,https://www.bestbottles.com/images/store/enlarged_pics/GBDmnd2ozAnSpTslPnk.gif
GBDmnd2ozAnSpTslRed,GB-DMD-CLR-60ML-AST-RED,Diamond,60,Clear,Glass Bottle,diamond-60ml-clear-18-415-antiquespray-tassel,https://www.bestbottles.com/images/store/enlarged_pics/GBDmnd2ozAnSpTslRed.gif
GBDmnd2ozAnSpTslWht,GB-DMD-CLR-60ML-AST-WHT,Diamond,60,Clear,Glass Bottle,diamond-60ml-clear-18-415-antiquespray-tassel,https://www.bestbottles.com/images/store/enlarged_pics/GBDmnd2ozAnSpTslWht.gif
GBDmnd2ozAnSpWht,GB-DMD-CLR-60ML-ASP-WHT,Diamond,60,Clear,Glass Bottle,diamond-60ml-clear-18-415-antiquespray,https://www.bestbottles.com/images/store/enlarged_pics/GBDmnd2ozAnSpWht.gif
GBDmnd2ozRdcrBlkLthr,GB-DMD-CLR-60ML-RDC-BKLT,Diamond,60,Clear,Glass Bottle,diamond-60ml-clear-18-415-reducer,https://www.bestbottles.com/images/store/enlarged_pics/GBDmnd2ozRdcrBlkLthr.gif
GBDmnd2ozRdcrBrwnLthr,GB-DMD-CLR-60ML-RDC-BRLT,Diamond,60,Clear,Glass Bottle,diamond-60ml-clear-18-415-reducer,https://www.bestbottles.com/images/store/enlarged_pics/GBDmnd2ozRdcrBrwnLthr.gif
GBDmnd2ozRdcrIvyLthr,GB-DMD-CLR-60ML-RDC-IVLT,Diamond,60,Clear,Glass Bottle,diamond-60ml-clear-18-415-reducer,https://www.bestbottles.com/images/store/enlarged_pics/GBDmnd2ozRdcrIvyLthr.gif
GBDmnd2ozRdcrLBrwnLthr,GB-DMD-CLR-60ML-RDC-LBLT,Diamond,60,Clear,Glass Bottle,diamond-60ml-clear-18-415-reducer,https://www.bestbottles.com/images/store/enlarged_pics/GBDmnd2ozRdcrLBrwnLthr.gif
GBDmnd2ozRdcrMtSl,GB-DMD-CLR-60ML-RDC-MSLV,Diamond,60,Clear,Glass Bottle,diamond-60ml-clear-18-415-reducer,https://www.bestbottles.com/images/store/enlarged_pics/GBDmnd2ozRdcrMtSl.gif
GBDmnd2ozRdcrMtSlTall,GB-DMD-CLR-60ML-RDC-MSLV-T,Diamond,60,Clear,Glass Bottle,diamond-60ml-clear-18-415-reducer,https://www.bestbottles.com/images/store/enlarged_pics/GBDmnd2ozRdcrMtSlTall.gif
GBDmnd2ozRdcrPnkLthr,GB-DMD-CLR-60ML-RDC-PKLT,Diamond,60,Clear,Glass Bottle,diamond-60ml-clear-18-415-reducer,https://www.bestbottles.com/images/store/enlarged_pics/GBDmnd2ozRdcrPnkLthr.gif
GBDmnd2ozRdcrShnBlk,GB-DMD-CLR-60ML-RDC-SBLK,Diamond,60,Clear,Glass Bottle,diamond-60ml-clear-18-415-reducer,https://www.bestbottles.com/images/store/enlarged_pics/GBDmnd2ozRdcrShnBlk.gif
GBDmnd2ozRdcrShnBlkTall,GB-DMD-CLR-60ML-RDC-SBLK-T,Diamond,60,Clear,Glass Bottle,diamond-60ml-clear-18-415-reducer,https://www.bestbottles.com/images/store/enlarged_pics/GBDmnd2ozRdcrShnBlkTall.gif
GBDmnd2ozRdcrShnGl,GB-DMD-CLR-60ML-RDC-SGLD,Diamond,60,Clear,Glass Bottle,diamond-60ml-clear-18-415-reducer,https://www.bestbottles.com/images/store/enlarged_pics/GBDmnd2ozRdcrShnGl.gif
GBDmnd2ozRdcrShnSl,GB-DMD-CLR-60ML-RDC-SSLV,Diamond,60,Clear,Glass Bottle,diamond-60ml-clear-18-415-reducer,https://www.bestbottles.com/images/store/enlarged_pics/GBDmnd2ozRdcrShnSl.gif
GBDmnd2ozRdcrWht,GB-DMD-CLR-60ML-RDC-WHT,Diamond,60,Clear,Glass Bottle,diamond-60ml-clear-18-415-reducer,https://www.bestbottles.com/images/store/enlarged_pics/GBDmnd2ozRdcrWht.gif
GBDiva30AnSpBlk,GB-DVA-CLR-30ML-ASP-BLK,Diva,30,Clear,Glass Bottle,diva-30ml-clear-18-415-antiquespray,https://www.bestbottles.com/images/store/enlarged_pics/GBDiva30AnSpBlk.gif
GBDiva30AnSpGl,GB-DVA-CLR-30ML-ASP-GLD,Diva,30,Clear,Glass Bottle,diva-30ml-clear-18-415-antiquespray,https://www.bestbottles.com/images/store/enlarged_pics/GBDiva30AnSpGl.gif
GBDiva30AnSpIvyGl,GB-DVA-CLR-30ML-ASP-IVGD,Diva,30,Clear,Glass Bottle,diva-30ml-clear-18-415-antiquespray,https://www.bestbottles.com/images/store/enlarged_pics/GBDiva30AnSpIvyGl.gif
GBDiva30AnSpIvySl,GB-DVA-CLR-30ML-ASP-IVSL,Diva,30,Clear,Glass Bottle,diva-30ml-clear-18-415-antiquespray,https://www.bestbottles.com/images/store/enlarged_pics/GBDiva30AnSpIvySl.gif
GBDiva30AnSpLvn,GB-DVA-CLR-30ML-ASP-LVN,Diva,30,Clear,Glass Bottle,diva-30ml-clear-18-415-antiquespray,https://www.bestbottles.com/images/store/enlarged_pics/GBDiva30AnSpLvn.gif
GBDiva30AnSpMtSl,GB-DVA-CLR-30ML-ASP-MSLV,Diva,30,Clear,Glass Bottle,diva-30ml-clear-18-415-antiquespray,https://www.bestbottles.com/images/store/enlarged_pics/GBDiva30AnSpMtSl.gif
GBDiva30AnSpPnk,GB-DVA-CLR-30ML-ASP-PNK,Diva,30,Clear,Glass Bottle,diva-30ml-clear-18-415-antiquespray,https://www.bestbottles.com/images/store/enlarged_pics/GBDiva30AnSpPnk.gif
GBDiva30AnSpRed,GB-DVA-CLR-30ML-ASP-RED,Diva,30,Clear,Glass Bottle,diva-30ml-clear-18-415-antiquespray,https://www.bestbottles.com/images/store/enlarged_pics/GBDiva30AnSpRed.gif
GBDiva30AnSpWht,GB-DVA-CLR-30ML-ASP-WHT,Diva,30,Clear,Glass Bottle,diva-30ml-clear-18-415-antiquespray,https://www.bestbottles.com/images/store/enlarged_pics/GBDiva30AnSpWht.gif
GBDiva46AnSpBlk,GB-DVA-CLR-46ML-ASP-BLK,Diva,46,Clear,Glass Bottle,diva-46ml-clear-18-415-antiquespray,https://www.bestbottles.com/images/store/enlarged_pics/GBDiva46AnSpBlk.gif
GBDiva46AnSpGl,GB-DVA-CLR-46ML-ASP-GLD,Diva,46,Clear,Glass Bottle,diva-46ml-clear-18-415-antiquespray,https://www.bestbottles.com/images/store/enlarged_pics/GBDiva46AnSpGl.gif
GBDiva46AnSpIvyGl,GB-DVA-CLR-46ML-ASP-IVGD,Diva,46,Clear,Glass Bottle,diva-46ml-clear-18-415-antiquespray,https://www.bestbottles.com/images/store/enlarged_pics/GBDiva46AnSpIvyGl.gif
GBDiva46AnSpIvySl,GB-DVA-CLR-46ML-ASP-IVSL,Diva,46,Clear,Glass Bottle,diva-46ml-clear-18-415-antiquespray,https://www.bestbottles.com/images/store/enlarged_pics/GBDiva46AnSpIvySl.gif
GBDiva46AnSpLvn,GB-DVA-CLR-46ML-T-03,Diva,46,Clear,Glass Bottle,diva-46ml-clear-18-415-antiquespray,https://www.bestbottles.com/images/store/enlarged_pics/GBDiva46AnSpLvn.gif
GBDiva46AnSpMtSl,GB-DVA-CLR-46ML-ASP-MSLV,Diva,46,Clear,Glass Bottle,diva-46ml-clear-18-415-antiquespray,https://www.bestbottles.com/images/store/enlarged_pics/GBDiva46AnSpMtSl.gif
GBDiva46AnSpPnk,GB-DVA-CLR-46ML-ASP-PNK,Diva,46,Clear,Glass Bottle,diva-46ml-clear-18-415-antiquespray,https://www.bestbottles.com/images/store/enlarged_pics/GBDiva46AnSpPnk.gif
GBDiva46AnSpRed,GB-DVA-CLR-46ML-ASP-RED,Diva,46,Clear,Glass Bottle,diva-46ml-clear-18-415-antiquespray,https://www.bestbottles.com/images/store/enlarged_pics/GBDiva46AnSpRed.gif
GBDiva46AnSpTslBlk,GB-DVA-CLR-46ML-AST-BLK,Diva,46,Clear,Glass Bottle,diva-46ml-clear-18-415-antiquespray-tassel,https://www.bestbottles.com/images/store/enlarged_pics/GBDiva46AnSpTslBlk.gif
GBDiva46AnSpWht,GB-DVA-CLR-46ML-ASP-WHT,Diva,46,Clear,Glass Bottle,diva-46ml-clear-18-415-antiquespray,https://www.bestbottles.com/images/store/enlarged_pics/GBDiva46AnSpWht.gif
GBDiva46AnSpWhtRng,GB-DVA-CLR-46ML-T-11,Diva,46,Clear,Glass Bottle,diva-46ml-clear-18-415-antiquespray,https://www.bestbottles.com/images/store/enlarged_pics/GBDiva46AnSpWhtRng.gif
GBDiva46RdcrBlkLthr,GB-DVA-CLR-46ML-RDC-BKLT,Diva,46,Clear,Glass Bottle,diva-46ml-clear-18-415-reducer,https://www.bestbottles.com/images/store/enlarged_pics/GBDiva46RdcrBlkLthr.gif
GBDiva46RdcrBrwnLthr,GB-DVA-CLR-46ML-RDC-BRLT,Diva,46,Clear,Glass Bottle,diva-46ml-clear-18-415-reducer,https://www.bestbottles.com/images/store/enlarged_pics/GBDiva46RdcrBrwnLthr.gif
GBDiva46RdcrIvyLthr,GB-DVA-CLR-46ML-RDC-IVLT,Diva,46,Clear,Glass Bottle,diva-46ml-clear-18-415-reducer,https://www.bestbottles.com/images/store/enlarged_pics/GBDiva46RdcrIvyLthr.gif
GBDiva46RdcrLBrwnLthr,GB-DVA-CLR-46ML-RDC-LBLT,Diva,46,Clear,Glass Bottle,diva-46ml-clear-18-415-reducer,https://www.bestbottles.com/images/store/enlarged_pics/GBDiva46RdcrLBrwnLthr.gif
GBDiva46RdcrMtSl,GB-DVA-CLR-46ML-RDC-MSLV,Diva,46,Clear,Glass Bottle,diva-46ml-clear-18-415-reducer,https://www.bestbottles.com/images/store/enlarged_pics/GBDiva46RdcrMtSl.gif
GBDiva46RdcrMtSlTall,GB-DVA-CLR-46ML-RDC-MSLV-T,Diva,46,Clear,Glass Bottle,diva-46ml-clear-18-415-reducer,https://www.bestbottles.com/images/store/enlarged_pics/GBDiva46RdcrMtSlTall.gif
GBDiva46RdcrPnkLthr,GB-DVA-CLR-46ML-RDC-PKLT,Diva,46,Clear,Glass Bottle,diva-46ml-clear-18-415-reducer,https://www.bestbottles.com/images/store/enlarged_pics/GBDiva46RdcrPnkLthr.gif
GBDiva46RdcrShnBlk,GB-DVA-CLR-46ML-RDC-SBLK,Diva,46,Clear,Glass Bottle,diva-46ml-clear-18-415-reducer,https://www.bestbottles.com/images/store/enlarged_pics/GBDiva46RdcrShnBlk.gif
GBDiva46RdcrShnBlkTall,GB-DVA-CLR-46ML-RDC-SBLK-T,Diva,46,Clear,Glass Bottle,diva-46ml-clear-18-415-reducer,https://www.bestbottles.com/images/store/enlarged_pics/GBDiva46RdcrShnBlkTall.gif
GBDiva46RdcrShnGl,GB-DVA-CLR-46ML-RDC-SGLD,Diva,46,Clear,Glass Bottle,diva-46ml-clear-18-415-reducer,https://www.bestbottles.com/images/store/enlarged_pics/GBDiva46RdcrShnGl.gif
GBDiva46RdcrShnSl,GB-DVA-CLR-46ML-RDC-SSLV,Diva,46,Clear,Glass Bottle,diva-46ml-clear-18-415-reducer,https://www.bestbottles.com/images/store/enlarged_pics/GBDiva46RdcrShnSl.gif
GBDiva46RdcrWht,GB-DVA-CLR-46ML-RDC-WHT,Diva,46,Clear,Glass Bottle,diva-46ml-clear-18-415-reducer,https://www.bestbottles.com/images/store/enlarged_pics/GBDiva46RdcrWht.gif
GBDivaFrst46AnSpBlk,GB-DVA-FRS-46ML-T-12,Diva,46,Frosted,Glass Bottle,diva-46ml-frosted-18-415-antiquespray,https://www.bestbottles.com/images/store/enlarged_pics/GBDivaFrst46AnSpBlk.gif
GBDivaFrst46AnSpGl,GB-DVA-FRS-46ML-T-13,Diva,46,Frosted,Glass Bottle,diva-46ml-frosted-18-415-antiquespray,https://www.bestbottles.com/images/store/enlarged_pics/GBDivaFrst46AnSpGl.gif
GBDivaFrst46AnSpIvyGl,GB-DVA-FRS-46ML-T-14,Diva,46,Frosted,Glass Bottle,diva-46ml-frosted-18-415-antiquespray,https://www.bestbottles.com/images/store/enlarged_pics/GBDivaFrst46AnSpIvyGl.gif
GBDivaFrst46AnSpIvySl,GB-DVA-FRS-46ML-T-15,Diva,46,Frosted,Glass Bottle,diva-46ml-frosted-18-415-antiquespray,https://www.bestbottles.com/images/store/enlarged_pics/GBDivaFrst46AnSpIvySl.gif
GBDivaFrst46AnSpLvn,GB-DVA-FRS-46ML-T-16,Diva,46,Frosted,Glass Bottle,diva-46ml-frosted-18-415-antiquespray,https://www.bestbottles.com/images/store/enlarged_pics/GBDivaFrst46AnSpLvn.gif
GBDivaFrst46AnSpMtSl,GB-DVA-FRS-46ML-T-17,Diva,46,Frosted,Glass Bottle,diva-46ml-frosted-18-415-antiquespray,https://www.bestbottles.com/images/store/enlarged_pics/GBDivaFrst46AnSpMtSl.gif
GBDivaFrst46AnSpPnk,GB-DVA-FRS-46ML-T-18,Diva,46,Frosted,Glass Bottle,diva-46ml-frosted-18-415-antiquespray,https://www.bestbottles.com/images/store/enlarged_pics/GBDivaFrst46AnSpPnk.gif
GBDivaFrst46AnSpRed,GB-DVA-FRS-46ML-T-19,Diva,46,Frosted,Glass Bottle,diva-46ml-frosted-18-415-antiquespray,https://www.bestbottles.com/images/store/enlarged_pics/GBDivaFrst46AnSpRed.gif
GBDivaFrst46AnSpWht,GB-DVA-FRS-46ML-T-29,Diva,46,Frosted,Glass Bottle,diva-46ml-frosted-18-415-antiquespray,https://www.bestbottles.com/images/store/enlarged_pics/GBDivaFrst46AnSpWht.gif
GBDivaFrst46RdcrBlkLthr,GB-DVA-FRS-46ML-T-30,Diva,46,Frosted,Glass Bottle,diva-46ml-frosted-18-415-reducer,https://www.bestbottles.com/images/store/enlarged_pics/GBDivaFrst46RdcrBlkLthr.gif
GBDivaFrst46RdcrBrwnLthr,GB-DVA-FRS-46ML-T-31,Diva,46,Frosted,Glass Bottle,diva-46ml-frosted-18-415-reducer,https://www.bestbottles.com/images/store/enlarged_pics/GBDivaFrst46RdcrBrwnLthr.gif
GBDivaFrst46RdcrIvyLthr,GB-DVA-FRS-46ML-T-32,Diva,46,Frosted,Glass Bottle,diva-46ml-frosted-18-415-reducer,https://www.bestbottles.com/images/store/enlarged_pics/GBDivaFrst46RdcrIvyLthr.gif
GBDivaFrst46RdcrLBrwnLthr,GB-DVA-FRS-46ML-T-33,Diva,46,Frosted,Glass Bottle,diva-46ml-frosted-18-415-reducer,https://www.bestbottles.com/images/store/enlarged_pics/GBDivaFrst46RdcrLBrwnLthr.gif
GBDivaFrst46RdcrMtSl,GB-DVA-FRS-46ML-T-34,Diva,46,Frosted,Glass Bottle,diva-46ml-frosted-18-415-reducer,https://www.bestbottles.com/images/store/enlarged_pics/GBDivaFrst46RdcrMtSl.gif
GBDivaFrst46RdcrMtSlTall,GB-DVA-FRS-46ML-T-35,Diva,46,Frosted,Glass Bottle,diva-46ml-frosted-18-415-reducer,https://www.bestbottles.com/images/store/enlarged_pics/GBDivaFrst46RdcrMtSlTall.gif
GBDivaFrst46RdcrPnkLthr,GB-DVA-FRS-46ML-T-36,Diva,46,Frosted,Glass Bottle,diva-46ml-frosted-18-415-reducer,https://www.bestbottles.com/images/store/enlarged_pics/GBDivaFrst46RdcrPnkLthr.gif
GBDivaFrst46RdcrShnBlk,GB-DVA-FRS-46ML-T-37,Diva,46,Frosted,Glass Bottle,diva-46ml-frosted-18-415-reducer,https://www.bestbottles.com/images/store/enlarged_pics/GBDivaFrst46RdcrShnBlk.gif
GBDivaFrst46RdcrShnBlkTall,GB-DVA-FRS-46ML-T-38,Diva,46,Frosted,Glass Bottle,diva-46ml-frosted-18-415-reducer,https://www.bestbottles.com/images/store/enlarged_pics/GBDivaFrst46RdcrShnBlkTall.gif
GBDivaFrst46RdcrShnGl,GB-DVA-FRS-46ML-T-39,Diva,46,Frosted,Glass Bottle,diva-46ml-frosted-18-415-reducer,https://www.bestbottles.com/images/store/enlarged_pics/GBDivaFrst46RdcrShnGl.gif
GBDivaFrst46RdcrShnSl,GB-DVA-FRS-46ML-T-40,Diva,46,Frosted,Glass Bottle,diva-46ml-frosted-18-415-reducer,https://www.bestbottles.com/images/store/enlarged_pics/GBDivaFrst46RdcrShnSl.gif
GBDivaFrst46RdcrWht,GB-DVA-FRS-46ML-T-41,Diva,46,Frosted,Glass Bottle,diva-46ml-frosted-18-415-reducer,https://www.bestbottles.com/images/store/enlarged_pics/GBDivaFrst46RdcrWht.gif
GBDiva100AnSpBlk,GB-DVA-CLR-100ML-ASP-BLK,Diva,100,Clear,Glass Bottle,diva-100ml-clear-18-415-antiquespray,https://www.bestbottles.com/images/store/enlarged_pics/GBDiva100AnSpBlk.gif
GBDiva100AnSpGl,GB-DVA-CLR-100ML-ASP-GLD,Diva,100,Clear,Glass Bottle,diva-100ml-clear-18-415-antiquespray,https://www.bestbottles.com/images/store/enlarged_pics/GBDiva100AnSpGl.gif
GBDiva100AnSpIvyGl,GB-DVA-CLR-100ML-ASP-IVGD,Diva,100,Clear,Glass Bottle,diva-100ml-clear-18-415-antiquespray,https://www.bestbottles.com/images/store/enlarged_pics/GBDiva100AnSpIvyGl.gif
GBDiva100AnSpIvySl,GB-DVA-CLR-100ML-ASP-IVSL,Diva,100,Clear,Glass Bottle,diva-100ml-clear-18-415-antiquespray,https://www.bestbottles.com/images/store/enlarged_pics/GBDiva100AnSpIvySl.gif
GBDiva100AnSpLvn,GB-DVA-CLR-100ML-ASP-LVN,Diva,100,Clear,Glass Bottle,diva-100ml-clear-18-415-antiquespray,https://www.bestbottles.com/images/store/enlarged_pics/GBDiva100AnSpLvn.gif
GBDiva100AnSpMtSl,GB-DVA-CLR-100ML-ASP-MSLV,Diva,100,Clear,Glass Bottle,diva-100ml-clear-18-415-antiquespray,https://www.bestbottles.com/images/store/enlarged_pics/GBDiva100AnSpMtSl.gif
GBDiva100AnSpPnk,GB-DVA-CLR-100ML-ASP-PNK,Diva,100,Clear,Glass Bottle,diva-100ml-clear-18-415-antiquespray,https://www.bestbottles.com/images/store/enlarged_pics/GBDiva100AnSpPnk.gif
GBDiva100AnSpRed,GB-DVA-CLR-100ML-ASP-RED,Diva,100,Clear,Glass Bottle,diva-100ml-clear-18-415-antiquespray,https://www.bestbottles.com/images/store/enlarged_pics/GBDiva100AnSpRed.gif
GBDiva100AnSpTslBlk,GB-DVA-CLR-100ML-AST-BLK,Diva,100,Clear,Glass Bottle,diva-100ml-clear-18-415-antiquespray-tassel,https://www.bestbottles.com/images/store/enlarged_pics/GBDiva100AnSpTslBlk.gif
GBDiva100AnSpTslGl,GB-DVA-CLR-100ML-AST-GLD,Diva,100,Clear,Glass Bottle,diva-100ml-clear-18-415-antiquespray-tassel,https://www.bestbottles.com/images/store/enlarged_pics/GBDiva100AnSpTslGl.gif
GBDiva100AnSpTslIvyGl,GB-DVA-CLR-100ML-AST-IVGD,Diva,100,Clear,Glass Bottle,diva-100ml-clear-18-415-antiquespray-tassel,https://www.bestbottles.com/images/store/enlarged_pics/GBDiva100AnSpTslIvyGl.gif
GBDiva100AnSpTslIvySl,GB-DVA-CLR-100ML-AST-IVSL,Diva,100,Clear,Glass Bottle,diva-100ml-clear-18-415-antiquespray-tassel,https://www.bestbottles.com/images/store/enlarged_pics/GBDiva100AnSpTslIvySl.gif
GBDiva100AnSpTslMtSl,GB-DVA-CLR-100ML-AST-MSLV,Diva,100,Clear,Glass Bottle,diva-100ml-clear-18-415-antiquespray-tassel,https://www.bestbottles.com/images/store/enlarged_pics/GBDiva100AnSpTslMtSl.gif
GBDiva100AnSpTslRed,GB-DVA-CLR-100ML-AST-RED,Diva,100,Clear,Glass Bottle,diva-100ml-clear-18-415-antiquespray-tassel,https://www.bestbottles.com/images/store/enlarged_pics/GBDiva100AnSpTslRed.gif
GBDiva100AnSpTslWht,GB-DVA-CLR-100ML-AST-WHT,Diva,100,Clear,Glass Bottle,diva-100ml-clear-18-415-antiquespray-tassel,https://www.bestbottles.com/images/store/enlarged_pics/GBDiva100AnSpTslWht.gif
GBDiva100AnSpWht,GB-DVA-CLR-100ML-ASP-WHT,Diva,100,Clear,Glass Bottle,diva-100ml-clear-18-415-antiquespray,https://www.bestbottles.com/images/store/enlarged_pics/GBDiva100AnSpWht.gif
GBDiva100RdcrBlkLthr,GB-DVA-CLR-100ML-RDC-BKLT,Diva,100,Clear,Glass Bottle,diva-100ml-clear-18-415-reducer,https://www.bestbottles.com/images/store/enlarged_pics/GBDiva100RdcrBlkLthr.gif
GBDiva100RdcrBrwnLthr,GB-DVA-CLR-100ML-RDC-BRLT,Diva,100,Clear,Glass Bottle,diva-100ml-clear-18-415-reducer,https://www.bestbottles.com/images/store/enlarged_pics/GBDiva100RdcrBrwnLthr.gif
GBDiva100RdcrIvyLthr,GB-DVA-CLR-100ML-RDC-IVLT,Diva,100,Clear,Glass Bottle,diva-100ml-clear-18-415-reducer,https://www.bestbottles.com/images/store/enlarged_pics/GBDiva100RdcrIvyLthr.gif
GBDiva100RdcrLBrwnLthr,GB-DVA-CLR-100ML-RDC-LBLT,Diva,100,Clear,Glass Bottle,diva-100ml-clear-18-415-reducer,https://www.bestbottles.com/images/store/enlarged_pics/GBDiva100RdcrLBrwnLthr.gif
GBDiva100RdcrMtSl,GB-DVA-CLR-100ML-RDC-MSLV,Diva,100,Clear,Glass Bottle,diva-100ml-clear-18-415-reducer,https://www.bestbottles.com/images/store/enlarged_pics/GBDiva100RdcrMtSl.gif
GBDiva100RdcrMtSlTall,GB-DVA-CLR-100ML-RDC-MSLV-T,Diva,100,Clear,Glass Bottle,diva-100ml-clear-18-415-reducer,https://www.bestbottles.com/images/store/enlarged_pics/GBDiva100RdcrMtSlTall.gif
GBDiva100RdcrPnkLthr,GB-DVA-CLR-100ML-RDC-PKLT,Diva,100,Clear,Glass Bottle,diva-100ml-clear-18-415-reducer,https://www.bestbottles.com/images/store/enlarged_pics/GBDiva100RdcrPnkLthr.gif
GBDiva100RdcrShnBlk,GB-DVA-CLR-100ML-RDC-SBLK,Diva,100,Clear,Glass Bottle,diva-100ml-clear-18-415-reducer,https://www.bestbottles.com/images/store/enlarged_pics/GBDiva100RdcrShnBlk.gif
GBDiva100RdcrShnBlkTall,GB-DVA-CLR-100ML-RDC-SBLK-T,Diva,100,Clear,Glass Bottle,diva-100ml-clear-18-415-reducer,https://www.bestbottles.com/images/store/enlarged_pics/GBDiva100RdcrShnBlkTall.gif
GBDiva100RdcrShnGl,GB-DVA-CLR-100ML-RDC-SGLD,Diva,100,Clear,Glass Bottle,diva-100ml-clear-18-415-reducer,https://www.bestbottles.com/images/store/enlarged_pics/GBDiva100RdcrShnGl.gif
GBDiva100RdcrShnSl,GB-DVA-CLR-100ML-RDC-SSLV,Diva,100,Clear,Glass Bottle,diva-100ml-clear-18-415-reducer,https://www.bestbottles.com/images/store/enlarged_pics/GBDiva100RdcrShnSl.gif
GBDiva100RdcrWht,GB-DVA-CLR-100ML-RDC-WHT,Diva,100,Clear,Glass Bottle,diva-100ml-clear-18-415-reducer,https://www.bestbottles.com/images/store/enlarged_pics/GBDiva100RdcrWht.gif
GBElg60AnSpBlk,GB-ELG-CLR-60ML-ASP-BLK,Elegant,60,Clear,Glass Bottle,elegant-60ml-clear-18-415-antiquespray,https://www.bestbottles.com/images/store/enlarged_pics/GBElg60AnSpBlk.gif
GBElg60AnSpGl,GB-ELG-CLR-60ML-ASP-SGLD,Elegant,60,Clear,Glass Bottle,elegant-60ml-clear-18-415-antiquespray,https://www.bestbottles.com/images/store/enlarged_pics/GBElg60AnSpGl.gif
GBElg60AnSpIvyGl,GB-ELG-CLR-60ML-ASP-IVGD,Elegant,60,Clear,Glass Bottle,elegant-60ml-clear-18-415-antiquespray,https://www.bestbottles.com/images/store/enlarged_pics/GBElg60AnSpIvyGl.gif
GBElg60AnSpIvySl,GB-ELG-CLR-60ML-ASP-IVSL,Elegant,60,Clear,Glass Bottle,elegant-60ml-clear-18-415-antiquespray,https://www.bestbottles.com/images/store/enlarged_pics/GBElg60AnSpIvySl.gif
GBElg60AnSpLvn,GB-ELG-CLR-60ML-ASP-LVN,Elegant,60,Clear,Glass Bottle,elegant-60ml-clear-18-415-antiquespray,https://www.bestbottles.com/images/store/enlarged_pics/GBElg60AnSpLvn.gif
GBElg60AnSpMtSl,GB-ELG-CLR-60ML-ASP-MSLV,Elegant,60,Clear,Glass Bottle,elegant-60ml-clear-18-415-antiquespray,https://www.bestbottles.com/images/store/enlarged_pics/GBElg60AnSpMtSl.gif
GBElg60AnSpPnk,GB-ELG-CLR-60ML-ASP-PNK,Elegant,60,Clear,Glass Bottle,elegant-60ml-clear-18-415-antiquespray,https://www.bestbottles.com/images/store/enlarged_pics/GBElg60AnSpPnk.gif
GBElg60AnSpRed,GB-ELG-CLR-60ML-ASP-RED,Elegant,60,Clear,Glass Bottle,elegant-60ml-clear-18-415-antiquespray,https://www.bestbottles.com/images/store/enlarged_pics/GBElg60AnSpRed.gif
GBElg60AnSpTslBlk,GB-ELG-CLR-60ML-AST-BLK,Elegant,60,Clear,Glass Bottle,elegant-60ml-clear-18-415-antiquespray-tassel,https://www.bestbottles.com/images/store/enlarged_pics/GBElg60AnSpTslBlk.gif
GBElg60AnSpTslGl,GB-ELG-CLR-60ML-ASP-01,Elegant,60,Clear,Glass Bottle,elegant-60ml-clear-18-415-antiquespray,https://www.bestbottles.com/images/store/enlarged_pics/GBElg60AnSpTslGl.gif
GBElg60AnSpTslIvyGl,GB-ELG-CLR-60ML-AST-IVGD,Elegant,60,Clear,Glass Bottle,elegant-60ml-clear-18-415-antiquespray-tassel,https://www.bestbottles.com/images/store/enlarged_pics/GBElg60AnSpTslIvyGl.gif
GBElg60AnSpTslIvySl,GB-ELG-CLR-60ML-ASP-02,Elegant,60,Clear,Glass Bottle,elegant-60ml-clear-18-415-antiquespray,https://www.bestbottles.com/images/store/enlarged_pics/GBElg60AnSpTslIvySl.gif
GBElg60AnSpTslLvn,GB-ELG-CLR-60ML-AST-LVN,Elegant,60,Clear,Glass Bottle,elegant-60ml-clear-18-415-antiquespray-tassel,https://www.bestbottles.com/images/store/enlarged_pics/GBElg60AnSpTslLvn.gif
GBElg60AnSpTslMtSl,GB-ELG-CLR-60ML-ASP-03,Elegant,60,Clear,Glass Bottle,elegant-60ml-clear-18-415-antiquespray,https://www.bestbottles.com/images/store/enlarged_pics/GBElg60AnSpTslMtSl.gif
GBElg60AnSpTslPnk,GB-ELG-CLR-60ML-AST-PNK,Elegant,60,Clear,Glass Bottle,elegant-60ml-clear-18-415-antiquespray-tassel,https://www.bestbottles.com/images/store/enlarged_pics/GBElg60AnSpTslPnk.gif
GBElg60AnSpTslRed,GB-ELG-CLR-60ML-ASP-04,Elegant,60,Clear,Glass Bottle,elegant-60ml-clear-18-415-antiquespray,https://www.bestbottles.com/images/store/enlarged_pics/GBElg60AnSpTslRed.gif
GBElg60AnSpTslWht,GB-ELG-CLR-60ML-ASP-05,Elegant,60,Clear,Glass Bottle,elegant-60ml-clear-18-415-antiquespray,https://www.bestbottles.com/images/store/enlarged_pics/GBElg60AnSpTslWht.gif
GBElg60AnSpWht,GB-ELG-CLR-60ML-ASP-WHT-01,Elegant,60,Clear,Glass Bottle,elegant-60ml-clear-18-415-antiquespray,https://www.bestbottles.com/images/store/enlarged_pics/GBElg60AnSpWht.gif
GBElg60DrpCu,GB-ELG-CLR-60ML-DRP-CPR,Elegant,60,Clear,Glass Bottle,elegant-60ml-clear-18-415-dropper,https://www.bestbottles.com/images/store/enlarged_pics/GBElg60DrpCu.gif
GBElg60DrpGl,GB-ELG-CLR-60ML-DRP-GLD,Elegant,60,Clear,Glass Bottle,elegant-60ml-clear-18-415-dropper,https://www.bestbottles.com/images/store/enlarged_pics/GBElg60DrpGl.gif
GBElg60DrpSl,GB-ELG-CLR-60ML-DRP-SLV,Elegant,60,Clear,Glass Bottle,elegant-60ml-clear-18-415-dropper,https://www.bestbottles.com/images/store/enlarged_pics/GBElg60DrpSl.gif
GBElg60RdcrBlkLthr,GB-ELG-CLR-60ML-RDC-BKLT,Elegant,60,Clear,Glass Bottle,elegant-60ml-clear-18-415-reducer,https://www.bestbottles.com/images/store/enlarged_pics/GBElg60RdcrBlkLthr.gif
GBElg60RdcrBrwnLthr,GB-ELG-CLR-60ML-RDC-BRLT,Elegant,60,Clear,Glass Bottle,elegant-60ml-clear-18-415-reducer,https://www.bestbottles.com/images/store/enlarged_pics/GBElg60RdcrBrwnLthr.gif
GBElg60RdcrIvyLthr,GB-ELG-CLR-60ML-RDC-IVLT,Elegant,60,Clear,Glass Bottle,elegant-60ml-clear-18-415-reducer,https://www.bestbottles.com/images/store/enlarged_pics/GBElg60RdcrIvyLthr.gif
GBElg60RdcrLBrwnLthr,GB-ELG-CLR-60ML-RDC,Elegant,60,Clear,Glass Bottle,elegant-60ml-clear-18-415-reducer,https://www.bestbottles.com/images/store/enlarged_pics/GBElg60RdcrLBrwnLthr.gif
GBElg60RdcrMtSl,GB-ELG-CLR-60ML-RDC-MSLV,Elegant,60,Clear,Glass Bottle,elegant-60ml-clear-18-415-reducer,https://www.bestbottles.com/images/store/enlarged_pics/GBElg60RdcrMtSl.gif
GBElg60RdcrMtSlTall,GB-ELG-CLR-60ML-RDC-MSLV-T,Elegant,60,Clear,Glass Bottle,elegant-60ml-clear-18-415-reducer,https://www.bestbottles.com/images/store/enlarged_pics/GBElg60RdcrMtSlTall.gif
GBElg60RdcrPnkLthr,GB-ELG-CLR-60ML-RDC-PNK,Elegant,60,Clear,Glass Bottle,elegant-60ml-clear-18-415-reducer,https://www.bestbottles.com/images/store/enlarged_pics/GBElg60RdcrPnkLthr.gif
GBElg60RdcrShnBlk,GB-ELG-CLR-60ML-RDC-SBLK,Elegant,60,Clear,Glass Bottle,elegant-60ml-clear-18-415-reducer,https://www.bestbottles.com/images/store/enlarged_pics/GBElg60RdcrShnBlk.gif
GBElg60RdcrShnBlkTall,GB-ELG-CLR-60ML-RDC-SBLK-T,Elegant,60,Clear,Glass Bottle,elegant-60ml-clear-18-415-reducer,https://www.bestbottles.com/images/store/enlarged_pics/GBElg60RdcrShnBlkTall.gif
GBElg60RdcrShnGl,GB-ELG-CLR-60ML-RDC-SGLD,Elegant,60,Clear,Glass Bottle,elegant-60ml-clear-18-415-reducer,https://www.bestbottles.com/images/store/enlarged_pics/GBElg60RdcrShnGl.gif
GBElg60RdcrShnSl,GB-ELG-CLR-60ML-RDC-SSLV,Elegant,60,Clear,Glass Bottle,elegant-60ml-clear-18-415-reducer,https://www.bestbottles.com/images/store/enlarged_pics/GBElg60RdcrShnSl.gif
GBElg60RdcrWht,GB-ELG-CLR-60ML-RDC-WHT,Elegant,60,Clear,Glass Bottle,elegant-60ml-clear-18-415-reducer,https://www.bestbottles.com/images/store/enlarged_pics/GBElg60RdcrWht.gif
GBElgFrst60AnSpBlk,GB-ELG-FRS-60ML-ASP-BLK,Elegant,60,Frosted,Glass Bottle,elegant-60ml-frosted-18-415-antiquespray,https://www.bestbottles.com/images/store/enlarged_pics/GBElgFrst60AnSpBlk.gif
GBElgFrst60AnSpGl,GB-ELG-FRS-60ML-ASP-GLD,Elegant,60,Frosted,Glass Bottle,elegant-60ml-frosted-18-415-antiquespray,https://www.bestbottles.com/images/store/enlarged_pics/GBElgFrst60AnSpGl.gif
GBElgFrst60AnSpIvyGl,GB-ELG-FRS-60ML-ASP-IVGD,Elegant,60,Frosted,Glass Bottle,elegant-60ml-frosted-18-415-antiquespray,https://www.bestbottles.com/images/store/enlarged_pics/GBElgFrst60AnSpIvyGl.gif
GBElgFrst60AnSpIvySl,GB-ELG-FRS-60ML-ASP-IVSL,Elegant,60,Frosted,Glass Bottle,elegant-60ml-frosted-18-415-antiquespray,https://www.bestbottles.com/images/store/enlarged_pics/GBElgFrst60AnSpIvySl.gif
GBElgFrst60AnSpLvn,GB-ELG-FRS-60ML-ASP-LVN,Elegant,60,Frosted,Glass Bottle,elegant-60ml-frosted-18-415-antiquespray,https://www.bestbottles.com/images/store/enlarged_pics/GBElgFrst60AnSpLvn.gif
GBElgFrst60AnSpMtSl,GB-ELG-FRS-60ML-ASP-MSLV,Elegant,60,Frosted,Glass Bottle,elegant-60ml-frosted-18-415-antiquespray,https://www.bestbottles.com/images/store/enlarged_pics/GBElgFrst60AnSpMtSl.gif
GBElgFrst60AnSpPnk,GB-ELG-FRS-60ML-ASP-PNK,Elegant,60,Frosted,Glass Bottle,elegant-60ml-frosted-18-415-antiquespray,https://www.bestbottles.com/images/store/enlarged_pics/GBElgFrst60AnSpPnk.gif
GBElgFrst60AnSpRed,GB-ELG-FRS-60ML-ASP-RED,Elegant,60,Frosted,Glass Bottle,elegant-60ml-frosted-18-415-antiquespray,https://www.bestbottles.com/images/store/enlarged_pics/GBElgFrst60AnSpRed.gif
GBElgFrst60AnSpTslBlk,GB-ELG-FRS-60ML-AST-BLK,Elegant,60,Frosted,Glass Bottle,elegant-60ml-frosted-18-415-antiquespray-tassel,https://www.bestbottles.com/images/store/enlarged_pics/GBElgFrst60AnSpTslBlk.gif
GBElgFrst60AnSpTslGl,GB-ELG-FRS-60ML-AST-GLD,Elegant,60,Frosted,Glass Bottle,elegant-60ml-frosted-18-415-antiquespray-tassel,https://www.bestbottles.com/images/store/enlarged_pics/GBElgFrst60AnSpTslGl.gif
GBElgFrst60AnSpTslIvyGl,GB-ELG-FRS-60ML-AST-IVGD,Elegant,60,Frosted,Glass Bottle,elegant-60ml-frosted-18-415-antiquespray-tassel,https://www.bestbottles.com/images/store/enlarged_pics/GBElgFrst60AnSpTslIvyGl.gif
GBElgFrst60AnSpTslIvySl,GB-ELG-FRS-60ML-AST-IVSL,Elegant,60,Frosted,Glass Bottle,elegant-60ml-frosted-18-415-antiquespray-tassel,https://www.bestbottles.com/images/store/enlarged_pics/GBElgFrst60AnSpTslIvySl.gif
GBElgFrst60AnSpTslLvn,GB-ELG-FRS-60ML-AST-LVN,Elegant,60,Frosted,Glass Bottle,elegant-60ml-frosted-18-415-antiquespray-tassel,https://www.bestbottles.com/images/store/enlarged_pics/GBElgFrst60AnSpTslLvn.gif
GBElgFrst60AnSpTslMtSl,GB-ELG-FRS-60ML-AST-MSLV,Elegant,60,Frosted,Glass Bottle,elegant-60ml-frosted-18-415-antiquespray-tassel,https://www.bestbottles.com/images/store/enlarged_pics/GBElgFrst60AnSpTslMtSl.gif
GBElgFrst60AnSpTslPnk,GB-ELG-FRS-60ML-AST-PNK,Elegant,60,Frosted,Glass Bottle,elegant-60ml-frosted-18-415-antiquespray-tassel,https://www.bestbottles.com/images/store/enlarged_pics/GBElgFrst60AnSpTslPnk.gif
GBElgFrst60AnSpTslRed,GB-ELG-FRS-60ML-AST-RED,Elegant,60,Frosted,Glass Bottle,elegant-60ml-frosted-18-415-antiquespray-tassel,https://www.bestbottles.com/images/store/enlarged_pics/GBElgFrst60AnSpTslRed.gif
GBElgFrst60AnSpTslWht,GB-ELG-FRS-60ML-AST-WHT,Elegant,60,Frosted,Glass Bottle,elegant-60ml-frosted-18-415-antiquespray-tassel,https://www.bestbottles.com/images/store/enlarged_pics/GBElgFrst60AnSpTslWht.gif
GBElgFrst60AnSpWht,GB-ELG-FRS-60ML-ASP-WHT-02,Elegant,60,Frosted,Glass Bottle,elegant-60ml-frosted-18-415-antiquespray,https://www.bestbottles.com/images/store/enlarged_pics/GBElgFrst60AnSpWht.gif
GBElgFrst60DrpCu,GB-ELG-FRS-60ML-DRP-CPR,Elegant,60,Frosted,Glass Bottle,elegant-60ml-frosted-18-415-dropper,https://www.bestbottles.com/images/store/enlarged_pics/GBElgFrst60DrpCu.gif
GBElgFrst60DrpGl,GB-ELG-FRS-60ML-DRP-GLD,Elegant,60,Frosted,Glass Bottle,elegant-60ml-frosted-18-415-dropper,https://www.bestbottles.com/images/store/enlarged_pics/GBElgFrst60DrpGl.gif
GBElgFrst60DrpSl,GB-ELG-FRS-60ML-DRP-SLV,Elegant,60,Frosted,Glass Bottle,elegant-60ml-frosted-18-415-dropper,https://www.bestbottles.com/images/store/enlarged_pics/GBElgFrst60DrpSl.gif
GBElgFrst60RdcrBlkLthr,GB-ELG-FRS-60ML-RDC-BKLT,Elegant,60,Frosted,Glass Bottle,elegant-60ml-frosted-18-415-reducer,https://www.bestbottles.com/images/store/enlarged_pics/GBElgFrst60RdcrBlkLthr.gif
GBElgFrst60RdcrBrwnLthr,GB-ELG-FRS-60ML-RDC-BRLT,Elegant,60,Frosted,Glass Bottle,elegant-60ml-frosted-18-415-reducer,https://www.bestbottles.com/images/store/enlarged_pics/GBElgFrst60RdcrBrwnLthr.gif
GBElgFrst60RdcrIvyLthr,GB-ELG-FRS-60ML-RDC-IVLT,Elegant,60,Frosted,Glass Bottle,elegant-60ml-frosted-18-415-reducer,https://www.bestbottles.com/images/store/enlarged_pics/GBElgFrst60RdcrIvyLthr.gif
GBElgFrst60RdcrLBrwnLthr,GB-ELG-FRS-60ML-RDC-LBLT,Elegant,60,Frosted,Glass Bottle,elegant-60ml-frosted-18-415-reducer,https://www.bestbottles.com/images/store/enlarged_pics/GBElgFrst60RdcrLBrwnLthr.gif
GBElgFrst60RdcrMtSl,GB-ELG-FRS-60ML-RDC-MSLV,Elegant,60,Frosted,Glass Bottle,elegant-60ml-frosted-18-415-reducer,https://www.bestbottles.com/images/store/enlarged_pics/GBElgFrst60RdcrMtSl.gif
GBElgFrst60RdcrMtSlTall,GB-ELG-FRS-60ML-RDC-MSLV-T,Elegant,60,Frosted,Glass Bottle,elegant-60ml-frosted-18-415-reducer,https://www.bestbottles.com/images/store/enlarged_pics/GBElgFrst60RdcrMtSlTall.gif
GBElgFrst60RdcrPnkLthr,GB-ELG-FRS-60ML-RDC-PKLT,Elegant,60,Frosted,Glass Bottle,elegant-60ml-frosted-18-415-reducer,https://www.bestbottles.com/images/store/enlarged_pics/GBElgFrst60RdcrPnkLthr.gif
GBElgFrst60RdcrShnBlk,GB-ELG-FRS-60ML-RDC-SBLK,Elegant,60,Frosted,Glass Bottle,elegant-60ml-frosted-18-415-reducer,https://www.bestbottles.com/images/store/enlarged_pics/GBElgFrst60RdcrShnBlk.gif
GBElgFrst60RdcrShnBlkTall,GB-ELG-FRS-60ML-RDC-SBLK-T,Elegant,60,Frosted,Glass Bottle,elegant-60ml-frosted-18-415-reducer,https://www.bestbottles.com/images/store/enlarged_pics/GBElgFrst60RdcrShnBlkTall.gif
GBElgFrst60RdcrShnGl,GB-ELG-FRS-60ML-RDC-SGLD,Elegant,60,Frosted,Glass Bottle,elegant-60ml-frosted-18-415-reducer,https://www.bestbottles.com/images/store/enlarged_pics/GBElgFrst60RdcrShnGl.gif
GBElgFrst60RdcrShnSl,GB-ELG-FRS-60ML-RDC-SSLV,Elegant,60,Frosted,Glass Bottle,elegant-60ml-frosted-18-415-reducer,https://www.bestbottles.com/images/store/enlarged_pics/GBElgFrst60RdcrShnSl.gif
GBElgFrst60RdcrWht,GB-ELG-FRS-60ML-RDC-WHT,Elegant,60,Frosted,Glass Bottle,elegant-60ml-frosted-18-415-reducer,https://www.bestbottles.com/images/store/enlarged_pics/GBElgFrst60RdcrWht.gif
GBElg100AnSpBlk,GB-ELG-CLR-100ML-ASP-BLK,Elegant,100,Clear,Glass Bottle,elegant-100ml-clear-18-415-antiquespray,https://www.bestbottles.com/images/store/enlarged_pics/GBElg100AnSpBlk.gif
GBElg100AnSpGl,GB-ELG-CLR-100ML-ASP-GLD,Elegant,100,Clear,Glass Bottle,elegant-100ml-clear-18-415-antiquespray,https://www.bestbottles.com/images/store/enlarged_pics/GBElg100AnSpGl.gif
GBElg100AnSpIvyGl,GB-ELG-CLR-100ML-ASP-IVGD,Elegant,100,Clear,Glass Bottle,elegant-100ml-clear-18-415-antiquespray,https://www.bestbottles.com/images/store/enlarged_pics/GBElg100AnSpIvyGl.gif
GBElg100AnSpIvySl,GB-ELG-CLR-100ML-ASP-IVSL,Elegant,100,Clear,Glass Bottle,elegant-100ml-clear-18-415-antiquespray,https://www.bestbottles.com/images/store/enlarged_pics/GBElg100AnSpIvySl.gif
GBElg100AnSpLvn,GB-ELG-CLR-100ML-ASP-LVN,Elegant,100,Clear,Glass Bottle,elegant-100ml-clear-18-415-antiquespray,https://www.bestbottles.com/images/store/enlarged_pics/GBElg100AnSpLvn.gif
GBElg100AnSpMtSl,GB-ELG-CLR-100ML-ASP-MSLV,Elegant,100,Clear,Glass Bottle,elegant-100ml-clear-18-415-antiquespray,https://www.bestbottles.com/images/store/enlarged_pics/GBElg100AnSpMtSl.gif
GBElg100AnSpPnk,GB-ELG-CLR-100ML-ASP-PNK,Elegant,100,Clear,Glass Bottle,elegant-100ml-clear-18-415-antiquespray,https://www.bestbottles.com/images/store/enlarged_pics/GBElg100AnSpPnk.gif
GBElg100AnSpRed,GB-ELG-CLR-100ML-ASP-RED,Elegant,100,Clear,Glass Bottle,elegant-100ml-clear-18-415-antiquespray,https://www.bestbottles.com/images/store/enlarged_pics/GBElg100AnSpRed.gif
GBElg100AnSpWht,GB-ELG-CLR-100ML-ASP-WHT-01,Elegant,100,Clear,Glass Bottle,elegant-100ml-clear-18-415-antiquespray,https://www.bestbottles.com/images/store/enlarged_pics/GBElg100AnSpWht.gif
GBElg100RdcrBlkLthr,GB-ELG-CLR-100ML-RDC-BKLT,Elegant,100,Clear,Glass Bottle,elegant-100ml-clear-18-415-reducer,https://www.bestbottles.com/images/store/enlarged_pics/GBElg100RdcrBlkLthr.gif
GBElg100RdcrBrwnLthr,GB-ELG-CLR-100ML-RDC-BRLT,Elegant,100,Clear,Glass Bottle,elegant-100ml-clear-18-415-reducer,https://www.bestbottles.com/images/store/enlarged_pics/GBElg100RdcrBrwnLthr.gif
GBElg100RdcrIvyLthr,GB-ELG-CLR-100ML-RDC-IVLT,Elegant,100,Clear,Glass Bottle,elegant-100ml-clear-18-415-reducer,https://www.bestbottles.com/images/store/enlarged_pics/GBElg100RdcrIvyLthr.gif
GBElg100RdcrLBrwnLthr,GB-ELG-CLR-100ML-RDC-LBLT,Elegant,100,Clear,Glass Bottle,elegant-100ml-clear-18-415-reducer,https://www.bestbottles.com/images/store/enlarged_pics/GBElg100RdcrLBrwnLthr.gif
GBElg100RdcrMtSl,GB-ELG-CLR-100ML-RDC-MSLV,Elegant,100,Clear,Glass Bottle,elegant-100ml-clear-18-415-reducer,https://www.bestbottles.com/images/store/enlarged_pics/GBElg100RdcrMtSl.gif
GBElg100RdcrMtSlTall,GB-ELG-CLR-100ML-RDC-MSLV-T,Elegant,100,Clear,Glass Bottle,elegant-100ml-clear-18-415-reducer,https://www.bestbottles.com/images/store/enlarged_pics/GBElg100RdcrMtSlTall.gif
GBElg100RdcrPnkLthr,GB-ELG-CLR-100ML-RDC-PKLT,Elegant,100,Clear,Glass Bottle,elegant-100ml-clear-18-415-reducer,https://www.bestbottles.com/images/store/enlarged_pics/GBElg100RdcrPnkLthr.gif
GBElg100RdcrShnBlk,GB-ELG-CLR-100ML-RDC-SBLK,Elegant,100,Clear,Glass Bottle,elegant-100ml-clear-18-415-reducer,https://www.bestbottles.com/images/store/enlarged_pics/GBElg100RdcrShnBlk.gif
GBElg100RdcrShnBlkTall,GB-ELG-CLR-100ML-RDC-SBLK-T,Elegant,100,Clear,Glass Bottle,elegant-100ml-clear-18-415-reducer,https://www.bestbottles.com/images/store/enlarged_pics/GBElg100RdcrShnBlkTall.gif
GBElg100RdcrShnGl,GB-ELG-CLR-100ML-RDC-SGLD,Elegant,100,Clear,Glass Bottle,elegant-100ml-clear-18-415-reducer,https://www.bestbottles.com/images/store/enlarged_pics/GBElg100RdcrShnGl.gif
GBElg100RdcrShnSl,GB-ELG-CLR-100ML-RDC-SSLV,Elegant,100,Clear,Glass Bottle,elegant-100ml-clear-18-415-reducer,https://www.bestbottles.com/images/store/enlarged_pics/GBElg100RdcrShnSl.gif
GBElg100RdcrWht,GB-ELG-CLR-100ML-RDC-WHT,Elegant,100,Clear,Glass Bottle,elegant-100ml-clear-18-415-reducer,https://www.bestbottles.com/images/store/enlarged_pics/GBElg100RdcrWht.gif
GBElgFrst100AnSpBlk,GB-ELG-FRS-100ML-ASP-BLK,Elegant,100,Frosted,Glass Bottle,elegant-100ml-frosted-18-415-antiquespray,https://www.bestbottles.com/images/store/enlarged_pics/GBElgFrst100AnSpBlk.gif
GBElgFrst100AnSpGl,GB-ELG-FRS-100ML-ASP-GLD,Elegant,100,Frosted,Glass Bottle,elegant-100ml-frosted-18-415-antiquespray,https://www.bestbottles.com/images/store/enlarged_pics/GBElgFrst100AnSpGl.gif
GBElgFrst100AnSpIvyGl,GB-ELG-FRS-100ML-ASP-IVGD,Elegant,100,Frosted,Glass Bottle,elegant-100ml-frosted-18-415-antiquespray,https://www.bestbottles.com/images/store/enlarged_pics/GBElgFrst100AnSpIvyGl.gif
GBElgFrst100AnSpIvySl,GB-ELG-FRS-100ML-ASP-IVSL,Elegant,100,Frosted,Glass Bottle,elegant-100ml-frosted-18-415-antiquespray,https://www.bestbottles.com/images/store/enlarged_pics/GBElgFrst100AnSpIvySl.gif
GBElgFrst100AnSpLvn,GB-ELG-FRS-100ML-ASP-LVN,Elegant,100,Frosted,Glass Bottle,elegant-100ml-frosted-18-415-antiquespray,https://www.bestbottles.com/images/store/enlarged_pics/GBElgFrst100AnSpLvn.gif
GBElgFrst100AnSpMtSl,GB-ELG-FRS-100ML-ASP-MSLV,Elegant,100,Frosted,Glass Bottle,elegant-100ml-frosted-18-415-antiquespray,https://www.bestbottles.com/images/store/enlarged_pics/GBElgFrst100AnSpMtSl.gif
GBElgFrst100AnSpPnk,GB-ELG-FRS-100ML-ASP-PNK,Elegant,100,Frosted,Glass Bottle,elegant-100ml-frosted-18-415-antiquespray,https://www.bestbottles.com/images/store/enlarged_pics/GBElgFrst100AnSpPnk.gif
GBElgFrst100AnSpRed,GB-ELG-FRS-100ML-ASP-RED,Elegant,100,Frosted,Glass Bottle,elegant-100ml-frosted-18-415-antiquespray,https://www.bestbottles.com/images/store/enlarged_pics/GBElgFrst100AnSpRed.gif
GBElgFrst100AnSpWht,GB-ELG-FRS-100ML-ASP-WHT-02,Elegant,100,Frosted,Glass Bottle,elegant-100ml-frosted-18-415-antiquespray,https://www.bestbottles.com/images/store/enlarged_pics/GBElgFrst100AnSpWht.gif
GBElgFrst100RdcrBlkLthr,GB-ELG-FRS-100ML-RDC-BKLT,Elegant,100,Frosted,Glass Bottle,elegant-100ml-frosted-18-415-reducer,https://www.bestbottles.com/images/store/enlarged_pics/GBElgFrst100RdcrBlkLthr.gif
GBElgFrst100RdcrBrwnLthr,GB-ELG-FRS-100ML-RDC-BRLT,Elegant,100,Frosted,Glass Bottle,elegant-100ml-frosted-18-415-reducer,https://www.bestbottles.com/images/store/enlarged_pics/GBElgFrst100RdcrBrwnLthr.gif
GBElgFrst100RdcrIvyLthr,GB-ELG-FRS-100ML-RDC-IVLT,Elegant,100,Frosted,Glass Bottle,elegant-100ml-frosted-18-415-reducer,https://www.bestbottles.com/images/store/enlarged_pics/GBElgFrst100RdcrIvyLthr.gif
GBElgFrst100RdcrLBrwnLthr,GB-ELG-FRS-100ML-RDC-LBLT,Elegant,100,Frosted,Glass Bottle,elegant-100ml-frosted-18-415-reducer,https://www.bestbottles.com/images/store/enlarged_pics/GBElgFrst100RdcrLBrwnLthr.gif
GBElgFrst100RdcrMtSlTall,GB-ELG-FRS-100ML-RDC-MSLV-T,Elegant,100,Frosted,Glass Bottle,elegant-100ml-frosted-18-415-reducer,https://www.bestbottles.com/images/store/enlarged_pics/GBElgFrst100RdcrMtSlTall.gif
GBElgFrst100RdcrPnkLthr,GB-ELG-FRS-100ML-RDC-PKLT,Elegant,100,Frosted,Glass Bottle,elegant-100ml-frosted-18-415-reducer,https://www.bestbottles.com/images/store/enlarged_pics/GBElgFrst100RdcrPnkLthr.gif
GBElgFrst100RdcrShnBlk,GB-ELG-FRS-100ML-RDC-SBLK,Elegant,100,Frosted,Glass Bottle,elegant-100ml-frosted-18-415-reducer,https://www.bestbottles.com/images/store/enlarged_pics/GBElgFrst100RdcrShnBlk.gif
GBElgFrst100RdcrShnBlkTall,GB-ELG-FRS-100ML-RDC-SBLK-T,Elegant,100,Frosted,Glass Bottle,elegant-100ml-frosted-18-415-reducer,https://www.bestbottles.com/images/store/enlarged_pics/GBElgFrst100RdcrShnBlkTall.gif
GBElgFrst100RdcrShnGl,GB-ELG-FRS-100ML-RDC-SGLD,Elegant,100,Frosted,Glass Bottle,elegant-100ml-frosted-18-415-reducer,https://www.bestbottles.com/images/store/enlarged_pics/GBElgFrst100RdcrShnGl.gif
GBElgFrst100RdcrShnSl,GB-ELG-FRS-100ML-RDC-SSLV,Elegant,100,Frosted,Glass Bottle,elegant-100ml-frosted-18-415-reducer,https://www.bestbottles.com/images/store/enlarged_pics/GBElgFrst100RdcrShnSl.gif
GBElgFrst100RdcrWht,GB-ELG-FRS-100ML-RDC-WHT,Elegant,100,Frosted,Glass Bottle,elegant-100ml-frosted-18-415-reducer,https://www.bestbottles.com/images/store/enlarged_pics/GBElgFrst100RdcrWht.gif
GBEmp50AnSpTslWht,GB-EMP-CLR-50ML-AST-WHT,Empire,50,Clear,Glass Bottle,empire-50ml-clear-18-415-antiquespray-tassel,https://www.bestbottles.com/images/store/enlarged_pics/GBEmp50AnSpTslWht.gif
GBEmp50AnSpWht,GB-EMP-CLR-50ML-ASP-WHT,Empire,50,Clear,Glass Bottle,empire-50ml-clear-18-415-antiquespray,https://www.bestbottles.com/images/store/enlarged_pics/GBEmp50AnSpWht.gif
GBEmp50DrpCu,GB-EMP-CLR-50ML-DRP-CPR,Empire,50,Clear,Glass Bottle,empire-50ml-clear-18-415-dropper,https://www.bestbottles.com/images/store/enlarged_pics/GBEmp50DrpCu.gif
GBEmp50DrpGl,GB-EMP-CLR-50ML-DRP-GLD,Empire,50,Clear,Glass Bottle,empire-50ml-clear-18-415-dropper,https://www.bestbottles.com/images/store/enlarged_pics/GBEmp50DrpGl.gif
GBEmp50DrpSl,GB-EMP-CLR-50ML-DRP-SLV,Empire,50,Clear,Glass Bottle,empire-50ml-clear-18-415-dropper,https://www.bestbottles.com/images/store/enlarged_pics/GBEmp50DrpSl.gif
GBEmp50RdcrBlkLthr,GB-EMP-CLR-50ML-RDC-BKLT,Empire,50,Clear,Glass Bottle,empire-50ml-clear-18-415-reducer,https://www.bestbottles.com/images/store/enlarged_pics/GBEmp50RdcrBlkLthr.gif
GBEmp50RdcrBrwnLthr,GB-EMP-CLR-50ML-RDC-BRLT,Empire,50,Clear,Glass Bottle,empire-50ml-clear-18-415-reducer,https://www.bestbottles.com/images/store/enlarged_pics/GBEmp50RdcrBrwnLthr.gif
GBEmp50RdcrIvyLthr,GB-EMP-CLR-50ML-RDC-IVLT,Empire,50,Clear,Glass Bottle,empire-50ml-clear-18-415-reducer,https://www.bestbottles.com/images/store/enlarged_pics/GBEmp50RdcrIvyLthr.gif
GBEmp50RdcrLBrwnLthr,GB-EMP-CLR-50ML-RDC-LBLT,Empire,50,Clear,Glass Bottle,empire-50ml-clear-18-415-reducer,https://www.bestbottles.com/images/store/enlarged_pics/GBEmp50RdcrLBrwnLthr.gif
GBEmp50RdcrMtSl,GB-EMP-CLR-50ML-RDC-MSLV,Empire,50,Clear,Glass Bottle,empire-50ml-clear-18-415-reducer,https://www.bestbottles.com/images/store/enlarged_pics/GBEmp50RdcrMtSl.gif
GBEmp50RdcrMtSlTall,GB-EMP-CLR-50ML-RDC-MSLV-T,Empire,50,Clear,Glass Bottle,empire-50ml-clear-18-415-reducer,https://www.bestbottles.com/images/store/enlarged_pics/GBEmp50RdcrMtSlTall.gif
GBEmp50RdcrPnkLthr,GB-EMP-CLR-50ML-RDC-PKLT,Empire,50,Clear,Glass Bottle,empire-50ml-clear-18-415-reducer,https://www.bestbottles.com/images/store/enlarged_pics/GBEmp50RdcrPnkLthr.gif
GBEmp50RdcrShnBlk,GB-EMP-CLR-50ML-RDC-SBLK,Empire,50,Clear,Glass Bottle,empire-50ml-clear-18-415-reducer,https://www.bestbottles.com/images/store/enlarged_pics/GBEmp50RdcrShnBlk.gif
GBEmp50RdcrShnBlkTall,GB-EMP-CLR-50ML-RDC-SBLK-T,Empire,50,Clear,Glass Bottle,empire-50ml-clear-18-415-reducer,https://www.bestbottles.com/images/store/enlarged_pics/GBEmp50RdcrShnBlkTall.gif
GBEmp50RdcrShnGl,GB-EMP-CLR-50ML-RDC-SGLD,Empire,50,Clear,Glass Bottle,empire-50ml-clear-18-415-reducer,https://www.bestbottles.com/images/store/enlarged_pics/GBEmp50RdcrShnGl.gif
GBEmp50RdcrShnSl,GB-EMP-CLR-50ML-RDC-SSLV,Empire,50,Clear,Glass Bottle,empire-50ml-clear-18-415-reducer,https://www.bestbottles.com/images/store/enlarged_pics/GBEmp50RdcrShnSl.gif
GBEmp50RdcrWht,GB-EMP-CLR-50ML-RDC-WHT,Empire,50,Clear,Glass Bottle,empire-50ml-clear-18-415-reducer,https://www.bestbottles.com/images/store/enlarged_pics/GBEmp50RdcrWht.gif
GBEmp100AnSpBlk,GB-EMP-CLR-100ML-ASP-BLK,Empire,100,Clear,Glass Bottle,empire-100ml-clear-18-415-antiquespray,https://www.bestbottles.com/images/store/enlarged_pics/GBEmp100AnSpBlk.gif
GBEmp100AnSpGl,GB-EMP-CLR-100ML-ASP-GLD,Empire,100,Clear,Glass Bottle,empire-100ml-clear-18-415-antiquespray,https://www.bestbottles.com/images/store/enlarged_pics/GBEmp100AnSpGl.gif
GBEmp100AnSpIvyGl,GB-EMP-CLR-100ML-ASP-IVGD,Empire,100,Clear,Glass Bottle,empire-100ml-clear-18-415-antiquespray,https://www.bestbottles.com/images/store/enlarged_pics/GBEmp100AnSpIvyGl.gif
GBEmp100AnSpIvySl,GB-EMP-CLR-100ML-ASP-IVSL,Empire,100,Clear,Glass Bottle,empire-100ml-clear-18-415-antiquespray,https://www.bestbottles.com/images/store/enlarged_pics/GBEmp100AnSpIvySl.gif
GBEmp100AnSpLvn,GB-EMP-CLR-100ML-ASP-LVN,Empire,100,Clear,Glass Bottle,empire-100ml-clear-18-415-antiquespray,https://www.bestbottles.com/images/store/enlarged_pics/GBEmp100AnSpLvn.gif
GBEmp100AnSpMtSl,GB-EMP-CLR-100ML-ASP-MSLV,Empire,100,Clear,Glass Bottle,empire-100ml-clear-18-415-antiquespray,https://www.bestbottles.com/images/store/enlarged_pics/GBEmp100AnSpMtSl.gif
GBEmp100AnSpPnk,GB-EMP-CLR-100ML-ASP-PNK,Empire,100,Clear,Glass Bottle,empire-100ml-clear-18-415-antiquespray,https://www.bestbottles.com/images/store/enlarged_pics/GBEmp100AnSpPnk.gif
GBEmp100AnSpRed,GB-EMP-CLR-100ML-ASP-RED,Empire,100,Clear,Glass Bottle,empire-100ml-clear-18-415-antiquespray,https://www.bestbottles.com/images/store/enlarged_pics/GBEmp100AnSpRed.gif
GBEmp100AnSpWht,GB-EMP-CLR-100ML-ASP-WHT,Empire,100,Clear,Glass Bottle,empire-100ml-clear-18-415-antiquespray,https://www.bestbottles.com/images/store/enlarged_pics/GBEmp100AnSpWht.gif
GBEmp100RdcrBlkLthr,GB-EMP-CLR-100ML-RDC-BKLT,Empire,100,Clear,Glass Bottle,empire-100ml-clear-18-415-reducer,https://www.bestbottles.com/images/store/enlarged_pics/GBEmp100RdcrBlkLthr.gif
GBEmp100RdcrBrwnLthr,GB-EMP-CLR-100ML-RDC-BRLT,Empire,100,Clear,Glass Bottle,empire-100ml-clear-18-415-reducer,https://www.bestbottles.com/images/store/enlarged_pics/GBEmp100RdcrBrwnLthr.gif
GBEmp100RdcrIvyLthr,GB-EMP-CLR-100ML-RDC-IVLT,Empire,100,Clear,Glass Bottle,empire-100ml-clear-18-415-reducer,https://www.bestbottles.com/images/store/enlarged_pics/GBEmp100RdcrIvyLthr.gif
GBEmp100RdcrLBrwnLthr,GB-EMP-CLR-100ML-RDC-LBLT,Empire,100,Clear,Glass Bottle,empire-100ml-clear-18-415-reducer,https://www.bestbottles.com/images/store/enlarged_pics/GBEmp100RdcrLBrwnLthr.gif
GBEmp100RdcrMtSl,GB-EMP-CLR-100ML-RDC-MSLV,Empire,100,Clear,Glass Bottle,empire-100ml-clear-18-415-reducer,https://www.bestbottles.com/images/store/enlarged_pics/GBEmp100RdcrMtSl.gif
GBEmp100RdcrMtSlTall,GB-EMP-CLR-100ML-RDC-MSLV-T,Empire,100,Clear,Glass Bottle,empire-100ml-clear-18-415-reducer,https://www.bestbottles.com/images/store/enlarged_pics/GBEmp100RdcrMtSlTall.gif
GBEmp100RdcrPnkLthr,GB-EMP-CLR-100ML-RDC-PKLT,Empire,100,Clear,Glass Bottle,empire-100ml-clear-18-415-reducer,https://www.bestbottles.com/images/store/enlarged_pics/GBEmp100RdcrPnkLthr.gif
GBEmp100RdcrShnBlk,GB-EMP-CLR-100ML-RDC-SBLK,Empire,100,Clear,Glass Bottle,empire-100ml-clear-18-415-reducer,https://www.bestbottles.com/images/store/enlarged_pics/GBEmp100RdcrShnBlk.gif
GBEmp100RdcrShnBlkTall,GB-EMP-CLR-100ML-RDC-SBLK-T,Empire,100,Clear,Glass Bottle,empire-100ml-clear-18-415-reducer,https://www.bestbottles.com/images/store/enlarged_pics/GBEmp100RdcrShnBlkTall.gif
GBEmp100RdcrShnGl,GB-EMP-CLR-100ML-RDC-SGLD,Empire,100,Clear,Glass Bottle,empire-100ml-clear-18-415-reducer,https://www.bestbottles.com/images/store/enlarged_pics/GBEmp100RdcrShnGl.gif
GBEmp100RdcrShnSl,GB-EMP-CLR-100ML-RDC-SSLV,Empire,100,Clear,Glass Bottle,empire-100ml-clear-18-415-reducer,https://www.bestbottles.com/images/store/enlarged_pics/GBEmp100RdcrShnSl.gif
GBEmp100RdcrWht,GB-EMP-CLR-100ML-RDC-WHT,Empire,100,Clear,Glass Bottle,empire-100ml-clear-18-415-reducer,https://www.bestbottles.com/images/store/enlarged_pics/GBEmp100RdcrWht.gif
GBGrce55AnSpIvyGl,GB-GRC-CLR-55ML-ASP-IVGD,Grace,55,Clear,Glass Bottle,grace-55ml-clear-18-415-antiquespray,https://www.bestbottles.com/images/store/enlarged_pics/GBGrce55AnSpIvyGl.gif
GBGrce55AnSpIvySl,GB-GRC-CLR-55ML-ASP-IVSL,Grace,55,Clear,Glass Bottle,grace-55ml-clear-18-415-antiquespray,https://www.bestbottles.com/images/store/enlarged_pics/GBGrce55AnSpIvySl.gif
GBGrce55AnSpLvn,GB-GRC-CLR-55ML-ASP-LVN,Grace,55,Clear,Glass Bottle,grace-55ml-clear-18-415-antiquespray,https://www.bestbottles.com/images/store/enlarged_pics/GBGrce55AnSpLvn.gif
GBGrce55AnSpMtSl,GB-GRC-CLR-55ML-ASP-MSLV,Grace,55,Clear,Glass Bottle,grace-55ml-clear-18-415-antiquespray,https://www.bestbottles.com/images/store/enlarged_pics/GBGrce55AnSpMtSl.gif
GBGrce55AnSpWht,GB-GRC-CLR-55ML-ASP-WHT,Grace,55,Clear,Glass Bottle,grace-55ml-clear-18-415-antiquespray,https://www.bestbottles.com/images/store/enlarged_pics/GBGrce55AnSpWht.gif
GBGrce55RdcrWht,GB-GRC-CLR-55ML-RDC-WHT,Grace,55,Clear,Glass Bottle,grace-55ml-clear-18-415-reducer,https://www.bestbottles.com/images/store/enlarged_pics/GBGrce55RdcrWht.gif
GBRnd78AnSpBlk,GB-RND-CLR-78ML-ASP-BLK,Round,78,Clear,Glass Bottle,round-78ml-clear-18-415-antiquespray,https://www.bestbottles.com/images/store/enlarged_pics/GBRnd78AnSpBlk.gif
GBRnd78AnSpGl,GB-RND-CLR-78ML-ASP-GLD,Round,78,Clear,Glass Bottle,round-78ml-clear-18-415-antiquespray,https://www.bestbottles.com/images/store/enlarged_pics/GBRnd78AnSpGl.gif
GBRnd78AnSpIvyGl,GB-RND-CLR-78ML-ASP-IVGD,Round,78,Clear,Glass Bottle,round-78ml-clear-18-415-antiquespray,https://www.bestbottles.com/images/store/enlarged_pics/GBRnd78AnSpIvyGl.gif
GBRnd78AnSpIvySl,GB-RND-CLR-78ML-ASP-IVSL,Round,78,Clear,Glass Bottle,round-78ml-clear-18-415-antiquespray,https://www.bestbottles.com/images/store/enlarged_pics/GBRnd78AnSpIvySl.gif
GBRnd78AnSpLvn,GB-RND-CLR-78ML-ASP-LVN,Round,78,Clear,Glass Bottle,round-78ml-clear-18-415-antiquespray,https://www.bestbottles.com/images/store/enlarged_pics/GBRnd78AnSpLvn.gif
GBRnd78AnSpMtSl,GB-RND-CLR-78ML-ASP-MSLV,Round,78,Clear,Glass Bottle,round-78ml-clear-18-415-antiquespray,https://www.bestbottles.com/images/store/enlarged_pics/GBRnd78AnSpMtSl.gif
GBRnd78AnSpPnk,GB-RND-CLR-78ML-ASP-PNK,Round,78,Clear,Glass Bottle,round-78ml-clear-18-415-antiquespray,https://www.bestbottles.com/images/store/enlarged_pics/GBRnd78AnSpPnk.gif
GBRnd78AnSpRed,GB-RND-CLR-78ML-ASP-RED,Round,78,Clear,Glass Bottle,round-78ml-clear-18-415-antiquespray,https://www.bestbottles.com/images/store/enlarged_pics/GBRnd78AnSpRed.gif
GBRnd78AnSpWht,GB-RND-CLR-78ML-T,Round,78,Clear,Glass Bottle,round-78ml-clear-18-415-antiquespray,https://www.bestbottles.com/images/store/enlarged_pics/GBRnd78AnSpWht.gif
GBRnd78RdcrBlkLthr,GB-RND-CLR-78ML-RDC-BKLT,Round,78,Clear,Glass Bottle,round-78ml-clear-18-415-reducer,https://www.bestbottles.com/images/store/enlarged_pics/GBRnd78RdcrBlkLthr.gif
GBRnd78RdcrBrwnLthr,GB-RND-CLR-78ML-RDC-BRLT,Round,78,Clear,Glass Bottle,round-78ml-clear-18-415-reducer,https://www.bestbottles.com/images/store/enlarged_pics/GBRnd78RdcrBrwnLthr.gif
GBRnd78RdcrIvyLthr,GB-RND-CLR-78ML-RDC-IVLT,Round,78,Clear,Glass Bottle,round-78ml-clear-18-415-reducer,https://www.bestbottles.com/images/store/enlarged_pics/GBRnd78RdcrIvyLthr.gif
GBRnd78RdcrLBrwnLthr,GB-RND-CLR-78ML-RDC-LBLT,Round,78,Clear,Glass Bottle,round-78ml-clear-18-415-reducer,https://www.bestbottles.com/images/store/enlarged_pics/GBRnd78RdcrLBrwnLthr.gif
GBRnd78RdcrMtSl,GB-RND-CLR-78ML-RDC-MSLV,Round,78,Clear,Glass Bottle,round-78ml-clear-18-415-reducer,https://www.bestbottles.com/images/store/enlarged_pics/GBRnd78RdcrMtSl.gif
GBRnd78RdcrMtSlTall,GB-RND-CLR-78ML-RDC-MSLV-T,Round,78,Clear,Glass Bottle,round-78ml-clear-18-415-reducer,https://www.bestbottles.com/images/store/enlarged_pics/GBRnd78RdcrMtSlTall.gif
GBRnd78RdcrPnkLthr,GB-RND-CLR-78ML-RDC-PKLT,Round,78,Clear,Glass Bottle,round-78ml-clear-18-415-reducer,https://www.bestbottles.com/images/store/enlarged_pics/GBRnd78RdcrPnkLthr.gif
GBRnd78RdcrShnBlk,GB-RND-CLR-78ML-RDC-SBLK,Round,78,Clear,Glass Bottle,round-78ml-clear-18-415-reducer,https://www.bestbottles.com/images/store/enlarged_pics/GBRnd78RdcrShnBlk.gif
GBRnd78RdcrShnBlkTall,GB-RND-CLR-78ML-RDC-SBLK-T,Round,78,Clear,Glass Bottle,round-78ml-clear-18-415-reducer,https://www.bestbottles.com/images/store/enlarged_pics/GBRnd78RdcrShnBlkTall.gif
GBRnd78RdcrShnGl,GB-RND-CLR-78ML-RDC-SGLD,Round,78,Clear,Glass Bottle,round-78ml-clear-18-415-reducer,https://www.bestbottles.com/images/store/enlarged_pics/GBRnd78RdcrShnGl.gif
GBRnd78RdcrShnSl,GB-RND-CLR-78ML-RDC-SSLV,Round,78,Clear,Glass Bottle,round-78ml-clear-18-415-reducer,https://www.bestbottles.com/images/store/enlarged_pics/GBRnd78RdcrShnSl.gif
GBRnd78RdcrWht,GB-RND-CLR-78ML-RDC-WHT,Round,78,Clear,Glass Bottle,round-78ml-clear-18-415-reducer,https://www.bestbottles.com/images/store/enlarged_pics/GBRnd78RdcrWht.gif
GBRndFrst78AnSpBlk,GB-RND-FRS-78ML-ASP-BLK,Round,78,Frosted,Glass Bottle,round-78ml-frosted-18-415-antiquespray,https://www.bestbottles.com/images/store/enlarged_pics/GBRndFrst78AnSpBlk.gif
GBRndFrst78AnSpGl,GB-RND-FRS-78ML-ASP-GLD,Round,78,Frosted,Glass Bottle,round-78ml-frosted-18-415-antiquespray,https://www.bestbottles.com/images/store/enlarged_pics/GBRndFrst78AnSpGl.gif
GBRndFrst78AnSpIvyGl,GB-RND-FRS-78ML-ASP-IVGD,Round,78,Frosted,Glass Bottle,round-78ml-frosted-18-415-antiquespray,https://www.bestbottles.com/images/store/enlarged_pics/GBRndFrst78AnSpIvyGl.gif
GBRndFrst78AnSpIvySl,GB-RND-FRS-78ML-ASP-IVSL,Round,78,Frosted,Glass Bottle,round-78ml-frosted-18-415-antiquespray,https://www.bestbottles.com/images/store/enlarged_pics/GBRndFrst78AnSpIvySl.gif
GBRndFrst78AnSpLvn,GB-RND-FRS-78ML-ASP-LVN,Round,78,Frosted,Glass Bottle,round-78ml-frosted-18-415-antiquespray,https://www.bestbottles.com/images/store/enlarged_pics/GBRndFrst78AnSpLvn.gif
GBRndFrst78AnSpMtSl,GB-RND-FRS-78ML-ASP-MSLV,Round,78,Frosted,Glass Bottle,round-78ml-frosted-18-415-antiquespray,https://www.bestbottles.com/images/store/enlarged_pics/GBRndFrst78AnSpMtSl.gif
GBRndFrst78AnSpPnk,GB-RND-FRS-78ML-ASP-PNK,Round,78,Frosted,Glass Bottle,round-78ml-frosted-18-415-antiquespray,https://www.bestbottles.com/images/store/enlarged_pics/GBRndFrst78AnSpPnk.gif
GBRndFrst78AnSpRed,GB-RND-FRS-78ML-ASP-RED,Round,78,Frosted,Glass Bottle,round-78ml-frosted-18-415-antiquespray,https://www.bestbottles.com/images/store/enlarged_pics/GBRndFrst78AnSpRed.gif
GBRndFrst78AnSpWht,GB-RND-FRS-78ML-T,Round,78,Frosted,Glass Bottle,round-78ml-frosted-18-415-antiquespray,https://www.bestbottles.com/images/store/enlarged_pics/GBRndFrst78AnSpWht.gif
GBRndFrst78RdcrBlkLthr,GB-RND-FRS-78ML-RDC-BKLT,Round,78,Frosted,Glass Bottle,round-78ml-frosted-18-415-reducer,https://www.bestbottles.com/images/store/enlarged_pics/GBRndFrst78RdcrBlkLthr.gif
GBRndFrst78RdcrBrwnLthr,GB-RND-FRS-78ML-RDC-BRLT,Round,78,Frosted,Glass Bottle,round-78ml-frosted-18-415-reducer,https://www.bestbottles.com/images/store/enlarged_pics/GBRndFrst78RdcrBrwnLthr.gif
GBRndFrst78RdcrIvyLthr,GB-RND-FRS-78ML-RDC-IVLT,Round,78,Frosted,Glass Bottle,round-78ml-frosted-18-415-reducer,https://www.bestbottles.com/images/store/enlarged_pics/GBRndFrst78RdcrIvyLthr.gif
GBRndFrst78RdcrLBrwnLthr,GB-RND-FRS-78ML-RDC-LBLT,Round,78,Frosted,Glass Bottle,round-78ml-frosted-18-415-reducer,https://www.bestbottles.com/images/store/enlarged_pics/GBRndFrst78RdcrLBrwnLthr.gif
GBRndFrst78RdcrMtSl,GB-RND-FRS-78ML-RDC-MSLV,Round,78,Frosted,Glass Bottle,round-78ml-frosted-18-415-reducer,https://www.bestbottles.com/images/store/enlarged_pics/GBRndFrst78RdcrMtSl.gif
GBRndFrst78RdcrMtSlTall,GB-RND-FRS-78ML-RDC-MSLV-T,Round,78,Frosted,Glass Bottle,round-78ml-frosted-18-415-reducer,https://www.bestbottles.com/images/store/enlarged_pics/GBRndFrst78RdcrMtSlTall.gif
GBRndFrst78RdcrPnkLthr,GB-RND-FRS-78ML-RDC-PKLT,Round,78,Frosted,Glass Bottle,round-78ml-frosted-18-415-reducer,https://www.bestbottles.com/images/store/enlarged_pics/GBRndFrst78RdcrPnkLthr.gif
GBRndFrst78RdcrShnBlk,GB-RND-FRS-78ML-RDC-SBLK,Round,78,Frosted,Glass Bottle,round-78ml-frosted-18-415-reducer,https://www.bestbottles.com/images/store/enlarged_pics/GBRndFrst78RdcrShnBlk.gif
GBRndFrst78RdcrShnBlkTall,GB-RND-FRS-78ML-RDC-SBLK-T,Round,78,Frosted,Glass Bottle,round-78ml-frosted-18-415-reducer,https://www.bestbottles.com/images/store/enlarged_pics/GBRndFrst78RdcrShnBlkTall.gif
GBRndFrst78RdcrShnGl,GB-RND-FRS-78ML-RDC-SGLD,Round,78,Frosted,Glass Bottle,round-78ml-frosted-18-415-reducer,https://www.bestbottles.com/images/store/enlarged_pics/GBRndFrst78RdcrShnGl.gif
GBRndFrst78RdcrShnSl,GB-RND-FRS-78ML-RDC-SSLV,Round,78,Frosted,Glass Bottle,round-78ml-frosted-18-415-reducer,https://www.bestbottles.com/images/store/enlarged_pics/GBRndFrst78RdcrShnSl.gif
GBRndFrst78RdcrWht,GB-RND-FRS-78ML-RDC-WHT,Round,78,Frosted,Glass Bottle,round-78ml-frosted-18-415-reducer,https://www.bestbottles.com/images/store/enlarged_pics/GBRndFrst78RdcrWht.gif
GBRnd128AnSpBlk,GB-RND-CLR-128ML-ASP-BLK,Round,128,Clear,Glass Bottle,round-128ml-clear-18-415-antiquespray,https://www.bestbottles.com/images/store/enlarged_pics/GBRnd128AnSpBlk.gif
GBRnd128AnSpGl,GB-RND-CLR-128ML-ASP-GLD,Round,128,Clear,Glass Bottle,round-128ml-clear-18-415-antiquespray,https://www.bestbottles.com/images/store/enlarged_pics/GBRnd128AnSpGl.gif
GBRnd128AnSpIvyGl,GB-RND-CLR-128ML-ASP-IVGD,Round,128,Clear,Glass Bottle,round-128ml-clear-18-415-antiquespray,https://www.bestbottles.com/images/store/enlarged_pics/GBRnd128AnSpIvyGl.gif
GBRnd128AnSpIvySl,GB-RND-CLR-128ML-ASP-IVSL,Round,128,Clear,Glass Bottle,round-128ml-clear-18-415-antiquespray,https://www.bestbottles.com/images/store/enlarged_pics/GBRnd128AnSpIvySl.gif
GBRnd128AnSpLvn,GB-RND-CLR-128ML-ASP-LVN,Round,128,Clear,Glass Bottle,round-128ml-clear-18-415-antiquespray,https://www.bestbottles.com/images/store/enlarged_pics/GBRnd128AnSpLvn.gif
GBRnd128AnSpMtSl,GB-RND-CLR-128ML-ASP-MSLV,Round,128,Clear,Glass Bottle,round-128ml-clear-18-415-antiquespray,https://www.bestbottles.com/images/store/enlarged_pics/GBRnd128AnSpMtSl.gif
GBRnd128AnSpPnk,GB-RND-CLR-128ML-ASP-PNK,Round,128,Clear,Glass Bottle,round-128ml-clear-18-415-antiquespray,https://www.bestbottles.com/images/store/enlarged_pics/GBRnd128AnSpPnk.gif
GBRnd128AnSpRed,GB-RND-CLR-128ML-ASP-RED,Round,128,Clear,Glass Bottle,round-128ml-clear-18-415-antiquespray,https://www.bestbottles.com/images/store/enlarged_pics/GBRnd128AnSpRed.gif
GBRnd128AnSpTslBlk,GB-RND-CLR-128ML-AST-BLK,Round,128,Clear,Glass Bottle,round-128ml-clear-18-415-antiquespray-tassel,https://www.bestbottles.com/images/store/enlarged_pics/GBRnd128AnSpTslBlk.gif
GBRnd128AnSpTslGl,GB-RND-CLR-128ML-AST-GLD,Round,128,Clear,Glass Bottle,round-128ml-clear-18-415-antiquespray-tassel,https://www.bestbottles.com/images/store/enlarged_pics/GBRnd128AnSpTslGl.gif
GBRnd128AnSpTslIvyGl,GB-RND-CLR-128ML-AST-IVGD,Round,128,Clear,Glass Bottle,round-128ml-clear-18-415-antiquespray-tassel,https://www.bestbottles.com/images/store/enlarged_pics/GBRnd128AnSpTslIvyGl.gif
GBRnd128AnSpTslIvySl,GB-RND-CLR-128ML-AST-IVSL,Round,128,Clear,Glass Bottle,round-128ml-clear-18-415-antiquespray-tassel,https://www.bestbottles.com/images/store/enlarged_pics/GBRnd128AnSpTslIvySl.gif
GBRnd128AnSpTslLvn,GB-RND-CLR-128ML-AST-LVN,Round,128,Clear,Glass Bottle,round-128ml-clear-18-415-antiquespray-tassel,https://www.bestbottles.com/images/store/enlarged_pics/GBRnd128AnSpTslLvn.gif
GBRnd128AnSpTslMtSl,GB-RND-CLR-128ML-AST-MSLV,Round,128,Clear,Glass Bottle,round-128ml-clear-18-415-antiquespray-tassel,https://www.bestbottles.com/images/store/enlarged_pics/GBRnd128AnSpTslMtSl.gif
GBRnd128AnSpTslPnk,GB-RND-CLR-128ML-AST-PNK,Round,128,Clear,Glass Bottle,round-128ml-clear-18-415-antiquespray-tassel,https://www.bestbottles.com/images/store/enlarged_pics/GBRnd128AnSpTslPnk.gif
GBRnd128AnSpTslRed,GB-RND-CLR-128ML-AST-RED,Round,128,Clear,Glass Bottle,round-128ml-clear-18-415-antiquespray-tassel,https://www.bestbottles.com/images/store/enlarged_pics/GBRnd128AnSpTslRed.gif
GBRnd128AnSpTslWht,GB-RND-CLR-128ML-AST-WHT,Round,128,Clear,Glass Bottle,round-128ml-clear-18-415-antiquespray-tassel,https://www.bestbottles.com/images/store/enlarged_pics/GBRnd128AnSpTslWht.gif
GBRnd128AnSpWht,GB-RND-CLR-128ML-ASP-WHT,Round,128,Clear,Glass Bottle,round-128ml-clear-18-415-antiquespray,https://www.bestbottles.com/images/store/enlarged_pics/GBRnd128AnSpWht.gif
GBRnd128DrpCu,GB-RND-CLR-128ML-DRP-CPR,Round,128,Clear,Glass Bottle,round-128ml-clear-18-415-dropper,https://www.bestbottles.com/images/store/enlarged_pics/GBRnd128DrpCu.gif
GBRnd128DrpGl,GB-RND-CLR-128ML-DRP-GLD,Round,128,Clear,Glass Bottle,round-128ml-clear-18-415-dropper,https://www.bestbottles.com/images/store/enlarged_pics/GBRnd128DrpGl.gif
GBRnd128DrpSl,GB-RND-CLR-128ML-DRP-SLV,Round,128,Clear,Glass Bottle,round-128ml-clear-18-415-dropper,https://www.bestbottles.com/images/store/enlarged_pics/GBRnd128DrpSl.gif
GBRnd128RdcrBlkLthr,GB-RND-CLR-128ML-RDC-BKLT,Round,128,Clear,Glass Bottle,round-128ml-clear-18-415-reducer,https://www.bestbottles.com/images/store/enlarged_pics/GBRnd128RdcrBlkLthr.gif
GBRnd128RdcrBrwnLthr,GB-RND-CLR-128ML-RDC-BRLT,Round,128,Clear,Glass Bottle,round-128ml-clear-18-415-reducer,https://www.bestbottles.com/images/store/enlarged_pics/GBRnd128RdcrBrwnLthr.gif
GBRnd128RdcrIvyLthr,GB-RND-CLR-128ML-RDC-IVLT,Round,128,Clear,Glass Bottle,round-128ml-clear-18-415-reducer,https://www.bestbottles.com/images/store/enlarged_pics/GBRnd128RdcrIvyLthr.gif
GBRnd128RdcrLBrwnLthr,GB-RND-CLR-128ML-RDC-LBLT,Round,128,Clear,Glass Bottle,round-128ml-clear-18-415-reducer,https://www.bestbottles.com/images/store/enlarged_pics/GBRnd128RdcrLBrwnLthr.gif
GBRnd128RdcrMtSl,GB-RND-CLR-128ML-RDC-MSLV,Round,128,Clear,Glass Bottle,round-128ml-clear-18-415-reducer,https://www.bestbottles.com/images/store/enlarged_pics/GBRnd128RdcrMtSl.gif
GBRnd128RdcrMtSlTall,GB-RND-CLR-128ML-RDC-MSLV-T,Round,128,Clear,Glass Bottle,round-128ml-clear-18-415-reducer,https://www.bestbottles.com/images/store/enlarged_pics/GBRnd128RdcrMtSlTall.gif
GBRnd128RdcrPnkLthr,GB-RND-CLR-128ML-RDC-PKLT,Round,128,Clear,Glass Bottle,round-128ml-clear-18-415-reducer,https://www.bestbottles.com/images/store/enlarged_pics/GBRnd128RdcrPnkLthr.gif
GBRnd128RdcrShnBlk,GB-RND-CLR-128ML-RDC-SBLK,Round,128,Clear,Glass Bottle,round-128ml-clear-18-415-reducer,https://www.bestbottles.com/images/store/enlarged_pics/GBRnd128RdcrShnBlk.gif
GBRnd128RdcrShnBlkTall,GB-RND-CLR-128ML-RDC-SBLK-T,Round,128,Clear,Glass Bottle,round-128ml-clear-18-415-reducer,https://www.bestbottles.com/images/store/enlarged_pics/GBRnd128RdcrShnBlkTall.gif
GBRnd128RdcrShnGl,GB-RND-CLR-128ML-RDC-SGLD,Round,128,Clear,Glass Bottle,round-128ml-clear-18-415-reducer,https://www.bestbottles.com/images/store/enlarged_pics/GBRnd128RdcrShnGl.gif
GBRnd128RdcrShnSl,GB-RND-CLR-128ML-RDC-SSLV,Round,128,Clear,Glass Bottle,round-128ml-clear-18-415-reducer,https://www.bestbottles.com/images/store/enlarged_pics/GBRnd128RdcrShnSl.gif
GBRnd128RdcrWht,GB-RND-CLR-128ML-RDC-WHT,Round,128,Clear,Glass Bottle,round-128ml-clear-18-415-reducer,https://www.bestbottles.com/images/store/enlarged_pics/GBRnd128RdcrWht.gif
GBRndFrst128AnSpBlk,GB-RND-FRS-128ML-ASP-BLK,Round,128,Frosted,Glass Bottle,round-128ml-frosted-18-415-antiquespray,https://www.bestbottles.com/images/store/enlarged_pics/GBRndFrst128AnSpBlk.gif
GBRndFrst128AnSpGl,GB-RND-FRS-128ML-ASP-SGLD,Round,128,Frosted,Glass Bottle,round-128ml-frosted-18-415-antiquespray,https://www.bestbottles.com/images/store/enlarged_pics/GBRndFrst128AnSpGl.gif
GBRndFrst128AnSpIvyGl,GB-RND-FRS-128ML-ASP-IVGD,Round,128,Frosted,Glass Bottle,round-128ml-frosted-18-415-antiquespray,https://www.bestbottles.com/images/store/enlarged_pics/GBRndFrst128AnSpIvyGl.gif
GBRndFrst128AnSpIvySl,GB-RND-FRS-128ML-ASP-IVSL,Round,128,Frosted,Glass Bottle,round-128ml-frosted-18-415-antiquespray,https://www.bestbottles.com/images/store/enlarged_pics/GBRndFrst128AnSpIvySl.gif
GBRndFrst128AnSpLvn,GB-RND-FRS-128ML-ASP-LVN,Round,128,Frosted,Glass Bottle,round-128ml-frosted-18-415-antiquespray,https://www.bestbottles.com/images/store/enlarged_pics/GBRndFrst128AnSpLvn.gif
GBRndFrst128AnSpMtSl,GB-RND-FRS-128ML-ASP-MSLV,Round,128,Frosted,Glass Bottle,round-128ml-frosted-18-415-antiquespray,https://www.bestbottles.com/images/store/enlarged_pics/GBRndFrst128AnSpMtSl.gif
GBRndFrst128AnSpPnk,GB-RND-FRS-128ML-ASP-PNK,Round,128,Frosted,Glass Bottle,round-128ml-frosted-18-415-antiquespray,https://www.bestbottles.com/images/store/enlarged_pics/GBRndFrst128AnSpPnk.gif
GBRndFrst128AnSpRed,GB-RND-FRS-128ML-ASP-RED,Round,128,Frosted,Glass Bottle,round-128ml-frosted-18-415-antiquespray,https://www.bestbottles.com/images/store/enlarged_pics/GBRndFrst128AnSpRed.gif
GBRndFrst128AnSpTslBlk,GB-RND-FRS-128ML-ASP-01,Round,128,Frosted,Glass Bottle,round-128ml-frosted-18-415-antiquespray,https://www.bestbottles.com/images/store/enlarged_pics/GBRndFrst128AnSpTslBlk.gif
GBRndFrst128AnSpTslGl,GB-RND-FRS-128ML-ASP-02,Round,128,Frosted,Glass Bottle,round-128ml-frosted-18-415-antiquespray,https://www.bestbottles.com/images/store/enlarged_pics/GBRndFrst128AnSpTslGl.gif
GBRndFrst128AnSpTslIvyGl,GB-RND-FRS-128ML-ASP-03,Round,128,Frosted,Glass Bottle,round-128ml-frosted-18-415-antiquespray,https://www.bestbottles.com/images/store/enlarged_pics/GBRndFrst128AnSpTslIvyGl.gif
GBRndFrst128AnSpTslIvySl,GB-RND-FRS-128ML-ASP-04,Round,128,Frosted,Glass Bottle,round-128ml-frosted-18-415-antiquespray,https://www.bestbottles.com/images/store/enlarged_pics/GBRndFrst128AnSpTslIvySl.gif
GBRndFrst128AnSpTslLvn,GB-RND-FRS-128ML-ASP-05,Round,128,Frosted,Glass Bottle,round-128ml-frosted-18-415-antiquespray,https://www.bestbottles.com/images/store/enlarged_pics/GBRndFrst128AnSpTslLvn.gif
GBRndFrst128AnSpTslMtSl,GB-RND-FRS-128ML-ASP-06,Round,128,Frosted,Glass Bottle,round-128ml-frosted-18-415-antiquespray,https://www.bestbottles.com/images/store/enlarged_pics/GBRndFrst128AnSpTslMtSl.gif
GBRndFrst128AnSpTslPnk,GB-RND-FRS-128ML-ASP-07,Round,128,Frosted,Glass Bottle,round-128ml-frosted-18-415-antiquespray,https://www.bestbottles.com/images/store/enlarged_pics/GBRndFrst128AnSpTslPnk.gif
GBRndFrst128AnSpTslRed,GB-RND-FRS-128ML-ASP-08,Round,128,Frosted,Glass Bottle,round-128ml-frosted-18-415-antiquespray,https://www.bestbottles.com/images/store/enlarged_pics/GBRndFrst128AnSpTslRed.gif
GBRndFrst128AnSpTslWht,GB-RND-FRS-128ML-ASP-09,Round,128,Frosted,Glass Bottle,round-128ml-frosted-18-415-antiquespray,https://www.bestbottles.com/images/store/enlarged_pics/GBRndFrst128AnSpTslWht.gif
GBRndFrst128AnSpWht,GB-RND-FRS-128ML-ASP-WHT,Round,128,Frosted,Glass Bottle,round-128ml-frosted-18-415-antiquespray,https://www.bestbottles.com/images/store/enlarged_pics/GBRndFrst128AnSpWht.gif
GBRndFrst128DrpCu,GB-RND-FRS-128ML-DRP-CPR,Round,128,Frosted,Glass Bottle,round-128ml-frosted-18-415-dropper,https://www.bestbottles.com/images/store/enlarged_pics/GBRndFrst128DrpCu.gif
GBRndFrst128DrpGl,GB-RND-FRS-12ML-DRP-SGLD,Round,128,Frosted,Glass Bottle,round-128ml-frosted-18-415-dropper,https://www.bestbottles.com/images/store/enlarged_pics/GBRndFrst128DrpGl.gif
GBRndFrst128DrpSl,GB-RND-FRS-128ML-DRP-SLV,Round,128,Frosted,Glass Bottle,round-128ml-frosted-18-415-dropper,https://www.bestbottles.com/images/store/enlarged_pics/GBRndFrst128DrpSl.gif
GBRndFrst128RdcrBlkLthr,GB-RND-FRS-128ML-RDC-BLK,Round,128,Frosted,Glass Bottle,round-128ml-frosted-18-415-reducer,https://www.bestbottles.com/images/store/enlarged_pics/GBRndFrst128RdcrBlkLthr.gif
GBRndFrst128RdcrBrwnLthr,GB-RND-FRS-128ML-RDC-01,Round,128,Frosted,Glass Bottle,round-128ml-frosted-18-415-reducer,https://www.bestbottles.com/images/store/enlarged_pics/GBRndFrst128RdcrBrwnLthr.gif
GBRndFrst128RdcrIvyLthr,GB-RND-FRS-128ML-RDC-IVR,Round,128,Frosted,Glass Bottle,round-128ml-frosted-18-415-reducer,https://www.bestbottles.com/images/store/enlarged_pics/GBRndFrst128RdcrIvyLthr.gif
GBRndFrst128RdcrLBrwnLthr,GB-RND-FRS-128ML-RDC-02,Round,128,Frosted,Glass Bottle,round-128ml-frosted-18-415-reducer,https://www.bestbottles.com/images/store/enlarged_pics/GBRndFrst128RdcrLBrwnLthr.gif
GBRndFrst128RdcrMtSl,GB-RND-FRS-128ML-RDC-MSLV,Round,128,Frosted,Glass Bottle,round-128ml-frosted-18-415-reducer,https://www.bestbottles.com/images/store/enlarged_pics/GBRndFrst128RdcrMtSl.gif
GBRndFrst128RdcrMtSlTall,GB-RND-FRS-128ML-RDC-MSLV-T,Round,128,Frosted,Glass Bottle,round-128ml-frosted-18-415-reducer,https://www.bestbottles.com/images/store/enlarged_pics/GBRndFrst128RdcrMtSlTall.gif
GBRndFrst128RdcrPnkLthr,GB-RND-FRS-128ML-RDC-PNK,Round,128,Frosted,Glass Bottle,round-128ml-frosted-18-415-reducer,https://www.bestbottles.com/images/store/enlarged_pics/GBRndFrst128RdcrPnkLthr.gif
GBRndFrst128RdcrShnBlk,GB-RND-FRS-128ML-RDC-SBLK,Round,128,Frosted,Glass Bottle,round-128ml-frosted-18-415-reducer,https://www.bestbottles.com/images/store/enlarged_pics/GBRndFrst128RdcrShnBlk.gif
GBRndFrst128RdcrShnBlkTall,GB-RND-FRS-128ML-RDC-SBLK-T,Round,128,Frosted,Glass Bottle,round-128ml-frosted-18-415-reducer,https://www.bestbottles.com/images/store/enlarged_pics/GBRndFrst128RdcrShnBlkTall.gif
GBRndFrst128RdcrShnGl,GB-RND-FRS-128ML-RDC-SGLD,Round,128,Frosted,Glass Bottle,round-128ml-frosted-18-415-reducer,https://www.bestbottles.com/images/store/enlarged_pics/GBRndFrst128RdcrShnGl.gif
GBRndFrst128RdcrShnSl,GB-RND-FRS-128ML-RDC-SSLV,Round,128,Frosted,Glass Bottle,round-128ml-frosted-18-415-reducer,https://www.bestbottles.com/images/store/enlarged_pics/GBRndFrst128RdcrShnSl.gif
GBRndFrst128RdcrWht,GB-RND-FRS-128ML-RDC-WHT,Round,128,Frosted,Glass Bottle,round-128ml-frosted-18-415-reducer,https://www.bestbottles.com/images/store/enlarged_pics/GBRndFrst128RdcrWht.gif
GBRoyal13RollSlSh,GB-RYL-CLR-13ML-ROL-SSLV,Royal,13,Clear,Glass Bottle,royal-13ml-clear-13-415-rollon,https://www.bestbottles.com/images/store/enlarged_pics/GBRoyal13RollSlSh.gif
GBSlk50AnSpGl,GB-SLK-CLR-50ML-ASP-GLD,Sleek,50,Clear,Glass Bottle,sleek-50ml-clear-18-415-antiquespray,https://www.bestbottles.com/images/store/enlarged_pics/GBSlk50AnSpGl.gif
GBSlk50AnSpIvyGl,GB-SLK-CLR-50ML-ASP-IVGD,Sleek,50,Clear,Glass Bottle,sleek-50ml-clear-18-415-antiquespray,https://www.bestbottles.com/images/store/enlarged_pics/GBSlk50AnSpIvyGl.gif
GBSlk50AnSpIvySl,GB-SLK-CLR-50ML-ASP-IVSL,Sleek,50,Clear,Glass Bottle,sleek-50ml-clear-18-415-antiquespray,https://www.bestbottles.com/images/store/enlarged_pics/GBSlk50AnSpIvySl.gif
GBSlk50AnSpLvn,GB-SLK-CLR-50ML-ASP-LVN,Sleek,50,Clear,Glass Bottle,sleek-50ml-clear-18-415-antiquespray,https://www.bestbottles.com/images/store/enlarged_pics/GBSlk50AnSpLvn.gif
GBSlk50AnSpMtSl,GB-SLK-CLR-50ML-ASP-MSLV,Sleek,50,Clear,Glass Bottle,sleek-50ml-clear-18-415-antiquespray,https://www.bestbottles.com/images/store/enlarged_pics/GBSlk50AnSpMtSl.gif
GBSlk50AnSpPnk,GB-SLK-CLR-50ML-ASP-PNK,Sleek,50,Clear,Glass Bottle,sleek-50ml-clear-18-415-antiquespray,https://www.bestbottles.com/images/store/enlarged_pics/GBSlk50AnSpPnk.gif
GBSlk50AnSpRed,GB-SLK-CLR-50ML-ASP-RED,Sleek,50,Clear,Glass Bottle,sleek-50ml-clear-18-415-antiquespray,https://www.bestbottles.com/images/store/enlarged_pics/GBSlk50AnSpRed.gif
GBSlk50AnSpWht,GB-SLK-CLR-50ML-ASP-WHT,Sleek,50,Clear,Glass Bottle,sleek-50ml-clear-18-415-antiquespray,https://www.bestbottles.com/images/store/enlarged_pics/GBSlk50AnSpWht.gif
GBSlm50AnSpGl,GB-SLM-CLR-50ML-ASP-GLD,Slim,50,Clear,Glass Bottle,slim-50ml-clear-18-415-antiquespray,https://www.bestbottles.com/images/store/enlarged_pics/GBSlm50AnSpGl.gif
GBSlm50AnSpIvyGl,GB-SLM-CLR-50ML-ASP-IVGD,Slim,50,Clear,Glass Bottle,slim-50ml-clear-18-415-antiquespray,https://www.bestbottles.com/images/store/enlarged_pics/GBSlm50AnSpIvyGl.gif
GBSlm50AnSpIvySl,GB-SLM-CLR-50ML-ASP-IVSL,Slim,50,Clear,Glass Bottle,slim-50ml-clear-18-415-antiquespray,https://www.bestbottles.com/images/store/enlarged_pics/GBSlm50AnSpIvySl.gif
GBSlm50AnSpLvn,GB-SLM-CLR-50ML-ASP-LVN,Slim,50,Clear,Glass Bottle,slim-50ml-clear-18-415-antiquespray,https://www.bestbottles.com/images/store/enlarged_pics/GBSlm50AnSpLvn.gif
GBSlm50AnSpMtSl,GB-SLM-CLR-50ML-ASP-MSLV,Slim,50,Clear,Glass Bottle,slim-50ml-clear-18-415-antiquespray,https://www.bestbottles.com/images/store/enlarged_pics/GBSlm50AnSpMtSl.gif
GBSlm50AnSpPnk,GB-SLM-CLR-50ML-ASP-PNK,Slim,50,Clear,Glass Bottle,slim-50ml-clear-18-415-antiquespray,https://www.bestbottles.com/images/store/enlarged_pics/GBSlm50AnSpPnk.gif
GBSlm50AnSpRed,GB-SLM-CLR-50ML-ASP-RED,Slim,50,Clear,Glass Bottle,slim-50ml-clear-18-415-antiquespray,https://www.bestbottles.com/images/store/enlarged_pics/GBSlm50AnSpRed.gif
GBSlm50AnSpWht,GB-SLM-CLR-50ML-ASP-WHT,Slim,50,Clear,Glass Bottle,slim-50ml-clear-18-415-antiquespray,https://www.bestbottles.com/images/store/enlarged_pics/GBSlm50AnSpWht.gif
