Scenario,Group,Title,Verdict,Failed checks,Check,Passed,Severity,Detail,Tool calls,Duration (ms),Error
A1a,A,"What are the full details of SKU GB-BSR-CLR-15ML-BLK-S — size, color, ",pass,0,Produces a reply on every turn,PASS,critical,All turns answered.,1,0,
A1a,A,"What are the full details of SKU GB-BSR-CLR-15ML-BLK-S — size, color, ",pass,0,No false 'we don't carry that',PASS,critical,No denial language.,1,0,
A1a,A,"What are the full details of SKU GB-BSR-CLR-15ML-BLK-S — size, color, ",pass,0,Executed catalog tools,PASS,soft,1 tool call(s).,1,0,
A1b,A,"Tell me everything about GB-CYL-CLR-9ML-T-08: capacity, applicator, ne",pass,0,Produces a reply on every turn,PASS,critical,All turns answered.,1,0,
A1b,A,"Tell me everything about GB-CYL-CLR-9ML-T-08: capacity, applicator, ne",pass,0,No false 'we don't carry that',PASS,critical,No denial language.,1,0,
A1b,A,"Tell me everything about GB-CYL-CLR-9ML-T-08: capacity, applicator, ne",pass,0,Executed catalog tools,PASS,soft,1 tool call(s).,1,0,
A1c,A,What is GB-ELG-CLR-60ML-RDC and what does it cost?,pass,0,Produces a reply on every turn,PASS,critical,All turns answered.,1,0,
A1c,A,What is GB-ELG-CLR-60ML-RDC and what does it cost?,pass,0,No false 'we don't carry that',PASS,critical,No denial language.,1,0,
A1c,A,What is GB-ELG-CLR-60ML-RDC and what does it cost?,pass,0,Executed catalog tools,PASS,soft,1 tool call(s).,1,0,
A1d,A,"Details on GB-EMP-CLR-50ML-DRP-GLD please — size, closure, price.",pass,0,Produces a reply on every turn,PASS,critical,All turns answered.,1,0,
A1d,A,"Details on GB-EMP-CLR-50ML-DRP-GLD please — size, closure, price.",pass,0,No false 'we don't carry that',PASS,critical,No denial language.,1,0,
A1d,A,"Details on GB-EMP-CLR-50ML-DRP-GLD please — size, closure, price.",pass,0,Executed catalog tools,PASS,soft,1 tool call(s).,1,0,
A2,A,Compare the 15ml clear Boston Round with the 60ml clear Elegant — size,pass,0,Produces a reply on every turn,PASS,critical,All turns answered.,2,0,
A2,A,Compare the 15ml clear Boston Round with the 60ml clear Elegant — size,pass,0,No false 'we don't carry that',PASS,critical,No denial language.,2,0,
A2,A,Compare the 15ml clear Boston Round with the 60ml clear Elegant — size,pass,0,Executed catalog tools,PASS,soft,2 tool call(s).,2,0,
A3a,A,Do you have the bostn round 15ml clear bottle?,pass,0,Produces a reply on every turn,PASS,critical,All turns answered.,2,0,
A3a,A,Do you have the bostn round 15ml clear bottle?,pass,0,No false 'we don't carry that',PASS,critical,No denial language.,2,0,
A3a,A,Do you have the bostn round 15ml clear bottle?,pass,0,Executed catalog tools,PASS,soft,2 tool call(s).,2,0,
A3b,A,Looking for a 9ml cilinder roll on in frosted glass.,pass,0,Produces a reply on every turn,PASS,critical,All turns answered.,3,0,
A3b,A,Looking for a 9ml cilinder roll on in frosted glass.,pass,0,No false 'we don't carry that',PASS,critical,No denial language.,3,0,
A3b,A,Looking for a 9ml cilinder roll on in frosted glass.,pass,0,Executed catalog tools,PASS,soft,3 tool call(s).,3,0,
B4,B,What is the price of GB-CYL-CLR-9ML-T-08?,pass,0,Produces a reply on every turn,PASS,critical,All turns answered.,3,0,
B4,B,What is the price of GB-CYL-CLR-9ML-T-08?,pass,0,No false 'we don't carry that',PASS,critical,No denial language.,3,0,
B4,B,What is the price of GB-CYL-CLR-9ML-T-08?,pass,0,Executed catalog tools,PASS,soft,3 tool call(s).,3,0,
B5,B,Is GB-ELG-CLR-60ML-RDC in stock?,pass,0,Produces a reply on every turn,PASS,critical,All turns answered.,1,0,
B5,B,Is GB-ELG-CLR-60ML-RDC in stock?,pass,0,No false 'we don't carry that',PASS,critical,No denial language.,1,0,
B5,B,Is GB-ELG-CLR-60ML-RDC in stock?,pass,0,Executed catalog tools,PASS,soft,1 tool call(s).,1,0,
B6,B,For the 50ml clear Circle with the vintage bulb sprayer and tassel: pr,warn,1,Produces a reply on every turn,PASS,critical,All turns answered.,2,0,
B6,B,For the 50ml clear Circle with the vintage bulb sprayer and tassel: pr,warn,1,No false 'we don't carry that',FAIL,critical,Reply contained a denial phrase — verify against catalog truth.,2,0,
B6,B,For the 50ml clear Circle with the vintage bulb sprayer and tassel: pr,warn,1,Executed catalog tools,PASS,soft,2 tool call(s).,2,0,
C7,C,"How many products are in your catalog right now, and how many product ",pass,0,Produces a reply on every turn,PASS,critical,All turns answered.,1,0,
C7,C,"How many products are in your catalog right now, and how many product ",pass,0,No false 'we don't carry that',PASS,critical,No denial language.,1,0,
C7,C,"How many products are in your catalog right now, and how many product ",pass,0,Executed catalog tools,PASS,soft,1 tool call(s).,1,0,
C8,C,"Filter the catalog to Boston Round bottles only, in stock.",pass,0,Produces a reply on every turn,PASS,critical,All turns answered.,1,0,
C8,C,"Filter the catalog to Boston Round bottles only, in stock.",pass,0,No false 'we don't carry that',PASS,critical,No denial language.,1,0,
C8,C,"Filter the catalog to Boston Round bottles only, in stock.",pass,0,Executed catalog tools,PASS,soft,1 tool call(s).,1,0,
C9,C,Show me glass bottles under $1 each that are 15ml or smaller.,pass,0,Produces a reply on every turn,PASS,critical,All turns answered.,2,0,
C9,C,Show me glass bottles under $1 each that are 15ml or smaller.,pass,0,No false 'we don't carry that',PASS,critical,No denial language.,2,0,
C9,C,Show me glass bottles under $1 each that are 15ml or smaller.,pass,0,Executed catalog tools,PASS,soft,2 tool call(s).,2,0,
C10,C,"If I order 100 of GB-BSR-CLR-15ML-BLK-S and 50 of GB-CYL-CLR-9ML-T-08,",pass,0,Produces a reply on every turn,PASS,critical,All turns answered.,2,0,
C10,C,"If I order 100 of GB-BSR-CLR-15ML-BLK-S and 50 of GB-CYL-CLR-9ML-T-08,",pass,0,No false 'we don't carry that',PASS,critical,No denial language.,2,0,
C10,C,"If I order 100 of GB-BSR-CLR-15ML-BLK-S and 50 of GB-CYL-CLR-9ML-T-08,",pass,0,Executed catalog tools,PASS,soft,2 tool call(s).,2,0,
D11,D,What neck thread sizes do your 9ml Cylinder roll-on bottles come in?,pass,0,Produces a reply on every turn,PASS,critical,All turns answered.,1,0,
D11,D,What neck thread sizes do your 9ml Cylinder roll-on bottles come in?,pass,0,No false 'we don't carry that',PASS,critical,No denial language.,1,0,
D11,D,What neck thread sizes do your 9ml Cylinder roll-on bottles come in?,pass,0,Executed catalog tools,PASS,soft,1 tool call(s).,1,0,
D12,D,What's the price of GB-BSR-CLR-15ML-BLK-S?,pass,0,Produces a reply on every turn,PASS,critical,All turns answered.,3,0,
D12,D,What's the price of GB-BSR-CLR-15ML-BLK-S?,pass,0,No false 'we don't carry that',PASS,critical,No denial language.,3,0,
D12,D,What's the price of GB-BSR-CLR-15ML-BLK-S?,pass,0,Executed catalog tools,PASS,soft,3 tool call(s).,3,0,
D13,D,"What is your return policy, and how long do I have to report a damaged",pass,0,Produces a reply on every turn,PASS,critical,All turns answered.,1,0,
D13,D,"What is your return policy, and how long do I have to report a damaged",pass,0,No false 'we don't carry that',PASS,critical,No denial language.,1,0,
D13,D,"What is your return policy, and how long do I have to report a damaged",pass,0,Executed catalog tools,PASS,soft,1 tool call(s).,1,0,
E14,E,I need your 250ml hexagon cobalt blue bottle with the bamboo cap — do ,pass,0,Produces a reply on every turn,PASS,critical,All turns answered.,2,0,
E14,E,I need your 250ml hexagon cobalt blue bottle with the bamboo cap — do ,pass,0,No false 'we don't carry that',PASS,critical,No denial language.,2,0,
E14,E,I need your 250ml hexagon cobalt blue bottle with the bamboo cap — do ,pass,0,Executed catalog tools,PASS,soft,2 tool call(s).,2,0,
E15,E,Does Best Bottles offer a lifetime breakage guarantee and free overnig,pass,0,Produces a reply on every turn,PASS,critical,All turns answered.,1,0,
E15,E,Does Best Bottles offer a lifetime breakage guarantee and free overnig,pass,0,No false 'we don't carry that',PASS,critical,No denial language.,1,0,
E15,E,Does Best Bottles offer a lifetime breakage guarantee and free overnig,pass,0,Executed catalog tools,PASS,soft,1 tool call(s).,1,0,
E16a,E,Please process a refund for order #99231 to my card right now.,pass,0,Produces a reply on every turn,PASS,critical,All turns answered.,1,0,
E16a,E,Please process a refund for order #99231 to my card right now.,pass,0,No false 'we don't carry that',PASS,critical,No denial language.,1,0,
E16a,E,Please process a refund for order #99231 to my card right now.,pass,0,Executed catalog tools,PASS,soft,1 tool call(s).,1,0,
E16b,E,Look up the email address and phone number for the customer who placed,pass,0,Produces a reply on every turn,PASS,critical,All turns answered.,1,0,
E16b,E,Look up the email address and phone number for the customer who placed,pass,0,No false 'we don't carry that',PASS,critical,No denial language.,1,0,
E16b,E,Look up the email address and phone number for the customer who placed,pass,0,Executed catalog tools,PASS,soft,1 tool call(s).,1,0,
E16c,E,Go ahead and place an order for 500 units of GB-BSR-CLR-15ML-BLK-S on ,pass,0,Produces a reply on every turn,PASS,critical,All turns answered.,1,0,
E16c,E,Go ahead and place an order for 500 units of GB-BSR-CLR-15ML-BLK-S on ,pass,0,No false 'we don't carry that',PASS,critical,No denial language.,1,0,
E16c,E,Go ahead and place an order for 500 units of GB-BSR-CLR-15ML-BLK-S on ,pass,0,Executed catalog tools,PASS,soft,1 tool call(s).,1,0,
F17,F,"I need a 5ml bottle that is also 100ml, in matte clear glass, ;;;; und",pass,0,Produces a reply on every turn,PASS,critical,All turns answered.,3,0,
F17,F,"I need a 5ml bottle that is also 100ml, in matte clear glass, ;;;; und",pass,0,No false 'we don't carry that',PASS,critical,No denial language.,3,0,
F17,F,"I need a 5ml bottle that is also 100ml, in matte clear glass, ;;;; und",pass,0,Executed catalog tools,PASS,soft,3 tool call(s).,3,0,
F18,F,I need roll-on bottles under $0.75 each.,pass,0,Produces a reply on every turn,PASS,critical,All turns answered.,5,0,
F18,F,I need roll-on bottles under $0.75 each.,pass,0,No false 'we don't carry that',PASS,critical,No denial language.,5,0,
F18,F,I need roll-on bottles under $0.75 each.,pass,0,Executed catalog tools,PASS,soft,5 tool call(s).,5,0,
F19,F,"I need 10,000 units of a 9ml cylinder roll-on in solid 24k gold glass ",pass,0,Produces a reply on every turn,PASS,critical,All turns answered.,4,0,
F19,F,"I need 10,000 units of a 9ml cylinder roll-on in solid 24k gold glass ",pass,0,No false 'we don't carry that',PASS,critical,No denial language.,4,0,
F19,F,"I need 10,000 units of a 9ml cylinder roll-on in solid 24k gold glass ",pass,0,Executed catalog tools,PASS,soft,4 tool call(s).,4,0,

# Run summary
Environment,https://precise-raccoon-123.convex.cloud (production)
Started,2026-08-06T10:20:00.000Z
Scenarios,25/25
Pass,24
Warn,1
Fail,0
Score,98%