neckThreadSize,websiteSku,graceSku,category,family,capacityMl,color,applicator,productUrl,imageUrl,componentCount
13-425,CP13-425Blk,CMP-CLS-BLK-13-425,Component,Cap/Closure,0.0,,Cap/Closure,https://www.bestbottles.com/product/caps-lids-top-bottle-black-color-1oz-20-400,,0
13-425,CP13-425Wht,CMP-CLS-WHT-13-425,Component,Cap/Closure,0.0,,Cap/Closure,https://www.bestbottles.com/product/dropper-white-rubber-bulb-copper-trim-glass-pipette,,0
13-425,GBVialAmb1o5WhtCapSht,GB-VIA-AMB-1.5ML-WHT-S,Glass Bottle,Vial,2.0,Amber,,https://www.bestbottles.com/product/Vial-design-1-o-5-ml-amber-glass-white-short-cap,https://yzy7l20k4yt6znzz.public.blob.vercel-storage.com/plates/vial-2ml-amber-13-425/GBVialAmb1o5WhtCapSht/bb05fdf0303b02347eacc47a7dd930f66d146bba4d918c2649fc6ce1002356aa.front-on-1000x1100.webp,0
13-425,GBVBlu1o9BlackCapSht,GB-VIA-BLU-3ML-BLK-S,Glass Bottle,Vial,3.0,Blue,,https://www.bestbottles.com/product/Vial-design-5-8-dram-blue-glass-black-short-cap,https://cdn.shopify.com/s/files/1/0739/9420/7524/files/GB-VIA-BLU-3ML-BLK-S__GBVBlu1o9BlackCapSht__pdp-main__v001.png?v=1781252603,0
13-425,GBVGreen2o4BlackCapSht,GB-VIA-CLR-3ML-GRN-S,Glass Bottle,Vial,3.0,Green,,https://www.bestbottles.com/product/Vial-design-5-8-dram-green-glass-black-short-cap,https://cdn.shopify.com/s/files/1/0739/9420/7524/files/1779592258165-396429dc-5554-446a-8ec1-161e15de1340_d173cec2-0a09-48db-9308-a02961849176.png?v=1779596449,0
13-425,GBVGreen2o4WhtCapSht,GB-GRN-GRN-20ML,Glass Bottle,Vial,3.0,Green,,https://www.bestbottles.com/product/Vial-design-5-8-dram-green-glass-white-short-cap,https://cdn.shopify.com/s/files/1/0739/9420/7524/files/GB-GRN-GRN-20ML__GBVGreen2o4WhtCapSht__pdp-main__v001.png?v=1781252524,0
13-425,GBV1DrmBlackCapSht,GB-VIA-CLR-3ML-S-01,Glass Bottle,Vial,4.0,Clear,,https://www.bestbottles.com/product/Vial-design-1-dram-clear-glass-black-short-cap,https://www.bestbottles.com/images/store/enlarged_pics/GBVial1DrmBlackCapSht.gif,0
13-425,GBV1DrmBlkDropper,GB-VIA-CLR-3ML-01,Glass Bottle,Vial,4.0,Clear,Dropper,https://www.bestbottles.com/product/Vial-design-1-dram-clear-glass-black-dropper,https://yzy7l20k4yt6znzz.public.blob.vercel-storage.com/plates/vial-4ml-clear-13-425/GBV1DrmBlkDropper/dcfbfacb47fe85ad6b72208079bf71a3137c6e7a6d8c1c98541cfa86881fc820.front-on-1000x1100.webp,0
13-425,GBV1DrmWhtCapSht,GB-VIA-CLR-3ML-S-02,Glass Bottle,Vial,4.0,Clear,,https://www.bestbottles.com/product/Vial-design-1-dram-clear-glass-white-short-cap,https://www.bestbottles.com/images/store/enlarged_pics/GBVial1DrmWhtCapSht.gif,0
13-425,GBVAmb1DrmBlackCapSht,GB-VIA-CLR-3ML-S-03,Glass Bottle,Vial,4.0,Amber,,https://www.bestbottles.com/product/Vial-design-1-dram-amber-glass-black-short-cap,https://yzy7l20k4yt6znzz.public.blob.vercel-storage.com/plates/vial-4ml-amber-13-425/GBVAmb1DrmBlackCapSht/e1f5e5ed54b6c6af53c1fbccf548d2c53e0fe8f11fe1f978b4dd074b0a63d5e5.front-on-1000x1100.webp,0
13-425,GBVAmb1DrmBlkDrpr,GB-VIA-CLR-3ML-02,Glass Bottle,Vial,4.0,Amber,Dropper,https://www.bestbottles.com/product/Vial-design-1-dram-amber-glass-black-dropper,https://www.bestbottles.com/images/store/enlarged_pics/GBVAmb1DrmBlkDropper.gif,0
13-425,GBVAmb1DrmWhtCapSht,GB-VIA-CLR-3ML-S-04,Glass Bottle,Vial,4.0,Amber,,https://www.bestbottles.com/product/Vial-design-1-dram-amber-glass-white-short-cap,https://yzy7l20k4yt6znzz.public.blob.vercel-storage.com/plates/vial-4ml-amber-13-425/GBVAmb1DrmWhtCapSht/65dbf78fe158c8cc45cecea1e38145760f5290aa3d54f8e48e902b25b6eb38b2.front-on-1000x1100.webp,0
13-425,GBVBlu1DrmBlackCapSht,GB-VIA-CLR-3ML-S-05,Glass Bottle,Vial,4.0,Blue,,https://www.bestbottles.com/product/Vial-design-1-dram-blue-glass-black-short-cap,https://yzy7l20k4yt6znzz.public.blob.vercel-storage.com/plates/vial-4ml-blue-13-425/GBVBlu1DrmBlackCapSht/0279c9b86717090609106ee89bddc61f82902bab72c6d27bf6ccc351b4caab7a.front-on-1000x1100.webp,0
13-425,GBVBlu1DrmBlkDropper,GB-VIA-CLR-3ML-03,Glass Bottle,Vial,4.0,Blue,Dropper,https://www.bestbottles.com/product/Vial-design-1-dram-blue-glass-black-dropper,https://yzy7l20k4yt6znzz.public.blob.vercel-storage.com/plates/vial-4ml-blue-13-425/GBVBlu1DrmBlkDropper/565d7bb8f3316ccb3001215e8cfbe50b626f346d28d1e56abe5067a6d64d36e9.front-on-1000x1100.webp,0
13-425,GBVBlu1DrmWhtCapSht,GB-VIA-CLR-3ML-S-06,Glass Bottle,Vial,4.0,Blue,,https://www.bestbottles.com/product/Vial-design-1-dram-blue-glass-white-short-cap,https://yzy7l20k4yt6znzz.public.blob.vercel-storage.com/plates/vial-4ml-blue-13-425/GBVBlu1DrmWhtCapSht/8311ba758d36e2affb9ffc081f712fe4b483b60825b5e7163f18bc7d70649bde.front-on-1000x1100.webp,0
13-425,GBVGr1DrmBlackCapSht,GB-VIA-CLR-3ML-S-07,Glass Bottle,Vial,4.0,Green,,https://www.bestbottles.com/product/Vial-design-1-dram-green-glass-black-short-cap,https://yzy7l20k4yt6znzz.public.blob.vercel-storage.com/plates/vial-4ml-green-13-425/GBVGr1DrmBlackCapSht/e970441d21236e1fbcf5125de43d30944aa00bca167f7ce3a8b9f2811dd3e2df.front-on-1000x1100.webp,0
13-425,GBVGr1DrmBlkDropper,GB-VIA-CLR-3ML-04,Glass Bottle,Vial,4.0,Green,Dropper,https://www.bestbottles.com/product/Vial-design-1-dram-green-glass-black-dropper,https://yzy7l20k4yt6znzz.public.blob.vercel-storage.com/plates/vial-4ml-green-13-425/GBVGr1DrmBlkDropper/59f7b8e86e65c77b5a43c78dc21d81d88b4933fe8bf8f310387cccb1dda555fc.front-on-1000x1100.webp,0
13-425,GBVGr1DrmWhtCapSht,GB-VIA-CLR-3ML-S-08,Glass Bottle,Vial,4.0,Green,,https://www.bestbottles.com/product/Vial-design-1-dram-green-glass-white-short-cap,https://yzy7l20k4yt6znzz.public.blob.vercel-storage.com/plates/vial-4ml-green-13-425/GBVGr1DrmWhtCapSht/3632d2c30afa43ac370dd930f43fbfad3a430f9b82fdf32b5b475a3684d8577d.front-on-1000x1100.webp,0
8-425,8-425CpShortBlack,CMP-CAP-BLK-8-425,Component,Cap/Closure,0.0,Black,Cap/Closure,https://www.bestbottles.com/product/Caps-short-lid-top-black-Color-8-425,https://www.bestbottles.com/images/store/enlarged_pics/CP8-425ShortBlack.gif,0
8-425,8-425CpShortWhite,CMP-CAP-WHT-8-425,Component,Cap/Closure,0.0,White,Cap/Closure,https://www.bestbottles.com/product/Caps-short-lid-top-White-Color-8-425,https://www.bestbottles.com/images/store/enlarged_pics/CP8-425ShortWhite.gif,0
8-425,CP8-425TallBlack,CMP-CAP-BLK-8425-T,Component,Cap/Closure,0.0,Black,Cap/Closure,https://www.bestbottles.com/product/Caps-tall-lid-top-black-Color-8-425,https://www.bestbottles.com/images/store/enlarged_pics/CP8-425TallBlack.gif,0
8-425,CP8-425TallShnGl,CMP-CAP-SGLD-8425-T,Component,Cap/Closure,0.0,Gold,Cap/Closure,https://www.bestbottles.com/product/Caps-tall-lid-top-shiny-gold-Color-8-425,https://yzy7l20k4yt6znzz.public.blob.vercel-storage.com/plates/cap-closure-8-425/CP8-425TallShnGl/5088f2225a60b2aba7d5d9e84e0651f9990f48a9626d7d248151a36e331125bf.front-on-1000x1100.webp,0
8-425,CP8-425TallShnSl,CMP-CAP-SSLV-8425-T,Component,Cap/Closure,0.0,Silver,Cap/Closure,https://www.bestbottles.com/product/Caps-tall-lid-top-shiny-silver-Color-8-425,https://yzy7l20k4yt6znzz.public.blob.vercel-storage.com/plates/cap-closure-8-425/CP8-425TallShnSl/82ef903c4a1c52e02e1ec23e1903761808f7ba5c05fd1a66be4c421c1c4e42fa.front-on-1000x1100.webp,0
8-425,GBVAmb2BlackCap,GB-VIA-CLR-2ML-S-01,Glass Bottle,Vial,2.0,Amber,,https://www.bestbottles.com/product/Vial-design-2-ml-amber-glass-short-black-cap,https://yzy7l20k4yt6znzz.public.blob.vercel-storage.com/plates/vial-2ml-amber-8-425/GBVAmb2BlackCap/dff12ef49b4f43d8fb8f140cc02a6c236be7b22ec9682b2175d765cf6e823102.front-on-1000x1100.webp,5
8-425,GBVAmb2WhtCap,GB-VIA-CLR-2ML-S-02,Glass Bottle,Vial,2.0,Amber,,https://www.bestbottles.com/product/Vial-design-2-ml-amber-glass-short-white-cap,https://yzy7l20k4yt6znzz.public.blob.vercel-storage.com/plates/vial-2ml-amber-8-425/GBVAmb2WhtCap/94555813a3be242d72bcb9ac4e2e035733e7514bbc93b5f92f45f06817bf8cf0.front-on-1000x1100.webp,5
8-425,GBVialClr2mlBlackCap,GB-VIA-CLR-2ML-BLK-T,Glass Bottle,Vial,2.0,Clear,,https://www.bestbottles.com/product/Vial-design-2-ml-clear-glass-vial-short-black-cap,https://yzy7l20k4yt6znzz.public.blob.vercel-storage.com/plates/vial-2ml-clear-8-425/GBVialClr2mlBlackCap/2c2522ffc06da3eb084ba920364e1735d4a78db63e359a97369b6b631cf79820.front-on-1000x1100.webp,5
8-425,GBVialClr2mlWhtCap,GB-VIA-CLR-2ML-WHT-T,Glass Bottle,Vial,2.0,Clear,,https://www.bestbottles.com/product/Vial-design-2-ml-clear-glass-vial-short-white-cap,https://yzy7l20k4yt6znzz.public.blob.vercel-storage.com/plates/vial-2ml-clear-8-425/GBVialClr2mlWhtCap/94967ea010feb494787f7f1eea51590060e5c20fbcfc9ddb32798c72ce5e3abe.front-on-1000x1100.webp,5
12mm,GBSpry3mlClBlk,GB-SPR-CLR-3ML-BLK,Glass Bottle,Cylinder,3.3,Clear,Fine Mist Sprayer,https://www.bestbottles.com/product/Sample-Promotional-Decant-Spray-clear-glass-vial-Black-Sprayer-3ml,https://yzy7l20k4yt6znzz.public.blob.vercel-storage.com/plates/cylinder-3.3ml-clear-12mm/GBSpry3mlClBlk/24aeb2a1bc11fc779ead887d0e21de2f6bc24797265a95c9bac8901038f1beaa.front-on-1000x1100.webp,0
12mm,GBSpry3mlClWht,GB-SPR-CLR-3ML-WHT,Glass Bottle,Cylinder,3.3,Clear,Fine Mist Sprayer,https://www.bestbottles.com/product/Sample-Promotional-Decant-Spray-clear-glass-vial-White-Sprayer-3ml,https://yzy7l20k4yt6znzz.public.blob.vercel-storage.com/plates/cylinder-3.3ml-clear-12mm/GBSpry3mlClWht/2a594a9028b0bd66c32045eafa85b852fede2c18029d82ca1fc7f6bc20790e99.front-on-1000x1100.webp,0
12mm,GBSpry4mlClBlk,GB-SPR-CLR-4ML-BLK,Glass Bottle,Cylinder,4.0,Clear,Fine Mist Sprayer,https://www.bestbottles.com/product/Sample-Promotional-Decant-Spray-clear-glass-vial-Black-Sprayer-4ml,https://yzy7l20k4yt6znzz.public.blob.vercel-storage.com/plates/cylinder-4ml-clear-12mm/GBSpry4mlClBlk/4830f4ba9fa6aa42ad187772fc193cd48ca1e15908566fb51afea4065c88579a.front-on-1000x1100.webp,0
12mm,GBSpry4mlClWh,GB-SPR-CLR-4ML-WHT,Glass Bottle,Cylinder,4.0,Clear,Fine Mist Sprayer,https://www.bestbottles.com/product/Glass-vial-sprayer-white-promotional-sample-size-4ml,https://yzy7l20k4yt6znzz.public.blob.vercel-storage.com/plates/cylinder-4ml-clear-12mm/GBSpry4mlClWh/b680d7c6963627e472c2d2ee30704557e6b50bb7f8b5300b3a2719749fc0da6c.front-on-1000x1100.webp,0
