body,family,sku_count,assumed_shape,pdp_url,confirm: Diameter -> round | Width+Depth -> boxy
109x78|18-415,Elegant,72,boxy,https://www.bestbottles.com/product/elegant-design-105-ml-glass-bottle-reducer-silver-matte-cap,
45x23|13-415,Sleek,67,boxy,https://www.bestbottles.com/product/sleek-design-5-ml-glass-bottle-matte-black-spray,
86x39|18-415,Elegant,66,boxy,https://www.bestbottles.com/product/elegant-design-60-ml-glass-bottle-lavender-vintage-style-bulb-sprayer-shiny-silver-collar-cap,
154x35|18-415,Slim,51,boxy,https://www.bestbottles.com/product/slim-design-100-ml-glass-bottle-matte-copper-lotion-pump-and-cap,
88x37|18-415,Empire,47,?,https://www.bestbottles.com/product/empire-design-50-ml-glass-bottle-red-vintage-style-sprayer-with-tassel-shiny-silver-collar,
61x35|13-415,Elegant,46,boxy,https://www.bestbottles.com/product/elegant-design-15-ml-frosted-glass-bottle-plastic-roller-ball-plug-silver-cap-with-dots,
107x46|18-415,Empire,44,?,https://www.bestbottles.com/product/empire-design-100-ml-glass-bottle-clear-over-the-cap-lotion-pump-matte-silver-collar-cap,
113x55|18-415,Grace,44,boxy,https://www.bestbottles.com/product/grace-design-55-ml-glass-bottle-gold-vintage-style-sprayer-shiny-gold-collar-cap,
139x72|18-415,Sleek,38,boxy,https://www.bestbottles.com/product/sleek-design-50-ml-glass-bottle-lavender-vintage-style-bulb-sprayer-shiny-silver-collar-cap,
149x78|18-415,Sleek,38,boxy,https://www.bestbottles.com/product/sleek-design-100-ml-glass-bottle-reducer-ivory-faux-leather-cap,
121x31|18-415,Slim,37,boxy,https://www.bestbottles.com/product/slim-design-50-ml-glass-bottle-gold-vintage-style-sprayer-shiny-gold-collar-cap,
154x37|18-415,Slim,37,boxy,https://www.bestbottles.com/product/slim-design-100-ml-glass-bottle-matte-copper-spray-and-cap,
87x30|18-415,Slim,32,boxy,https://www.bestbottles.com/product/slim-design-30-ml-glass-bottle-shiny-black-spray-pump-and-cap,
61x30|13-415,Elegant,31,boxy,https://www.bestbottles.com/product/elegant-design-15-ml-glass-bottle-plastic-roller-ball-plug-shiny-silver-cap,
56x30|13-415,Flair,30,boxy,https://www.bestbottles.com/product/flair-design-15-ml-glass-bottle-plastic-roller-ball-plug-silver-cap-with-dots,
50x23|13-415,Rectangle,30,boxy,https://www.bestbottles.com/product/footed-rectangular-design-10-ml-bottle-matte-black-spray,
101x23|13-415,Rectangle,30,boxy,https://www.bestbottles.com/product/tall-rectangular-design-10-ml-glass-bottle-matte-black-spray,
52x30|13-415,Square,29,boxy,https://www.bestbottles.com/product/square-design-15-ml-glass-bottle-metal-roller-ball-plug-black-shiny-cap,
98x37|18-415,Sleek,27,boxy,https://www.bestbottles.com/product/sleek-design-30-ml-glass-bottle-matte-gold-spray-pump-and-cap,
56x44|13-415,Royal,26,boxy,https://www.bestbottles.com/product/royal-design-13-ml-glass-bottle-plastic-roller-ball-plug-silver-cap-with-dots,
66x23|13-415,Sleek,22,boxy,https://www.bestbottles.com/product/sleek-design-8-ml-glass-bottle-matte-black-spray,
109x35|18-415,Elegant,16,boxy,https://www.bestbottles.com/product/elegant-design-105-ml-frosted-glass-bottle-matte-gold-lotion-pump-and-cap,
48x23|13-415,Sleek,16,boxy,https://www.bestbottles.com/product/sleek-design-5-ml-glass-bottle-plastic-roller-ball-plug-black-shiny-cap,
86x43|18-415,Elegant,16,boxy,https://www.bestbottles.com/product/elegant-design-60-ml-glass-bottle-matte-gold-lotion-pump-and-cap,
75x37|15-415,Elegant,14,boxy,https://www.bestbottles.com/product/elegant-design-30-ml-clear-glass-bottle-sprayer-shiny-gold-cap,
92x60|18-415,Elegant,11,boxy,https://www.bestbottles.com/product/elegant-design-60-ml-glass-bottle-pink-vintage-style-bulb-sprayer-shiny-gold-collar-cap,
149x35|18-415,Sleek,8,boxy,https://www.bestbottles.com/product/sleek-design-100-ml-glass-bottle-clear-over-the-cap-lotion-pump-matte-silver-collar-cap,
70x35|13-415,Elegant,8,boxy,https://www.bestbottles.com/product/elegant-design-15-ml-frosted-glass-bottle-plastic-roller-ball-plug-matte-silver-cap,
98x28|18-415,Sleek,8,boxy,https://www.bestbottles.com/product/sleek-design-30-ml-glass-bottle-white-rectangular-clear-over-the-cap,
139x28|18-415,Sleek,8,boxy,https://www.bestbottles.com/product/sleek-design-50-ml-glass-bottle-white-rectangular-clear-over-the-cap,
87x33|18-415,Slim,7,boxy,https://www.bestbottles.com/product/slim-design-30-ml-glass-bottle-shiny-black-lotion-pump-and-cap,
121x72|18-415,Slim,7,boxy,https://www.bestbottles.com/product/slim-design-50-ml-glass-bottle-shiny-black-lotion-pump-and-cap,
98x35|18-415,Sleek,5,boxy,https://www.bestbottles.com/product/sleek-design-30-ml-glass-bottle-pink-vintage-style-bulb-sprayer-shiny-gold-collar-cap,
56x17|13-415,Royal,3,boxy,https://www.bestbottles.com/product/royal-design-13-ml-glass-bottle-shiny-gold-cap,
87x43|18-415,Elegant,3,boxy,https://www.bestbottles.com/product/elegant-design-60-ml-glass-bottle-white-dropper-shiny-silver-collar-cap,
103x68|18-415,Elegant,3,boxy,https://www.bestbottles.com/product/elegant-design-105-ml-glass-bottle-white-vintage-style-bulb-sprayer-shiny-silver-collar-cap,
47x20|Ground,Rectangle,3,boxy,https://www.bestbottles.com/product/Perfume-small-Bottle-Jar-Rectangular-Blue-glass-stopper,
43x20|Ground,Teardrop,3,?,https://www.bestbottles.com/product/Perfume-small-Bottle-Jar-Teardrop-Blue-glass-stopper,
85x30|18-415,Slim,2,boxy,https://www.bestbottles.com/product/slim-design-50-ml-glass-bottle-pink-vintage-style-bulb-sprayer-shiny-gold-collar-cap,
46x14|8mm,Decorative,2,?,https://www.bestbottles.com/product/Frosted-glass-small-heart-shaped-bottle-with-gold-key-chain,
90x55|18-415,Grace,1,boxy,https://www.bestbottles.com/product/grace-design-55-ml-glass-bottle-matte-gold-spray-pump-and-cap,
120x32|18-415,Slim,1,boxy,https://www.bestbottles.com/product/slim-design-100-ml-glass-bottle-shiny-gold-spray-pump-and-cap,
42x18|14.3mm,Decorative,1,?,https://www.bestbottles.com/product/Octagonal-style-3-ml-glass-bottle-shiny-gold-cap-red-bead,
48x22|14.3mm,Decorative,1,?,https://www.bestbottles.com/product/Octagonal-style-6-ml-glass-bottle-shiny-gold-cap-red-bead,
