family,sku,capacityMl,color,applicator,slots,issues,builderStatus
Cylinder,GBMtlRoll28Wht,28,Clear,Metal Roller Ball,body; roller; cap,,compatibility_unresolved
Cylinder,GBSpry3mlClBlk,3.3,Clear,Fine Mist Sprayer,,no_served_kit,compatibility_unresolved
Cylinder,GBSpry4mlClBlk,4,Clear,Fine Mist Sprayer,body; sprayer; overcap,,compatibility_unresolved
Cylinder,GBCyl5SpryBlkMatt,5.5,Clear,Fine Mist Sprayer,body; diptube; sprayer; overcap,,catalog_unavailable
Cylinder,GBCyl5Sl,5,Clear,Cap/Closure,body; cap,partial_separation; partial_kit_used_as_bare_body,listed
Cylinder,GBCyl50MtlRollWht,50,Clear,Metal Roller Ball,body; roller; cap,,compatibility_unresolved
Cylinder,GBCyl5Gl,5,Clear,Cap/Closure,body; cap,partial_separation; partial_kit_used_as_bare_body,listed
Cylinder,GBCyl100RdcrShnGl,100,Clear,Reducer,body; fitment,partial_separation; partial_kit_used_as_bare_body,listed
Cylinder,GBCyl100RdcrShnBlkTall,100,Clear,Reducer,body; fitment,partial_separation; partial_kit_used_as_bare_body,listed
Cylinder,GBCylBlu5Sl,5,Cobalt Blue,Cap/Closure,body; cap,partial_separation; partial_kit_used_as_bare_body,listed
Cylinder,GBCyl100RdcrShnBlk,100,Clear,Reducer,body; fitment,partial_separation,compatibility_unresolved
Cylinder,GBCylBlu5WhtSht,5,Cobalt Blue,Cap/Closure,body; cap,partial_separation; partial_kit_used_as_bare_body,listed
Cylinder,GBCyl100RdcrBrwnLthr,100,Clear,Reducer,body; fitment,partial_separation; partial_kit_used_as_bare_body,listed
Cylinder,GBCylBlu5Gl,5,Cobalt Blue,Cap/Closure,body; cap,partial_separation; partial_kit_used_as_bare_body,listed
Cylinder,GBCyl100RdcrLBrwnLthr,100,Clear,Reducer,body; fitment,partial_separation; partial_kit_used_as_bare_body,listed
Cylinder,GBCyl100RdcrShnSl,100,Clear,Reducer,body; fitment,partial_separation; partial_kit_used_as_bare_body,listed
Cylinder,GBCyl100RdcrMtSlTall,100,Clear,Reducer,body; fitment,partial_separation; partial_kit_used_as_bare_body,listed
Cylinder,GBCyl100RdcrMtSl,100,Clear,Reducer,body; fitment,partial_separation; partial_kit_used_as_bare_body,listed
Cylinder,GBCyl100RdcrWht,100,Clear,Reducer,body; fitment,partial_separation; partial_kit_used_as_bare_body,listed
Cylinder,GBCyl100RdcrIvyLthr,100,Clear,Reducer,body; fitment,partial_separation; partial_kit_used_as_bare_body,listed
Cylinder,GBCyl100RdcrPnkLthr,100,Clear,Reducer,body; fitment,partial_separation; partial_kit_used_as_bare_body,listed
Cylinder,GBTallCyl9Gl,9,Clear,,body; cap,partial_separation; partial_kit_used_as_bare_body,listed
Cylinder,GBTallCyl9Sl,9,Clear,,body; cap,partial_separation; partial_kit_used_as_bare_body,listed
Cylinder,GBCyl1ozRollWht,28,Clear,Plastic Roller Ball,roller; body; cap,,compatibility_unresolved
Cylinder,GBTallCylFrst9WhtSht,9,Frosted,,body; cap,partial_separation; partial_kit_used_as_bare_body,listed
Cylinder,GBTallCylFrst9Gl,9,Frosted,,body; cap,partial_separation; partial_kit_used_as_bare_body,listed
Cylinder,GBTallCylFrst9Sl,9,Frosted,,body; cap,partial_separation; partial_kit_used_as_bare_body,listed
Cylinder,GBSpry1ozGl,30,Clear,,body; overcap,partial_separation,compatibility_unresolved
Cylinder,GBSpry1ozSl,30,Clear,,body; overcap,partial_separation,compatibility_unresolved
Cylinder,GBCyl50RollWht,50,Clear,Plastic Roller Ball,body; roller; cap,,compatibility_unresolved
Cylinder,GBCyl5MtlRollBlkSh,5,Clear,Metal Roller Ball,body; cap,partial_separation,catalog_unavailable
Cylinder,GBCyl5MtlRollCuMatt,5,Clear,Metal Roller Ball,body; cap,partial_separation,catalog_unavailable
Cylinder,GBCyl5MtlRollGlMatt,5,Clear,Metal Roller Ball,roller; body; cap,,catalog_unavailable
Cylinder,GBCyl5MtlRollGlSh,5,Clear,Metal Roller Ball,body; cap,partial_separation,catalog_unavailable
Cylinder,GBCyl5MtlRollPinkDot,5,Clear,Metal Roller Ball,body; cap,partial_separation,catalog_unavailable
Cylinder,GBCyl5MtlRollSlDot,5,Clear,Metal Roller Ball,body; cap,partial_separation,catalog_unavailable
Cylinder,GBCyl5MtlRollSlMatt,5,Clear,Metal Roller Ball,body; cap,partial_separation,catalog_unavailable
Cylinder,GBCyl5MtlRollSlSh,5,Clear,Metal Roller Ball,body; cap,partial_separation,catalog_unavailable
Cylinder,GBCyl50RdcrBlkLthr,50,Clear,Reducer,body; fitment,partial_separation; partial_kit_used_as_bare_body,listed
Cylinder,GBSpry3mlClWht,3.3,Clear,Fine Mist Sprayer,body; sprayer; overcap,,compatibility_unresolved
Cylinder,GBCylBlu5MtlRollBlkSh,5,Cobalt Blue,Metal Roller Ball,body; cap,partial_separation; partial_kit_used_as_bare_body,listed
Cylinder,GBSpry4mlClWh,4,Clear,Fine Mist Sprayer,body; sprayer; overcap,,compatibility_unresolved
Cylinder,GBCylBlu5MtlRollCuMatt,5,Cobalt Blue,Metal Roller Ball,body; cap,partial_separation; partial_kit_used_as_bare_body,listed
Cylinder,GBCyl5SprySlMatt,5,Clear,Fine Mist Sprayer,body; diptube; sprayer; overcap,,catalog_unavailable
Cylinder,GBCylBlu5MtlRollGlMatt,5,Cobalt Blue,Metal Roller Ball,body; cap,partial_separation; partial_kit_used_as_bare_body,listed
Cylinder,GBCyl5SpryBlkSh,5,Clear,Fine Mist Sprayer,body; diptube; sprayer; overcap,,catalog_unavailable
Cylinder,GBCylBlu5MtlRollGlSh,5,Cobalt Blue,Metal Roller Ball,body; cap,partial_separation; partial_kit_used_as_bare_body,listed
Cylinder,GBCyl5SpryGlSh,5,Clear,Fine Mist Sprayer,body; diptube; sprayer; overcap,,catalog_unavailable
Cylinder,GBCylBlu5MtlRollPinkDot,5,Cobalt Blue,Metal Roller Ball,body; cap,partial_separation; partial_kit_used_as_bare_body,listed
Cylinder,GBCyl5SprySlSh,5,Clear,Fine Mist Sprayer,body; diptube; sprayer; overcap,,catalog_unavailable
Cylinder,GBCylBlu5MtlRollSlDot,5,Cobalt Blue,Metal Roller Ball,body; cap,partial_separation; partial_kit_used_as_bare_body,listed
Cylinder,GBCyl5SpryBluMatt,5,Clear,Fine Mist Sprayer,body; diptube; sprayer; overcap,,catalog_unavailable
Cylinder,GBCylBlu5MtlRollSlMatt,5,Cobalt Blue,Metal Roller Ball,body; cap,partial_separation; partial_kit_used_as_bare_body,listed
Cylinder,GBCyl5SpryCuMatt,5,Clear,Fine Mist Sprayer,body; diptube; sprayer; overcap,,catalog_unavailable
Cylinder,GBCylBlu5MtlRollSlSh,5,Cobalt Blue,Metal Roller Ball,body; cap,partial_separation; partial_kit_used_as_bare_body,listed
Cylinder,GBCyl5SpryGlMatt,5,Clear,Fine Mist Sprayer,body; diptube; sprayer; overcap,,catalog_unavailable
Cylinder,GBCyl100RdcrBlkLthr,100,Clear,Reducer,body; fitment,partial_separation; partial_kit_used_as_bare_body,listed
Cylinder,GBCyl5RollBlkDot,5,Clear,Plastic Roller Ball,body; roller; cap,,catalog_unavailable
Cylinder,GBCyl5RollSlSh,5,Clear,Plastic Roller Ball,body; roller; cap,partial_separation,catalog_unavailable
Cylinder,GBCyl5RollBlkSh,5,Clear,Plastic Roller Ball,body; roller; cap,partial_separation,catalog_unavailable
Cylinder,GBCylBlu5RollBlkDot,5,Cobalt Blue,Plastic Roller Ball,body; roller; cap,partial_separation; partial_kit_used_as_bare_body,listed
Cylinder,GBCyl5RollGlSh,5,Clear,Plastic Roller Ball,body; roller; cap,partial_separation,catalog_unavailable
Cylinder,GBCyl5RollSlDot,5,Clear,Plastic Roller Ball,body; roller; cap,partial_separation,catalog_unavailable
Cylinder,GBCyl5RollPinkDot,5,Clear,Plastic Roller Ball,body; roller; cap,partial_separation,catalog_unavailable
Cylinder,GBCyl5RollCuMatt,5,Clear,Plastic Roller Ball,body; roller; cap,partial_separation,catalog_unavailable
Cylinder,GBCylAmb9RollBlkDot,9,Amber,Plastic Roller Ball,body; roller; cap,,catalog_unavailable
Cylinder,GBCyl5RollGlMatt,5,Clear,Plastic Roller Ball,body; roller; cap,,catalog_unavailable
Cylinder,GBCyl5RollSlMatt,5,Clear,Plastic Roller Ball,body; roller; cap,partial_separation,catalog_unavailable
Cylinder,GBCyl9RollBlkDot,9,Clear,Plastic Roller Ball,,no_served_kit,listed
Cylinder,GBTallCyl9RollBlkDot,9,Clear,Plastic Roller Ball,body; roller; cap,partial_separation; partial_kit_used_as_bare_body,listed
Cylinder,GBTallCylFrst9RollBlkDot,9,Frosted,Plastic Roller Ball,body; roller; cap,partial_separation; partial_kit_used_as_bare_body,listed
Cylinder,GBCylBlu5RollGlSh,5,Cobalt Blue,Plastic Roller Ball,body; roller; cap,partial_separation; partial_kit_used_as_bare_body,listed
Cylinder,GBCylBlu5RollSlSh,5,Cobalt Blue,Plastic Roller Ball,body; roller; cap,partial_separation; partial_kit_used_as_bare_body,listed
Cylinder,GBCylBlu5RollBlkSh,5,Cobalt Blue,Plastic Roller Ball,body; roller; cap,partial_separation; partial_kit_used_as_bare_body,listed
Cylinder,GBCylBlu5RollGlMatt,5,Cobalt Blue,Plastic Roller Ball,body; roller; cap,partial_separation; partial_kit_used_as_bare_body,listed
Cylinder,GBCylBlu5RollPinkDot,5,Cobalt Blue,Plastic Roller Ball,body; roller; cap,partial_separation; partial_kit_used_as_bare_body,listed
Cylinder,GBCylBlu5RollSlDot,5,Cobalt Blue,Plastic Roller Ball,body; roller; cap,partial_separation; partial_kit_used_as_bare_body,listed
Cylinder,GBCylBlu5RollCuMatt,5,Cobalt Blue,Plastic Roller Ball,body; roller; cap,partial_separation; partial_kit_used_as_bare_body,listed
Cylinder,GBCylAmb9MtlRollWht,9,Amber,Metal Roller Ball,roller; body; cap,,catalog_unavailable
Cylinder,GBCylBlu5RollSlMatt,5,Cobalt Blue,Plastic Roller Ball,body; roller; cap,partial_separation; partial_kit_used_as_bare_body,listed
Cylinder,GBCylAmb9MtlRollMattCu,9,Amber,Metal Roller Ball,roller; body; cap,,catalog_unavailable
Cylinder,GBCylAmb9MtlRollMattGl,9,Amber,Metal Roller Ball,roller; body; cap,,catalog_unavailable
Cylinder,GBCylAmb9MtlRollMattSl,9,Amber,Metal Roller Ball,roller; body; cap,,catalog_unavailable
Cylinder,GBCyl9SpryShSl,9,Clear,Fine Mist Sprayer,,no_served_kit,listed
Cylinder,GBRoll28Blk,28,Clear,Plastic Roller Ball,roller; body; cap,,compatibility_unresolved
Cylinder,GBCylAmb9MtlRollPnkDot,9,Amber,Metal Roller Ball,roller; body; cap,,catalog_unavailable
Cylinder,GBCyl9SpryRd,9,Clear,Fine Mist Sprayer,body; sprayer; overcap; collar,,compatibility_unresolved
Cylinder,GBCylAmb9MtlRollShBlk,9,Amber,Metal Roller Ball,roller; body; cap,,catalog_unavailable
Cylinder,GBCylAmb9MtlRollShnGl,9,Amber,Metal Roller Ball,roller; body; cap,,catalog_unavailable
Cylinder,GBCylAmb9MtlRollShnSl,9,Amber,Metal Roller Ball,roller; body; cap,,catalog_unavailable
Cylinder,GBCyl50RollBlk,50,Clear,Plastic Roller Ball,body; roller; cap,,compatibility_unresolved
Cylinder,GBCylAmb9MtlRollSlDot,9,Amber,Metal Roller Ball,roller; body; cap,,catalog_unavailable
Cylinder,GBCyl5MtlRollBlkDot,5,Clear,Metal Roller Ball,roller; body; cap,,catalog_unavailable
Cylinder,GBCylBlu5MtlRollBlkDot,5,Cobalt Blue,Metal Roller Ball,body; cap,partial_separation; partial_kit_used_as_bare_body,listed
Cylinder,GBCylAmb9MtlRollBlkDot,9,Amber,Metal Roller Ball,roller; body; cap,,catalog_unavailable
Cylinder,GBTallCyl9MtlRollBlkDot,9,Clear,Metal Roller Ball,body; cap,partial_separation; partial_kit_used_as_bare_body,listed
Cylinder,GBTallCylFrst9MtlRollBlkDot,9,Frosted,Metal Roller Ball,body; cap,partial_separation; partial_kit_used_as_bare_body,listed
Cylinder,GBCylAmb9RollWht,9,Amber,Plastic Roller Ball,body; roller; cap,,catalog_unavailable
Cylinder,GBCylAmb9RollMattCu,9,Amber,Plastic Roller Ball,body; roller; cap,,catalog_unavailable
Cylinder,GBCylAmb9RollMattGl,9,Amber,Plastic Roller Ball,body; roller; cap,,catalog_unavailable
Cylinder,GBCylAmb9RollMattSl,9,Amber,Plastic Roller Ball,body; roller; cap,,catalog_unavailable
Cylinder,GBCylAmb9RollPnkDot,9,Amber,Plastic Roller Ball,body; roller; cap,,catalog_unavailable
Cylinder,GBMtlRoll28Blk,28,Clear,Metal Roller Ball,body; roller; cap,,compatibility_unresolved
Cylinder,GBCylAmb9RollShBlk,9,Amber,Plastic Roller Ball,body; roller; cap,,catalog_unavailable
Cylinder,GBCylAmb9RollShnGl,9,Amber,Plastic Roller Ball,body; roller; cap,,catalog_unavailable
Cylinder,GBCylAmb9RollShnSl,9,Amber,Plastic Roller Ball,body; roller; cap,,catalog_unavailable
Cylinder,GBCylAmb9RollSlDot,9,Amber,Plastic Roller Ball,body; roller; cap,,catalog_unavailable
Cylinder,GBCyl50MtlRollBlk,50,Clear,Metal Roller Ball,body; roller; cap,,compatibility_unresolved
Cylinder,GBCyl50RdcrShnGl,50,Clear,Reducer,body; fitment,partial_separation; partial_kit_used_as_bare_body,listed
Cylinder,GBCyl50RdcrShnBlkTall,50,Clear,Reducer,body; fitment,partial_separation; partial_kit_used_as_bare_body,listed
Cylinder,GBCyl50RdcrShnBlk,50,Clear,Reducer,body; fitment,partial_separation,compatibility_unresolved
Cylinder,GBTallCyl9MtlRollBlkSh,9,Clear,Metal Roller Ball,body; cap,partial_separation; partial_kit_used_as_bare_body,listed
Cylinder,GBCyl50RdcrBrwnLthr,50,Clear,Reducer,body; fitment,partial_separation; partial_kit_used_as_bare_body,listed
Cylinder,GBTallCyl9MtlRollCuMatt,9,Clear,Metal Roller Ball,body; cap,partial_separation; partial_kit_used_as_bare_body,listed
Cylinder,GBCyl50RdcrLBrwnLthr,50,Clear,Reducer,body; fitment,partial_separation; partial_kit_used_as_bare_body,listed
Cylinder,GBTallCyl9MtlRollGlMatt,9,Clear,Metal Roller Ball,body; cap,partial_separation; partial_kit_used_as_bare_body,listed
Cylinder,GBCyl50RdcrShnSl,50,Clear,Reducer,body; fitment,partial_separation; partial_kit_used_as_bare_body,listed
Cylinder,GBTallCyl9MtlRollGlSh,9,Clear,Metal Roller Ball,body; cap,partial_separation; partial_kit_used_as_bare_body,listed
Cylinder,GBCyl50RdcrMtSlTall,50,Clear,Reducer,body; fitment,partial_separation; partial_kit_used_as_bare_body,listed
Cylinder,GBTallCyl9MtlRollPinkDot,9,Clear,Metal Roller Ball,body; cap,partial_separation; partial_kit_used_as_bare_body,listed
Cylinder,GBCyl50RdcrMtSl,50,Clear,Reducer,body; fitment,partial_separation; partial_kit_used_as_bare_body,listed
Cylinder,GBTallCyl9MtlRollSlDot,9,Clear,Metal Roller Ball,body; cap,partial_separation; partial_kit_used_as_bare_body,listed
Cylinder,GBCyl50RdcrWht,50,Clear,Reducer,body; fitment,partial_separation; partial_kit_used_as_bare_body,listed
Cylinder,GBTallCyl9MtlRollSlMatt,9,Clear,Metal Roller Ball,body; cap,partial_separation; partial_kit_used_as_bare_body,listed
Cylinder,GBCyl50RdcrPnkLthr,50,Clear,Reducer,body; fitment,partial_separation; partial_kit_used_as_bare_body,listed
Cylinder,GBTallCyl9MtlRollSlSh,9,Clear,Metal Roller Ball,body; cap,partial_separation; partial_kit_used_as_bare_body,listed
Cylinder,GBCyl50RdcrIvyLthr,50,Clear,Reducer,body; fitment,partial_separation; partial_kit_used_as_bare_body,listed
Cylinder,GBTallCylFrst9MtlRollSlDot,9,Frosted,Metal Roller Ball,body; cap,partial_separation; partial_kit_used_as_bare_body,listed
Cylinder,GBTallCylFrst9MtlRollPinkDot,9,Frosted,Metal Roller Ball,body; cap,partial_separation; partial_kit_used_as_bare_body,listed
Cylinder,GBCylBlu9RollPnkDot,9,Cobalt Blue,Plastic Roller Ball,,no_served_kit,listed
Cylinder,GBTallCylFrst9MtlRollSlMatt,9,Frosted,Metal Roller Ball,body; cap,partial_separation; partial_kit_used_as_bare_body,listed
Cylinder,GBTallCylFrst9MtlRollGlMatt,9,Frosted,Metal Roller Ball,body; cap,partial_separation; partial_kit_used_as_bare_body,listed
Cylinder,GBCylBlu9RollSlDot,9,Cobalt Blue,Plastic Roller Ball,,no_served_kit,listed
Cylinder,GBTallCylFrst9MtlRollGlSh,9,Frosted,Metal Roller Ball,body; cap,partial_separation; partial_kit_used_as_bare_body,listed
Cylinder,GBTallCylFrst9MtlRollSlSh,9,Frosted,Metal Roller Ball,body; cap,partial_separation; partial_kit_used_as_bare_body,listed
Cylinder,GBTallCylFrst9MtlRollCuMatt,9,Frosted,Metal Roller Ball,body; cap,partial_separation; partial_kit_used_as_bare_body,listed
Cylinder,GBTallCylFrst9MtlRollBlkSh,9,Frosted,Metal Roller Ball,body; cap,partial_separation; partial_kit_used_as_bare_body,listed
Cylinder,GBCyl9RollPnkDot,9,Clear,Plastic Roller Ball,,no_served_kit,listed
Cylinder,GBCylSwrl9RollShnSl,9,Swirl,Plastic Roller Ball,,no_served_kit,listed
Cylinder,GBCylSwrl9RollShnGl,9,Swirl,Plastic Roller Ball,,no_served_kit,listed
Cylinder,GBCylSwrl9RollShBlk,9,Swirl,Plastic Roller Ball,,no_served_kit,listed
Cylinder,GBCylSwrl9RollMattCu,9,Swirl,Plastic Roller Ball,,no_served_kit,listed
Cylinder,GBCylSwrl9RollMattSl,9,Swirl,Plastic Roller Ball,,no_served_kit,listed
Cylinder,GBCylSwrl9RollMattGl,9,Swirl,Plastic Roller Ball,,no_served_kit,listed
Cylinder,GBTallCyl9RollBlkSh,9,Clear,Plastic Roller Ball,body; roller; cap,partial_separation; partial_kit_used_as_bare_body,listed
Cylinder,GBTallCyl9RollCuMatt,9,Clear,Plastic Roller Ball,body; roller; cap,partial_separation; partial_kit_used_as_bare_body,listed
Cylinder,GBTallCyl9RollGlMatt,9,Clear,Plastic Roller Ball,body; roller; cap,partial_separation; partial_kit_used_as_bare_body,listed
Cylinder,GBTallCyl9RollGlSh,9,Clear,Plastic Roller Ball,body; roller; cap,partial_separation; partial_kit_used_as_bare_body,listed
Cylinder,GBTallCyl9RollPinkDot,9,Clear,Plastic Roller Ball,body; roller; cap,partial_separation; partial_kit_used_as_bare_body,listed
Cylinder,GBTallCyl9RollSlDot,9,Clear,Plastic Roller Ball,body; roller; cap,partial_separation; partial_kit_used_as_bare_body,listed
Cylinder,GBTallCyl9RollSlMatt,9,Clear,Plastic Roller Ball,body; roller; cap,partial_separation; partial_kit_used_as_bare_body,listed
Cylinder,GBTallCyl9RollSlSh,9,Clear,Plastic Roller Ball,body; roller; cap,partial_separation; partial_kit_used_as_bare_body,listed
Cylinder,GBTallCylFrst9RollSlDot,9,Frosted,Plastic Roller Ball,body; roller; cap,partial_separation; partial_kit_used_as_bare_body,listed
Cylinder,GBTallCylFrst9RollPinkDot,9,Frosted,Plastic Roller Ball,body; roller; cap,partial_separation; partial_kit_used_as_bare_body,listed
Cylinder,GBTallCylFrst9RollSlMatt,9,Frosted,Plastic Roller Ball,body; roller; cap,partial_separation; partial_kit_used_as_bare_body,listed
Cylinder,GBCyl5BlkSht,5,Clear,Cap/Closure,body; cap,partial_separation; partial_kit_used_as_bare_body,listed
Cylinder,GBTallCylFrst9RollGlMatt,9,Frosted,Plastic Roller Ball,body; roller; cap,partial_separation; partial_kit_used_as_bare_body,listed
Cylinder,GBTallCylFrst9RollGlSh,9,Frosted,Plastic Roller Ball,body; roller; cap,partial_separation; partial_kit_used_as_bare_body,listed
Cylinder,GBCylBlu5BlkSht,5,Cobalt Blue,Cap/Closure,body; cap,partial_separation; partial_kit_used_as_bare_body,listed
Cylinder,GBTallCylFrst9RollSlSh,9,Frosted,Plastic Roller Ball,body; roller; cap,partial_separation; partial_kit_used_as_bare_body,listed
Cylinder,GBTallCylFrst9RollCuMatt,9,Frosted,Plastic Roller Ball,body; roller; cap,partial_separation; partial_kit_used_as_bare_body,listed
Cylinder,GBTallCylFrst9RollBlkSh,9,Frosted,Plastic Roller Ball,body; roller; cap,partial_separation; partial_kit_used_as_bare_body,listed
Cylinder,GBTallCyl9BlkSht,9,Clear,,body; cap,partial_separation; partial_kit_used_as_bare_body,listed
Cylinder,GBTallCylFrst9BlkSht,9,Frosted,,body; cap,partial_separation; partial_kit_used_as_bare_body,listed
Cylinder,PbClear8ozFlpWh,227,Clear,N/A,,no_served_kit,compatibility_unresolved
Cylinder,PbClear4ozFlpWh,114,Clear,N/A,,no_served_kit,compatibility_unresolved
Cylinder,GBCylBlu5BlkShSht,5,Cobalt Blue,Cap/Closure,body; cap,partial_separation; partial_kit_used_as_bare_body,listed
Cylinder,PbNat16ozFlpWh,454,Clear,N/A,,no_served_kit,compatibility_unresolved
Cylinder,GBcyl25SpryShnBlk,25,Clear,Fine Mist Sprayer,diptube; body; overcap,,compatibility_unresolved
Cylinder,GBCyl5WhtSht,5,Clear,Cap/Closure,body; cap,partial_separation; partial_kit_used_as_bare_body,listed
Cylinder,GBCylSwrl9MtlRollWht,9,Swirl,Plastic Roller Ball,body; roller; cap,,ambiguous_selection
Cylinder,GBCylSwrl9RollWht,9,Swirl,Plastic Roller Ball,,no_served_kit,ambiguous_selection
Cylinder,GBTallCyl9WhtSht,9,Clear,,body; cap,partial_separation; partial_kit_used_as_bare_body,listed
Cylinder,GBCylBlu5CuSht,5,Cobalt Blue,Cap/Closure,body; cap,partial_separation; partial_kit_used_as_bare_body,listed
Cylinder,GBCylBlu5GlMattSht,5,Cobalt Blue,Cap/Closure,body; cap,partial_separation; partial_kit_used_as_bare_body,listed
Cylinder,GBCylBlu5SlMattSht,5,Cobalt Blue,Cap/Closure,body; cap,partial_separation; partial_kit_used_as_bare_body,listed
Cylinder,GBCylBlu5GlSht,5,Cobalt Blue,Cap/Closure,body; cap,partial_separation; partial_kit_used_as_bare_body,listed
Cylinder,GBCylBlu5SlSht,5,Cobalt Blue,Cap/Closure,body; cap,partial_separation; partial_kit_used_as_bare_body,listed
Cylinder,GBCyl5CuSht,5,Clear,Cap/Closure,body; cap,partial_separation,compatibility_unresolved
Cylinder,GBCyl5GlMattSht,5,Clear,Cap/Closure,body; cap,partial_separation,compatibility_unresolved
Cylinder,GBCyl5SlMattSht,5,Clear,Cap/Closure,body; cap,partial_separation,compatibility_unresolved
Cylinder,GBCyl5BlkShSht,5,Clear,Cap/Closure,body; cap,partial_separation,compatibility_unresolved
Cylinder,GBCyl5GlSht,5,Clear,Cap/Closure,body; cap,partial_separation,compatibility_unresolved
Cylinder,GBCyl5SlSht,5,Clear,Cap/Closure,body; cap,partial_separation,compatibility_unresolved
Cylinder,GBTallCylFrst9CuSht,9,Frosted,,body; cap,partial_separation,compatibility_unresolved
Cylinder,GBTallCylFrst9GlMattSht,9,Frosted,,body; cap,partial_separation,compatibility_unresolved
Cylinder,GBTallCylFrst9SlMattSht,9,Frosted,,body; cap,partial_separation,compatibility_unresolved
Cylinder,GBTallCylFrst9BlkShSht,9,Frosted,,body; cap,partial_separation,compatibility_unresolved
Cylinder,GBTallCylFrst9GlSht,9,Frosted,,body; cap,partial_separation,compatibility_unresolved
Cylinder,GBTallCylFrst9SlSht,9,Frosted,,body; cap,partial_separation,compatibility_unresolved
Cylinder,GBTallCyl9CuSht,9,Clear,,body; cap,partial_separation,compatibility_unresolved
Cylinder,GBTallCyl9SlMattSht,9,Clear,,body; cap,partial_separation,compatibility_unresolved
Cylinder,GBTallCyl9BlkShSht,9,Clear,,body; cap,partial_separation,compatibility_unresolved
Cylinder,GBTallCyl9GlSht,9,Clear,,body; cap,partial_separation,compatibility_unresolved
Cylinder,GBTallCyl9SlSht,9,Clear,,body; cap,partial_separation,compatibility_unresolved
Cylinder,GBTallCyl9GlMattSht,9,Clear,,body; cap,partial_separation,compatibility_unresolved
Cylinder,GBCyl25AnSpBlk,25,Clear,Vintage Bulb Sprayer,diptube; body; sprayer,,compatibility_unresolved
Cylinder,GBCyl25AnSpGl,25,Clear,Vintage Bulb Sprayer,diptube; body; sprayer,,compatibility_unresolved
Cylinder,GBCyl25AnSpTslIvySl,25,Clear,Vintage Bulb Sprayer with Tassel,diptube; body; sprayer,,compatibility_unresolved
Cylinder,GBCyl25AnSpTslMtSl,25,Clear,Vintage Bulb Sprayer with Tassel,diptube; body; sprayer,,compatibility_unresolved
Cylinder,GBCyl25AnSpTslRed,25,Clear,Vintage Bulb Sprayer with Tassel,diptube; body; sprayer,,compatibility_unresolved
Cylinder,GBCyl25AnSpTslWht,25,Clear,Vintage Bulb Sprayer with Tassel,diptube; body; sprayer,,compatibility_unresolved
Cylinder,GBCyl25DrpCu,25,Clear,Dropper,body; pipette,,compatibility_unresolved
Cylinder,GBCyl25DrpGl,25,Clear,Dropper,body; pipette,,compatibility_unresolved
Cylinder,GBCyl25DrpSl,25,Clear,Dropper,body; pipette,,compatibility_unresolved
Cylinder,GBCyl25RdcrIvyLthr,25,Clear,Reducer,body; fitment,partial_separation,compatibility_unresolved
Cylinder,GBCyl25RdcrShnGl,25,Clear,Reducer,body; fitment,partial_separation,compatibility_unresolved
Cylinder,GBcyl25AnSpIvyGl,25,Clear,Vintage Bulb Sprayer,diptube; body; sprayer,,compatibility_unresolved
Cylinder,GBcyl25AnSpIvySl,25,Clear,Vintage Bulb Sprayer,diptube; body; sprayer,,compatibility_unresolved
Cylinder,GBcyl25AnSpLvn,25,Clear,Vintage Bulb Sprayer,diptube; body; sprayer,,compatibility_unresolved
Cylinder,GBcyl25AnSpMtSl,25,Clear,Vintage Bulb Sprayer,diptube; body; sprayer,,compatibility_unresolved
Cylinder,GBcyl25AnSpPnk,25,Clear,Vintage Bulb Sprayer,diptube; body; sprayer,,compatibility_unresolved
Cylinder,GBcyl25AnSpRed,25,Clear,Vintage Bulb Sprayer,diptube; body; sprayer,,compatibility_unresolved
Cylinder,GBcyl25AnSpTslBlk,25,Clear,Vintage Bulb Sprayer with Tassel,diptube; body; sprayer,,compatibility_unresolved
Cylinder,GBcyl25AnSpTslGl,25,Clear,Vintage Bulb Sprayer with Tassel,diptube; body; sprayer,,compatibility_unresolved
Cylinder,GBcyl25AnSpTslIvyGl,25,Clear,Vintage Bulb Sprayer with Tassel,diptube; body; sprayer,,compatibility_unresolved
Cylinder,GBcyl25AnSpTslLvn,25,Clear,Vintage Bulb Sprayer with Tassel,diptube; body; sprayer,,compatibility_unresolved
Cylinder,GBcyl25AnSpTslPnk,25,Clear,Vintage Bulb Sprayer with Tassel,diptube; body; sprayer,,compatibility_unresolved
Cylinder,GBcyl25AnSpWht,25,Clear,Vintage Bulb Sprayer,diptube; body; sprayer,,compatibility_unresolved
Cylinder,GBcyl25RdcrBlkLthr,25,Clear,Reducer,body; fitment,partial_separation,compatibility_unresolved
Cylinder,GBcyl25RdcrBrwnLthr,25,Clear,Reducer,body; fitment,partial_separation,compatibility_unresolved
Cylinder,GBcyl25RdcrLBrwnLthr,25,Clear,Reducer,body; fitment,partial_separation,compatibility_unresolved
Cylinder,GBcyl25RdcrMtSl,25,Clear,Reducer,body; fitment,partial_separation,compatibility_unresolved
Cylinder,GBcyl25RdcrMtSlTall,25,Clear,Reducer,body; fitment,partial_separation,compatibility_unresolved
Cylinder,GBcyl25RdcrPnkLthr,25,Clear,Reducer,body; fitment,partial_separation,compatibility_unresolved
Cylinder,GBcyl25RdcrShnBlk,25,Clear,Reducer,body; fitment,partial_separation,compatibility_unresolved
Cylinder,GBcyl25RdcrShnBlkTall,25,Clear,Reducer,body; fitment,partial_separation,compatibility_unresolved
Cylinder,GBcyl25RdcrShnSl,25,Clear,Reducer,body; fitment,partial_separation,compatibility_unresolved
Cylinder,GBcyl25RdcrWht,25,Clear,Reducer,body; fitment,partial_separation,compatibility_unresolved
Cylinder,GBcyl25SpryCu,25,Clear,Fine Mist Sprayer,diptube; body; sprayer; overcap,,compatibility_unresolved
Cylinder,GBcyl25SpryMtGl,25,Clear,Fine Mist Sprayer,diptube; body; overcap,,compatibility_unresolved
Cylinder,GBcyl25SpryShnGl,25,Clear,Fine Mist Sprayer,diptube; body; overcap,,compatibility_unresolved
Cylinder,GBcyl25SpryShnSl,25,Clear,Fine Mist Sprayer,diptube; body; overcap,,compatibility_unresolved
Circle,GBCrcl100RdcrShnBlk,100,Clear,Reducer,body; cap,,compatibility_unresolved
Circle,GBCrclFrst100RdcrShnBlk,100,Frosted,Reducer,body; cap,,compatibility_unresolved
Circle,GBCrclFrst50SpryMtGl,50,Frosted,Perfume Spray Pump,,no_served_kit,listed
Circle,GBCrclFrst50SpryShnGl,50,Frosted,Perfume Spray Pump,,no_served_kit,listed
Circle,GBCrclFrst50SpryShnBlk,50,Frosted,Perfume Spray Pump,,no_served_kit,listed
Circle,GBCrclFrst50SpryMtSl,50,Frosted,Perfume Spray Pump,,no_served_kit,listed
Circle,GBCrcl15SpryBlkMatt,15,Clear,Fine Mist Sprayer,,no_served_kit,listed
Circle,GBCrclFrst50SpryShnSl,50,Frosted,Perfume Spray Pump,,no_served_kit,listed
Circle,GBCrclFrst50SpryCu,50,Frosted,Perfume Spray Pump,,no_served_kit,listed
Circle,GBCrclFrst50DrpSl,50,Frosted,Dropper,,no_served_kit,compatibility_unresolved
Circle,GBCrclFrst50DrpGl,50,Frosted,Dropper,,no_served_kit,compatibility_unresolved
Circle,GBCrcl100SpryCu,100,Clear,Perfume Spray Pump,,no_served_kit,listed
Circle,GBCrcl100AnSpTslBlk,100,Clear,Vintage Bulb Sprayer with Tassel,,no_served_kit,listed
Circle,GBCrclFrst100AnSpTslBlk,100,Frosted,Vintage Bulb Sprayer,body; sprayer,not_in_filtered_pdp,listed
Circle,GBCrcl100AnSpTslPnk,100,Clear,Vintage Bulb Sprayer with Tassel,,no_served_kit,listed
Circle,GBCrcl100AnSpTslIvySl,100,Clear,Vintage Bulb Sprayer with Tassel,,no_served_kit,listed
Circle,GBCrcl100AnSpTslRed,100,Clear,Vintage Bulb Sprayer with Tassel,,no_served_kit,listed
Circle,GBCrcl100AnSpTslWht,100,Clear,Vintage Bulb Sprayer with Tassel,,no_served_kit,listed
Circle,GBCrcl15RollBlkDot,15,Clear,Plastic Roller Ball,,no_served_kit,listed
Circle,GBCrclFrst100AnSpTslIvySl,100,Frosted,Vintage Bulb Sprayer,sprayer; body,not_in_filtered_pdp,listed
Circle,GBCrclFrst100AnSpTslLvn,100,Frosted,Vintage Bulb Sprayer,sprayer; body,not_in_filtered_pdp,listed
Circle,GBCrclFrst100AnSpTslPnk,100,Frosted,Vintage Bulb Sprayer,sprayer; body,not_in_filtered_pdp,listed
Circle,GBCrclFrst100AnSpTslRed,100,Frosted,Vintage Bulb Sprayer,,not_in_filtered_pdp; no_served_kit,listed
Circle,GBCrclFrst100AnSpTslWht,100,Frosted,Vintage Bulb Sprayer,sprayer; body,not_in_filtered_pdp,listed
Circle,LBCrclFrst50LtnMtGl,50,Frosted,Lotion Pump,,no_served_kit,listed
Circle,GBCrcl50RdcrShnBlk,50,Clear,Reducer,body; cap,,compatibility_unresolved
Circle,LBCrclFrst50LtnShnGl,50,Frosted,Lotion Pump,,no_served_kit,listed
Circle,LBCrclFrst50LtnShnBlk,50,Frosted,Lotion Pump,,no_served_kit,listed
Circle,LBCrclFrst50LtnMtSl,50,Frosted,Lotion Pump,,no_served_kit,listed
Circle,LBCrclFrst50LtnShnSl,50,Frosted,Lotion Pump,,no_served_kit,listed
Circle,LBCrclFrst50LtnCu,50,Frosted,Lotion Pump,,no_served_kit,listed
Circle,GBCrcl50RdcrMtSl,50,Clear,Reducer,,no_served_kit,listed
Circle,GBCrcl15MtlRollBlkDot,15,Clear,Metal Roller Ball,,no_served_kit,listed
Circle,GBCrclFrst50RdcrShnBlk,50,Frosted,Reducer,body; cap,,compatibility_unresolved
Circle,GBCrclFrst50RdcrIvyLthr,50,Frosted,Reducer,body; cap,,compatibility_unresolved
Circle,GBCrcl50AnSpPnk,50,Clear,Vintage Bulb Sprayer,,no_served_kit,listed
Circle,GBCrcl50AnSpTslLvn,50,Clear,Vintage Bulb Sprayer with Tassel,,no_served_kit,listed
Circle,GBCrcl50AnSpTslIvySl,50,Clear,Vintage Bulb Sprayer with Tassel,,no_served_kit,listed
Circle,GBCrcl50AnSpTslPnk,50,Clear,Vintage Bulb Sprayer with Tassel,,no_served_kit,listed
Circle,GBCrcl50AnSpTslRed,50,Clear,Vintage Bulb Sprayer,,not_in_filtered_pdp; no_served_kit,listed
Circle,GBCrcl50AnSpTslMtSl,50,Clear,Vintage Bulb Sprayer,sprayer; diptube; body,not_in_filtered_pdp,listed
Circle,GBCrclFrst50DrpCu,50,Frosted,Dropper,,no_served_kit,compatibility_unresolved
Circle,GBCrcl50AnSpTslGl,50,Clear,Vintage Bulb Sprayer with Tassel,,no_served_kit,listed
Circle,LBCrcl100LtnCu,100,Clear,Lotion Pump,,no_served_kit,listed
Circle,LBCrclFrst100LtnCu,100,Frosted,Lotion Pump,,no_served_kit,listed
Circle,GBCrcl30SpryShnGl,30,Clear,Perfume Spray Pump,,no_served_kit,listed
Circle,GBCrcl30SpryMattSl,30,Clear,Perfume Spray Pump,,no_served_kit,listed
Circle,GBCrcl30SpryMattGl,30,Clear,Perfume Spray Pump,,no_served_kit,listed
Circle,LBCrclFrst50LtnClOvrCap,50,Frosted,Lotion Pump,,no_served_kit,listed
Circle,GBCrclFrst50AnSpTslBlk,50,Frosted,Vintage Bulb Sprayer,,not_in_filtered_pdp; no_served_kit; no_served_plate,compatibility_unresolved
Circle,GBCrclFrst50AnSpTslGl,50,Frosted,Vintage Bulb Sprayer,,not_in_filtered_pdp; no_served_kit; no_served_plate,compatibility_unresolved
Circle,GBCrclFrst50AnSpTslIvyGl,50,Frosted,Vintage Bulb Sprayer,,not_in_filtered_pdp; no_served_kit; no_served_plate,compatibility_unresolved
Circle,GBCrclFrst50AnSpTslIvySl,50,Frosted,Vintage Bulb Sprayer,,not_in_filtered_pdp; no_served_kit; no_served_plate,compatibility_unresolved
Circle,GBCrclFrst50AnSpTslLvn,50,Frosted,Vintage Bulb Sprayer,,not_in_filtered_pdp; no_served_kit; no_served_plate,compatibility_unresolved
Circle,GBCrclFrst50AnSpTslMtSl,50,Frosted,Vintage Bulb Sprayer,,not_in_filtered_pdp; no_served_kit; no_served_plate,compatibility_unresolved
Circle,GBCrclFrst50AnSpTslPnk,50,Frosted,Vintage Bulb Sprayer,,not_in_filtered_pdp; no_served_kit; no_served_plate,compatibility_unresolved
Circle,GBCrclFrst50AnSpTslRed,50,Frosted,Vintage Bulb Sprayer,,not_in_filtered_pdp; no_served_kit; no_served_plate,compatibility_unresolved
Circle,GBCrclFrst50AnSpTslWht,50,Frosted,Vintage Bulb Sprayer,,not_in_filtered_pdp; no_served_kit; no_served_plate,compatibility_unresolved
Circle,GBCrcl15CuSht,15,Clear,,,no_served_kit; no_served_plate,compatibility_unresolved
Circle,GBCrcl15GlMattSht,15,Clear,,,no_served_kit; no_served_plate,compatibility_unresolved
Circle,GBCrcl15SlMattSht,15,Clear,,,no_served_kit; no_served_plate,compatibility_unresolved
Circle,GBCrcl15BlkShSht,15,Clear,,,no_served_kit; no_served_plate,compatibility_unresolved
Circle,GBCrcl15GlSht,15,Clear,,,no_served_kit; no_served_plate,compatibility_unresolved
Circle,GBCrcl15SlSht,15,Clear,,,no_served_kit; no_served_plate,compatibility_unresolved
Round,GBRndFrst128AnSpTslRed,128,Frosted,Vintage Bulb Sprayer,body; sprayer,not_in_filtered_pdp,listed
Round,GBRndFrst128AnSpTslGl,128,Frosted,Vintage Bulb Sprayer,body; sprayer,not_in_filtered_pdp,listed
Round,GBRndFrst128AnSpTslIvyGl,128,Frosted,Vintage Bulb Sprayer,body; sprayer,not_in_filtered_pdp,listed
Round,GBRndFrst128AnSpTslIvySl,128,Frosted,Vintage Bulb Sprayer,body; sprayer,not_in_filtered_pdp,listed
Round,GBRndFrst128AnSpTslLvn,128,Frosted,Vintage Bulb Sprayer,,not_in_filtered_pdp; no_served_kit,listed
Round,GBRndFrst128AnSpTslPnk,128,Frosted,Vintage Bulb Sprayer,,not_in_filtered_pdp; no_served_kit,listed
Round,GBRndFrst128AnSpTslWht,128,Frosted,Vintage Bulb Sprayer,body; sprayer,not_in_filtered_pdp,listed
Round,LBRnd128LtnClOvrCap,128,Clear,Lotion Pump,,no_served_kit,listed
Round,GBRndFrst128AnSpTslMtSl,128,Frosted,Vintage Bulb Sprayer,diptube; body; sprayer,not_in_filtered_pdp,listed
Round,LBRndFrst128LtnClOvrCap,128,Frosted,Lotion Pump,,no_served_kit,listed
Round,LBRndFrst128LtnMtGl,128,Frosted,Lotion Pump,,no_served_kit,listed
Round,LBRndFrst128LtnShnSl,128,Frosted,Lotion Pump,,no_served_kit,listed
Round,LBRndFrst128LtnCu,128,Frosted,Lotion Pump,,no_served_kit,listed
Round,GBRndFrst128SpryCu,128,Frosted,Perfume Spray Pump,,no_served_kit,listed
Round,GBRnd128DrpSl,128,Clear,Dropper,body; pipette,,compatibility_unresolved
Round,GBRnd128DrpGl,128,Clear,Dropper,body; pipette,,compatibility_unresolved
Round,GBRndFrst128DrpSl,128,Frosted,Dropper,,no_served_kit,compatibility_unresolved
Round,GBRndFrst128DrpGl,128,Frosted,Dropper,,no_served_kit,compatibility_unresolved
Round,GBRnd128RdcrShnBlk,128,Clear,Reducer,body; cap,,compatibility_unresolved
Round,GBRnd78AnSpTslLvn,78,Clear,Vintage Bulb Sprayer with Tassel,,no_served_kit,listed
Round,GBRnd78AnSpTslPnk,78,Clear,Vintage Bulb Sprayer with Tassel,,no_served_kit,listed
Round,GBRnd78AnSpTslMtSl,78,Clear,Vintage Bulb Sprayer with Tassel,,no_served_kit,listed
Round,GBRndFrst128RdcrShnSl,128,Frosted,Reducer,,no_served_kit,listed
Round,GBRndFrst128RdcrShnBlk,128,Frosted,Reducer,body; cap,,compatibility_unresolved
Round,GBRndFrst78AnSpTslLvn,78,Frosted,Vintage Bulb Sprayer with Tassel,,no_served_kit,listed
Round,GBRndFrst78AnSpTslPnk,78,Frosted,Vintage Bulb Sprayer with Tassel,,no_served_kit,listed
Round,GBRndFrst78AnSpTslBlk,78,Frosted,Vintage Bulb Sprayer with Tassel,,no_served_kit,listed
Round,GBRndFrst78AnSpTslRed,78,Frosted,Vintage Bulb Sprayer with Tassel,,no_served_kit,listed
Round,GBRnd128SpryMtSl,128,Clear,Perfume Spray Pump,,no_served_kit,listed
Round,GBRndFrst128SpryShnBlk,128,Frosted,Perfume Spray Pump,,no_served_kit,listed
Round,GBRndFrst128SpryShnSl,128,Frosted,Perfume Spray Pump,,no_served_kit,listed
Round,GBRnd128AnSpTslBlk,128,Clear,Vintage Bulb Sprayer with Tassel,,no_served_kit,listed
Round,GBRndFrst128AnSpTslBlk,128,Frosted,Vintage Bulb Sprayer,,not_in_filtered_pdp; no_served_kit,listed
Round,LBRnd78LtnShnGl,78,Clear,Lotion Pump,,no_served_kit,listed
Round,LBRnd78LtnShnBlk,78,Clear,Lotion Pump,,no_served_kit,listed
Round,LBRnd78LtnMtSl,78,Clear,Lotion Pump,,no_served_kit,listed
Round,LBRnd78LtnShnSl,78,Clear,Lotion Pump,,no_served_kit,listed
Round,LBRndFrst78LtnCu,78,Frosted,Lotion Pump,,no_served_kit,listed
Round,GBRnd128DrpCu,128,Clear,Dropper,body; pipette,,compatibility_unresolved
Round,GBRndFrst128DrpCu,128,Frosted,Dropper,,no_served_kit,compatibility_unresolved
Round,GBRnd78RdcrShnBlk,78,Clear,Reducer,body; cap,,compatibility_unresolved
Round,GBRnd128AnSpTslIvySl,128,Clear,Vintage Bulb Sprayer with Tassel,,no_served_kit,listed
Round,GBRnd128AnSpTslRed,128,Clear,Vintage Bulb Sprayer with Tassel,,no_served_kit,listed
Round,GBRnd128AnSpTslWht,128,Clear,Vintage Bulb Sprayer with Tassel,,no_served_kit,listed
Round,GBRndFrst78RdcrShnBlk,78,Frosted,Reducer,body; cap,,compatibility_unresolved
Round,GBRndFrst128AnSpLvn,128,Frosted,Vintage Bulb Sprayer,,no_served_kit,listed
Empire,GBEmp100RdcrShnBlk,100,Clear,Reducer,body; cap,,compatibility_unresolved
Empire,LBEmp50WhtClOvrCp,50,Clear,Lotion Pump,body; diptube; pump,,compatibility_unresolved
Empire,GBEmp50RdcrShnBlk,50,Clear,Reducer,body; cap,,compatibility_unresolved
Empire,LBEmp100WhtClOvrCp,100,Clear,Lotion Pump,body; diptube; pump,,compatibility_unresolved
