body_id,family,alias,capacity_ml,diameter_mm,body_height_mm,neck_finish,sku_count,glass_colors,applicators,example_skus,complexity,confidence,existing_model,geometry_status,parametric_group
BB-BODY-001,Cylinder,9 ml Cylinder (70 mm body),9,20.0,70.0,17-415,143,5,4,GBCyl9MtlRollBlkDot; GBCyl9MtlRollMattCu; GBCyl9MtlRollMattGl,EASY,HIGH,NO,UNIQUE GEOMETRY,
BB-BODY-002,Diva,46 ml Diva (89 mm body),46,49.0,89.0,18-415,99,2,6,GBDiva46AnSpBlk; GBDiva46AnSpBlkRng; GBDiva46AnSpGl,MODERATE,HIGH,NO,UNIQUE GEOMETRY,
BB-BODY-003,Elegant,60 ml Elegant (86 mm body),60,,86.0,18-415,94,2,6,GBElg60AnSpBlk; GBElg60AnSpGl; GBElg60AnSpIvyGl,MODERATE,MEDIUM,NO,PARAMETRIC CANDIDATE,CAND-ELEGANT-18-415
BB-BODY-004,Round,128 ml Round (83 mm body),128,69.0,83.0,18-415,92,2,6,GBRnd128AnSpBlk; GBRnd128AnSpGl; GBRnd128AnSpIvyGl,EASY,HIGH,NO,UNIQUE GEOMETRY,
BB-BODY-005,Elegant,100 ml Elegant (109 mm body),100,,109.0,18-415,87,2,5,GBElg100AnSpBlk; GBElg100AnSpGl; GBElg100AnSpIvyGl,MODERATE,MEDIUM,NO,PARAMETRIC CANDIDATE,CAND-ELEGANT-18-415
BB-BODY-006,Circle,100 ml Circle (105 mm body),100,,105.0,18-415,86,2,5,GBCrcl100AnSpBlk; GBCrcl100AnSpGl; GBCrcl100AnSpIvyGl,EASY,MEDIUM,NO,PARAMETRIC CANDIDATE,CAND-CIRCLE-18-415
BB-BODY-007,Round,78 ml Round (73 mm body),78,59.0,73.0,18-415,86,2,5,GBRnd78AnSpBlk; GBRnd78AnSpGl; GBRnd78AnSpIvyGl,EASY,HIGH,NO,UNIQUE GEOMETRY,
BB-BODY-008,Circle,50 ml Circle (87 mm body),50,,87.0,18-415,76,2,5,GBCrcl50AnSpBlk; GBCrcl50AnSpGl; GBCrcl50AnSpIvyGl,EASY,MEDIUM,NO,PARAMETRIC CANDIDATE,CAND-CIRCLE-18-415
BB-BODY-009,Cylinder,9 ml Cylinder (106 mm body),9,18.0,106.0,13-415,59,2,3,GBTallCyl9BlkSht; GBTallCyl9Gl; GBTallCyl9MtlRollBlkDot,EASY,HIGH,NO,UNIQUE GEOMETRY,
BB-BODY-010,Tulip,5 ml Tulip (45 mm body),5,23.0,45.0,13-415,59,2,3,GBTulip6BlkSht; GBTulip6Gl; GBTulip6MtlRollBlkDot,MODERATE,HIGH,NO,UNIQUE GEOMETRY,
BB-BODY-011,Cylinder,5 ml Cylinder (53 mm body),5,17.0,53.0,13-415,58,2,3,GBCyl5BlkSht; GBCyl5Gl; GBCyl5MtlRollBlkDot,EASY,HIGH,NO,UNIQUE GEOMETRY,
BB-BODY-012,Elegant,15 ml Elegant (61 mm body),15,,61.0,13-415,57,2,3,GBElg15BlkSht; GBElg15Gl; GBElg15MtlRollBlkDot,MODERATE,MEDIUM,NO,PARAMETRIC CANDIDATE,CAND-ELEGANT-13-415
BB-BODY-013,Boston Round,60 ml Boston Round (94 mm body),60,39.0,94.0,20-400,54,3,3,GBBstn2ozBlkCapSht; GBBstn2ozBlkDrpr; GBBstn2ozBlkDrprShnGlTrim,EASY,HIGH,NO,UNIQUE GEOMETRY,
BB-BODY-014,Boston Round,30 ml Boston Round (78 mm body),30,33.0,78.0,20-400,52,3,3,GBBstn1ozBlkDrp; GBBstn1ozBlkDrpShnGlTrim; GBBstn1ozMtlRollonBlk,EASY,HIGH,NO,PARAMETRIC VARIANT,PARAM-BOSTONROUND-20-400-33
BB-BODY-015,Empire,50 ml Empire (88 mm body),50,,88.0,18-415,47,1,6,GBEmp50AnSpBlk; GBEmp50AnSpGl; GBEmp50AnSpIvyGl,MODERATE,MEDIUM,NO,PARAMETRIC CANDIDATE,CAND-EMPIRE-18-415
BB-BODY-016,Empire,100 ml Empire (107 mm body),100,,107.0,18-415,44,1,5,GBEmp100AnSpBlk; GBEmp100AnSpGl; GBEmp100AnSpIvyGl,MODERATE,MEDIUM,NO,PARAMETRIC CANDIDATE,CAND-EMPIRE-18-415
BB-BODY-017,Sleek,100 ml Sleek (149 mm body),100,,149.0,18-415,44,1,5,GBSlk100AnSpBlk; GBSlk100AnSpGl; GBSlk100AnSpIvyGl,MODERATE,MEDIUM,NO,PARAMETRIC CANDIDATE,CAND-SLEEK-18-415
BB-BODY-018,Cylinder,100 ml Cylinder (154 mm body),100,35.0,154.0,18-415,43,1,5,GBCyl100AnSpBlk; GBCyl100AnSpGl; GBCyl100AnSpIvyGl,EASY,HIGH,NO,UNIQUE GEOMETRY,
BB-BODY-019,Cylinder,50 ml Cylinder (117 mm body),50,32.0,117.0,18-415,43,1,5,GBCyl50AnSpBlk; GBCyl50AnSpGl; GBCyl50AnSpIvyGl,EASY,HIGH,NO,PARAMETRIC VARIANT,PARAM-CYLINDER-18-415-32
BB-BODY-020,Diamond,60 ml Diamond (88 mm body),60,,88.0,18-415,43,1,5,GBDmnd2ozAnSpBlk; GBDmnd2ozAnSpGl; GBDmnd2ozAnSpIvyGl,COMPLEX,MEDIUM,NO,UNIQUE GEOMETRY,
BB-BODY-021,Diva,100 ml Diva (113 mm body),100,64.0,113.0,18-415,43,1,5,GBDiva100AnSpBlk; GBDiva100AnSpGl; GBDiva100AnSpIvyGl,MODERATE,HIGH,NO,UNIQUE GEOMETRY,
BB-BODY-022,Grace,55 ml Grace (113 mm body),55,,113.0,18-415,43,1,5,GBGrce55AnSpBlk; GBGrce55AnSpGl; GBGrce55AnSpIvyGl,MODERATE,MEDIUM,NO,UNIQUE GEOMETRY,
BB-BODY-023,Sleek,50 ml Sleek (139 mm body),50,,139.0,18-415,36,1,4,GBSlk50AnSpBlk; GBSlk50AnSpGl; GBSlk50AnSpIvyGl,MODERATE,MEDIUM,NO,PARAMETRIC CANDIDATE,CAND-SLEEK-18-415
BB-BODY-024,Slim,100 ml Slim (154 mm body),100,37.0,154.0,18-415,36,1,4,GBSlm100AnSpBlk; GBSlm100AnSpGl; GBSlm100AnSpIvyGl,EASY,HIGH,NO,UNIQUE GEOMETRY,
BB-BODY-025,Slim,50 ml Slim (121 mm body),50,31.0,121.0,18-415,36,1,4,GBSlm50AnSpBlk; GBSlm50AnSpGl; GBSlm50AnSpIvyGl,EASY,HIGH,NO,UNIQUE GEOMETRY,
BB-BODY-026,Diva,30 ml Diva (81 mm body),30,43.0,81.0,18-415,34,1,4,GBDiva30AnSpBlk; GBDiva30AnSpGl; GBDiva30AnSpIvyGl,MODERATE,HIGH,NO,UNIQUE GEOMETRY,
BB-BODY-027,Circle,15 ml Circle (60 mm body),15,50.0,60.0,13-415,30,1,3,GBCrcl15BlkSht; GBCrcl15Gl; GBCrcl15MtlRollBlkDot,EASY,HIGH,NO,UNIQUE GEOMETRY,
BB-BODY-028,Flair,15 ml Flair (56 mm body),15,,56.0,13-415,30,1,3,GBFlair15BlkSht; GBFlair15Gl; GBFlair15MtlRollBlkDot,MODERATE,MEDIUM,NO,UNIQUE GEOMETRY,
BB-BODY-029,Rectangle,10 ml Rectangle (101 mm body),10,,101.0,13-415,30,1,3,GBTallRect10BlkSht; GBTallRect10Gl; GBTallRect10MtlRollBlkDot,MODERATE,MEDIUM,NO,PARAMETRIC CANDIDATE,CAND-RECTANGLE-13-415
BB-BODY-030,Rectangle,10 ml Rectangle (50 mm body),10,,50.0,13-415,30,1,3,GBRect10BlkSht; GBRect10Gl; GBRect10MtlRollBlkDot,MODERATE,MEDIUM,NO,PARAMETRIC CANDIDATE,CAND-RECTANGLE-13-415
BB-BODY-031,Sleek,30 ml Sleek (98 mm body),30,,98.0,18-415,30,1,4,GBSlk30AnSpBlk; GBSlk30AnSpGl; GBSlk30AnSpIvyGl,MODERATE,MEDIUM,NO,PARAMETRIC CANDIDATE,CAND-SLEEK-18-415
BB-BODY-032,Sleek,5 ml Sleek (45 mm body),5,,45.0,13-415,30,1,3,GBSleek5BlkSht; GBSleek5Gl; GBSleek5MtlRollBlkDot,MODERATE,MEDIUM,NO,PARAMETRIC CANDIDATE,CAND-SLEEK-13-415
BB-BODY-033,Sleek,8 ml Sleek (66 mm body),8,,66.0,13-415,30,1,3,GBSleek8BlkSht; GBSleek8Gl; GBSleek8MtlRollBlkDot,MODERATE,MEDIUM,NO,PARAMETRIC CANDIDATE,CAND-SLEEK-13-415
BB-BODY-034,Slim,30 ml Slim (87 mm body),30,30.0,87.0,18-415,30,1,4,GBSlm30AnSpBlk; GBSlm30AnSpGl; GBSlm30AnSpIvyGl,EASY,HIGH,NO,UNIQUE GEOMETRY,
BB-BODY-035,Royal,13 ml Royal (56 mm body),13,,56.0,13-415,29,1,3,GBRoyal13BlkSht; GBRoyal13Gl; GBRoyal13MtlRollBlkDot,EASY,MEDIUM,NO,UNIQUE GEOMETRY,
BB-BODY-036,Square,15 ml Square (52 mm body),15,,52.0,13-415,29,1,3,GBSqr15BlkSht; GBSqr15Gl; GBSqr15MtlRollBlkDot,MODERATE,MEDIUM,NO,UNIQUE GEOMETRY,
BB-BODY-037,Boston Round,15 ml Boston Round (68 mm body),15,25.0,68.0,18-400,15,3,1,GBBstn15BlkCapSht; GBBstnAmb15mlBlkCapSht; GBBstnAmb15mlBlkDropper,EASY,HIGH,NO,UNIQUE GEOMETRY,
BB-BODY-038,Circle,50 ml Circle (87 mm body),50,72.0,87.0,18-415,14,2,1,LBCrcl50LtnClOvrCap; LBCrcl50LtnCu; LBCrcl50LtnMtGl,EASY,HIGH,NO,UNIQUE GEOMETRY,
BB-BODY-039,Vial,4 ml Vial (45 mm body),4,15.0,45.0,13-425,12,1,1,GBV1DrmBlackCapSht; GBV1DrmBlkDropper; GBV1DrmWhtCapSht,EASY,HIGH,NO,UNIQUE GEOMETRY,
BB-BODY-040,Atomizer,10 ml Atomizer (82 mm body),10,23.0,82.0,17mm,11,5,1,GBAtom10Blk; GBAtom10BlkDot; GBAtom10Blu,EASY,HIGH,NO,UNIQUE GEOMETRY,
BB-BODY-041,Elegant,30 ml Elegant,30,,,15-415,10,2,1,GBElg30SpryBlk; GBElg30SpryMattGl; GBElg30SpryMattSl,MODERATE,LOW,NO,PARAMETRIC CANDIDATE,CAND-ELEGANT-15-415
BB-BODY-042,Sleek,30 ml Sleek (98 mm body),30,28.0,98.0,18-415,8,1,1,LBSlk30LtnClOvrCap; LBSlk30LtnCu; LBSlk30LtnMtGl,MODERATE,HIGH,NO,PARAMETRIC VARIANT,PARAM-SLEEK-18-415-28
BB-BODY-043,Sleek,50 ml Sleek (139 mm body),50,28.0,139.0,18-415,8,1,1,LBSlk50LtnClOvrCap; LBSlk50LtnCu; LBSlk50LtnMtGl,MODERATE,HIGH,NO,PARAMETRIC VARIANT,PARAM-SLEEK-18-415-28
BB-BODY-044,Circle,30 ml Circle (74 mm body),30,,74.0,15-415,7,1,1,GBCrcl30GlCap; GBCrcl30SlCap; GBCrcl30SpryBlk,EASY,MEDIUM,NO,UNIQUE GEOMETRY,
BB-BODY-045,Cylinder,25 ml Cylinder (83 mm body),25,32.0,83.0,18-415,7,1,1,LBCyl25LtnCu; LBCyl25LtnMtGl; LBCyl25LtnMtSl,EASY,HIGH,NO,PARAMETRIC VARIANT,PARAM-CYLINDER-18-415-32
BB-BODY-046,Slim,100 ml Slim (154 mm body),100,,154.0,18-415,7,1,1,LBSlm100LtnCu; LBSlm100LtnMtGl; LBSlm100LtnMtSl,EASY,MEDIUM,NO,PARAMETRIC CANDIDATE,CAND-SLIM-18-415
BB-BODY-047,Slim,30 ml Slim (87 mm body),30,,87.0,18-415,7,1,1,LBSlm30LtnClOvrCap; LBSlm30LtnCu; LBSlm30LtnMtGl,EASY,MEDIUM,NO,PARAMETRIC CANDIDATE,CAND-SLIM-18-415
BB-BODY-048,Slim,50 ml Slim (121 mm body),50,,121.0,18-415,7,1,1,LBSlm50LtnClOvrCap; LBSlm50LtnCu; LBSlm50LtnMtGl,EASY,MEDIUM,NO,PARAMETRIC CANDIDATE,CAND-SLIM-18-415
BB-BODY-049,Atomizer,5 ml Atomizer (76 mm body),5,18.0,76.0,13-415,6,2,1,GBAtom5Blu; GBAtom5Gl; GBAtom5Red,EASY,HIGH,NO,UNIQUE GEOMETRY,
BB-BODY-050,Bell,10 ml Bell,10,,,13-415,6,1,5,GBBell10BlkShSht; GBBell10MtlRollBlkDot; GBBell10MtlRollBlkDot,COMPLEX,LOW,NO,UNIQUE GEOMETRY,
BB-BODY-051,Cream Jar,30 ml Cream Jar (35 mm body),30,52.0,35.0,45mm,4,0,0,CJAmb30BlkCap; CJAmb30SlCap; CJFrst30BlkCap,EASY,HIGH,NO,UNIQUE GEOMETRY,
BB-BODY-052,Cream Jar,40 ml Cream Jar (42 mm body),40,56.0,42.0,48/400,4,0,0,CJAmb40SlCap; CJFrst40BlkCap; CJFrst40SlCap,EASY,HIGH,NO,UNIQUE GEOMETRY,
BB-BODY-053,Cylinder,28 ml Cylinder (81 mm body),28,31.0,81.0,16mm,4,1,2,GBCyl1ozRollWht; GBMtlRoll28Blk; GBMtlRoll28Wht,EASY,HIGH,NO,UNIQUE GEOMETRY,
BB-BODY-054,Cylinder,50 ml Cylinder (98 mm body),50,37.0,98.0,16mm,4,1,2,GBCyl50MtlRollBlk; GBCyl50MtlRollWht; GBCyl50RollBlk,EASY,HIGH,NO,UNIQUE GEOMETRY,
BB-BODY-055,Elegant,30 ml Elegant (75 mm body),30,,75.0,15-415,4,2,0,GBElg30GlCap; GBElg30SlCap; GBElgFrst30GlCap,MODERATE,MEDIUM,NO,PARAMETRIC CANDIDATE,CAND-ELEGANT-15-415
BB-BODY-056,Vial,1 ml Vial (35 mm body),1,8.0,35.0,Plug,4,2,0,GB1mlAmbVBlk; GB1mlAmbVialWht; GB1mlVBlk,EASY,HIGH,NO,UNIQUE GEOMETRY,
BB-BODY-057,Vial,2 ml Vial (35 mm body),2,12.0,35.0,8-425,4,1,0,GBVAmb2BlackCap; GBVAmb2WhtCap; GBVialClr2mlBlackCap,EASY,HIGH,NO,UNIQUE GEOMETRY,
BB-BODY-058,Apothecary,30 ml Apothecary,30,37.0,,Ground,3,3,1,GB1ozApth; GB1ozApthBlue; GB1ozApthGreen,EASY,LOW,NO,UNIQUE GEOMETRY,
BB-BODY-059,Atomizer,5 ml Atomizer (92 mm body),5,15.0,92.0,10mm,3,2,1,GBAtom5SlimBlk; GBAtom5SlimGl; GBAtom5SlimSl,EASY,HIGH,NO,UNIQUE GEOMETRY,
BB-BODY-060,Rectangle,9 ml Rectangle (47 mm body),9,,47.0,Ground,3,1,1,GBSQSTBlue; GBSQSTClear; GBSQSTGREEN,MODERATE,MEDIUM,NO,UNIQUE GEOMETRY,
BB-BODY-061,Teardrop,9 ml Teardrop (43 mm body),9,,43.0,Ground,3,3,1,GBTRDPClear; GBTRDPGreen; GBTrdpBlue,COMPLEX,MEDIUM,NO,UNIQUE GEOMETRY,
BB-BODY-062,Aluminum Bottle,120 ml Aluminum Bottle (114 mm body),120,45.0,114.0,20-410,2,0,0,Alu120mlLotionPumpBlack; Alu120mlLotionPumpWhite,EASY,HIGH,NO,UNIQUE GEOMETRY,
BB-BODY-063,Aluminum Bottle,65 ml Aluminum Bottle (94 mm body),65,36.0,94.0,20-410,2,0,0,Alu65mlLotionPumpBlack; Alu65mlLotionPumpWhite,EASY,HIGH,NO,UNIQUE GEOMETRY,
BB-BODY-064,Cream Jar,3 ml Cream Jar (22 mm body),3,35.0,22.0,20mm,2,0,0,CJBlu3; CJClr3,EASY,HIGH,NO,UNIQUE GEOMETRY,
BB-BODY-065,Cylinder,3 ml Cylinder (37 mm body),3,14.0,37.0,12mm,2,1,1,GBSpry3mlClBlk; GBSpry3mlClWht,EASY,HIGH,NO,PARAMETRIC VARIANT,PARAM-CYLINDER-12mm-14
BB-BODY-066,Cylinder,30 ml Cylinder,30,,,18-415,2,1,0,GBSpry1ozGl; GBSpry1ozSl,EASY,LOW,NO,UNIQUE GEOMETRY,
BB-BODY-067,Cylinder,4 ml Cylinder (49 mm body),4,14.0,49.0,12mm,2,1,1,GBSpry4mlClBlk; GBSpry4mlClWh,EASY,HIGH,NO,PARAMETRIC VARIANT,PARAM-CYLINDER-12mm-14
BB-BODY-068,Decorative,32 ml Decorative (77 mm body),32,42.0,77.0,Ground,2,2,0,GB1ozGenieBl; GB1ozGenieCl,COMPLEX,HIGH,NO,UNIQUE GEOMETRY,
BB-BODY-069,Decorative,35 ml Decorative (44 mm body),35,,44.0,Ground,2,2,0,GBEternalFlameClear; GBEternalFlameGreen,COMPLEX,MEDIUM,NO,PARAMETRIC CANDIDATE,CAND-DECORATIVE-Ground
BB-BODY-070,Decorative,4 ml Decorative (46 mm body),4,,46.0,8mm,2,1,0,GBHeartFrst4KeyGld; GBHeartFrst4TslRed,COMPLEX,MEDIUM,NO,UNIQUE GEOMETRY,
BB-BODY-071,Elegant,15 ml Elegant,15,,,13-415,2,2,2,GBElg15MinarCu; GBElgFrst15BlkShSht,MODERATE,LOW,NO,PARAMETRIC CANDIDATE,CAND-ELEGANT-13-415
BB-BODY-072,Lotion Bottle,30 ml Lotion Bottle,30,,,?,2,1,0,LB1ozGl; LB1ozSl,EASY,LOW,NO,UNIQUE GEOMETRY,
BB-BODY-073,Pillar,9 ml Pillar,9,,,13-415,2,1,1,GBPillar9MtlRollBlkdot; GBPillar9RollBlkDot,COMPLEX,LOW,NO,UNIQUE GEOMETRY,
BB-BODY-074,Vial,3 ml Vial (29 mm body),3,14.0,29.0,13-425,2,2,0,GBVGreen2o4BlackCapSht; GBVGreen2o4WhtCapSht,EASY,HIGH,NO,UNIQUE GEOMETRY,
BB-BODY-075,Aluminum Bottle,100 ml Aluminum Bottle,100,50.0,,20-410,1,0,0,Alu100mlSprayBlack,EASY,LOW,NO,UNIQUE GEOMETRY,
BB-BODY-076,Aluminum Bottle,500 ml Aluminum Bottle (178 mm body),500,74.0,178.0,20-410,1,0,0,Alu500,EASY,HIGH,NO,UNIQUE GEOMETRY,
BB-BODY-077,Apothecary,118 ml Apothecary,118,,,Ground,1,1,0,GBPearClear4ozStpr,EASY,LOW,NO,UNIQUE GEOMETRY,
BB-BODY-078,Apothecary,15 ml Apothecary (58 mm body),15,30.0,58.0,Ground,1,1,1,GB15ApthBlue,EASY,HIGH,NO,UNIQUE GEOMETRY,
BB-BODY-079,Boston Round,15 ml Boston Round,15,,,18-400,1,1,1,GBBstn15BlkDrp,EASY,LOW,NO,UNIQUE GEOMETRY,
BB-BODY-080,Boston Round,30 ml Boston Round (68 mm body),30,33.0,68.0,20-400,1,1,0,GBBstn1ozBlkCapSht,EASY,HIGH,NO,PARAMETRIC VARIANT,PARAM-BOSTONROUND-20-400-33
BB-BODY-081,Circle,50 ml Circle (87 mm body),50,,87.0,18-400,1,1,1,GBCrclFrst50RdcrIvyLthr,EASY,MEDIUM,NO,UNIQUE GEOMETRY,
BB-BODY-082,Cream Jar,15 ml Cream Jar (31 mm body),15,48.0,31.0,37mm,1,0,0,CJClr15Wht,EASY,HIGH,NO,UNIQUE GEOMETRY,
BB-BODY-083,Cream Jar,15 ml Cream Jar (26 mm body),15,55.0,26.0,37mm,1,0,0,CJClr15Pnk,EASY,HIGH,NO,UNIQUE GEOMETRY,
BB-BODY-084,Cream Jar,20 ml Cream Jar,20,55.0,,40mm,1,0,0,CJWhite20,EASY,LOW,NO,UNIQUE GEOMETRY,
BB-BODY-085,Cream Jar,5 ml Cream Jar (16 mm body),5,31.0,16.0,27mm,1,0,0,CJClr5mlClrCap,EASY,HIGH,NO,PARAMETRIC VARIANT,PARAM-CREAMJAR-27mm-31
BB-BODY-086,Cream Jar,5 ml Cream Jar (24 mm body),5,31.0,24.0,27mm,1,0,0,CJAmb5mlBlkCap,EASY,HIGH,NO,PARAMETRIC VARIANT,PARAM-CREAMJAR-27mm-31
BB-BODY-087,Cream Jar,60 ml Cream Jar (51 mm body),60,59.0,51.0,58mm,1,0,0,CreamJarFrstdPlsBlkPls2oz,EASY,HIGH,NO,UNIQUE GEOMETRY,
BB-BODY-088,Cream Jar,63 ml Cream Jar,63,60.0,,58mm,1,0,0,CJWhitePlsSlFr2oz,EASY,LOW,NO,UNIQUE GEOMETRY,
BB-BODY-089,Cylinder,118 ml Cylinder,118,,,?,1,1,1,PbClear4ozFlpWh,EASY,LOW,NO,PARAMETRIC CANDIDATE,CAND-CYLINDER-?
BB-BODY-090,Cylinder,227 ml Cylinder,227,,,?,1,1,1,PbClear8ozFlpWh,EASY,LOW,NO,PARAMETRIC CANDIDATE,CAND-CYLINDER-?
BB-BODY-091,Cylinder,454 ml Cylinder,454,,,?,1,1,1,PbNat16ozFlpWh,EASY,LOW,NO,PARAMETRIC CANDIDATE,CAND-CYLINDER-?
BB-BODY-092,Cylinder,5 ml Cylinder,5,,,13-415,1,1,1,GBCylBlu5BlkShSht,EASY,LOW,NO,UNIQUE GEOMETRY,
BB-BODY-093,Cylinder,9 ml Cylinder,9,20.0,,18-400,1,1,1,GB09BlackCapApp,EASY,LOW,NO,UNIQUE GEOMETRY,
BB-BODY-094,Cylinder,9 ml Cylinder,9,21.0,,18-400,1,1,0,GB09BlackCapSht,EASY,LOW,NO,UNIQUE GEOMETRY,
BB-BODY-095,Decorative,10 ml Decorative (80 mm body),10,,80.0,17.52mm,1,1,0,GBMtlMrblLarge,COMPLEX,MEDIUM,NO,PARAMETRIC CANDIDATE,CAND-DECORATIVE-17.52mm
BB-BODY-096,Decorative,3 ml Decorative (42 mm body),3,18.0,42.0,14.3mm,1,1,0,GB3TPlGl,COMPLEX,HIGH,NO,UNIQUE GEOMETRY,
BB-BODY-097,Decorative,35 ml Decorative (43 mm body),35,,43.0,Ground,1,1,0,GBEternalFlameBlue,COMPLEX,MEDIUM,NO,PARAMETRIC CANDIDATE,CAND-DECORATIVE-Ground
BB-BODY-098,Decorative,355 ml Decorative,355,92.0,,Ground,1,1,1,GBCB12ozPear,COMPLEX,LOW,NO,UNIQUE GEOMETRY,
BB-BODY-099,Decorative,5 ml Decorative (66 mm body),5,,66.0,17.52mm,1,1,0,GBMtlMrblSmall,COMPLEX,MEDIUM,NO,PARAMETRIC CANDIDATE,CAND-DECORATIVE-17.52mm
BB-BODY-100,Decorative,6 ml Decorative (48 mm body),6,22.0,48.0,14.3mm,1,1,0,GB6TPlGl,COMPLEX,HIGH,NO,UNIQUE GEOMETRY,
BB-BODY-101,Lotion Bottle,3 ml Lotion Bottle,3,,,snap,1,1,0,LB3mlClear,EASY,LOW,NO,UNIQUE GEOMETRY,
BB-BODY-102,Lotion Bottle,30 ml Lotion Bottle (118 mm body),30,33.0,118.0,18mm,1,1,0,LBMetalSilver1oz,EASY,HIGH,NO,UNIQUE GEOMETRY,
BB-BODY-103,Pillar,9 ml Pillar,9,,,17-415,1,1,1,GBPillar9SpryBlkMatt,COMPLEX,LOW,NO,UNIQUE GEOMETRY,
BB-BODY-104,Pillar,9 ml Pillar,9,,,Size: GBPillar9BlkSht Nemat In,1,1,1,GBPillar9BlkShSht,COMPLEX,LOW,NO,UNIQUE GEOMETRY,
BB-BODY-105,Plastic Bottle,30 ml Plastic Bottle (68 mm body),30,,68.0,13-415,1,0,0,PB1ozClearcap,EASY,MEDIUM,NO,UNIQUE GEOMETRY,
BB-BODY-106,Royal,14 ml Royal (64 mm body),14,,64.0,11mm,1,1,0,GBMtlCylGl,EASY,MEDIUM,NO,UNIQUE GEOMETRY,
BB-BODY-107,Tulip,6 ml Tulip,6,,,13-415,1,1,1,GBTulip6BlkShSht,MODERATE,LOW,NO,UNIQUE GEOMETRY,
BB-BODY-108,Vial,2 ml Vial,2,,,13-425,1,1,0,GBVialAmb1o5WhtCapSht,EASY,LOW,NO,PARAMETRIC CANDIDATE,CAND-VIAL-13-425
BB-BODY-109,Vial,3 ml Vial,3,,,13-425,1,1,0,GBVBlu1o9BlackCapSht,EASY,LOW,NO,PARAMETRIC CANDIDATE,CAND-VIAL-13-425
