record_scope,id,category,family,website_sku,grace_sku,item_name,in_stock,live_media_status,exact_plate_assigned,psd_state,psd_path,legacy_product_url,legacy_product_delivery,legacy_image_url,legacy_image_delivery,legacy_image_identity,generation_reference_ready,recovery_action
current_catalog,BB-CL-000-0204,Component,Cap/Closure,CP18-415BlkLthr,CMP-CAP-BLK-18415-LTR,"Black Faux Leather caps for glass bottles, Thread size 18-415",True,covered_exact_plate,yes,exact_website_sku,/Users/jordanrichter/Projects/Clients/Nemat-International/BB-PSD-Files-Master/20. Caps/6. 18-415 Caps/4. CP18-415BlkLthr.psd,https://www.bestbottles.com/product/Caps-reducer-lids-top-bottle-black-leather-Color-18-415,healthy,https://www.bestbottles.com/images/store/enlarged_pics/CP18-415BlkLthr.gif,healthy,exact_image_filename,no,use_master_psd
current_catalog,BB-CL-000-0198,Component,Cap/Closure,18-400CpAppBlk,CMP-APP-BLK-18-400,"Black cap with glass rod applicator, Threadsize 18-400",True,remote_only_healthy,no,exact_website_sku,/Users/jordanrichter/Projects/Clients/Nemat-International/BB-PSD-Files-Master/15. 18:400/Alternating cap/2. 18-400CpAppBlk.psd,https://www.bestbottles.com/product/Caps-lid-with-applicator-top-black-Color-8-425,healthy,https://www.bestbottles.com/images/store/enlarged_pics/CP18-400AppBlk.gif,healthy,filename_mismatch_needs_review,no,use_master_psd
current_catalog,BB-CL-000-0199,Component,Cap/Closure,18-400CpShortBlk,CMP-CAP-BLK-18-400,"Black lid or closure for glass bottle, Thread size 18-400",True,remote_only_healthy,no,exact_website_sku,/Users/jordanrichter/Projects/Clients/Nemat-International/BB-PSD-Files-Master/15. 18:400/Alternating cap/1. 18-400CpShortBlk.psd,https://www.bestbottles.com/product/Caps-lid-short-top-black-Color-18-400,healthy,https://www.bestbottles.com/images/store/enlarged_pics/CP18-400ShortBlk.gif,healthy,filename_mismatch_needs_review,no,use_master_psd
current_catalog,BB-CL-000-0201,Component,Cap/Closure,20-400cp1ozShortBlk,CMP-CAP-BLK-20-400-1OZ,"Black lid or closure for glass bottle, Thread size 20-400",True,covered_exact_plate,yes,exact_website_sku,/Users/jordanrichter/Projects/Clients/Nemat-International/BB-PSD-Files-Master/1.  20-400 (1 oz & 2 oz) the 15ml 18-400 Boston Round/3. 20-400 Thumbnail Caps/28. 20-400cp1ozShortBlk.psd | /Users/jordanrichter/Projects/Clients/Nemat-International/BB-PSD-Files-Master/1.  20-400 (1 oz & 2 oz) the 15ml 18-400 Boston Round/2. 20-400 High Res Caps/Caps/8. 20-400cp1ozShortBlk.psd,https://www.bestbottles.com/product/Caps-lids-top-bottle-black-Color-1oz-20-400,healthy,https://www.bestbottles.com/images/store/enlarged_pics/CP20-4001ozShortBlk.gif,healthy,filename_mismatch_needs_review,no,use_master_psd
current_catalog,BB-CL-000-0200,Component,Cap/Closure,20-400Cp2ozShortBlk,CMP-CAP-BLK-20-400-2OZ,"Black lid or closure for glass bottle, Thread size 20-400",True,covered_exact_plate,yes,exact_website_sku,/Users/jordanrichter/Projects/Clients/Nemat-International/BB-PSD-Files-Master/1.  20-400 (1 oz & 2 oz) the 15ml 18-400 Boston Round/3. 20-400 Thumbnail Caps/30. 20-400Cp2ozShortBlk.psd | /Users/jordanrichter/Projects/Clients/Nemat-International/BB-PSD-Files-Master/1.  20-400 (1 oz & 2 oz) the 15ml 18-400 Boston Round/3. 20-400 Thumbnail Caps/27. 20-400Cp2ozShortBlk.psd | /Users/jordanrichter/Projects/Clients/Nemat-International/BB-PSD-Files-Master/1.  20-400 (1 oz & 2 oz) the 15ml 18-400 Boston Round/2. 20-400 High Res Caps/Caps/10. 20-400Cp2ozShortBlk.psd | /Users/jordanrichter/Projects/Clients/Nemat-International/BB-PSD-Files-Master/1.  20-400 (1 oz & 2 oz) the 15ml 18-400 Boston Round/2. 20-400 High Res Caps/Caps/7. 20-400Cp2ozShortBlk.psd,https://www.bestbottles.com/product/Caps-lids-top-bottle-black-Color-2oz-20-400,healthy,https://www.bestbottles.com/images/store/enlarged_pics/CP20-4002ozShortBlk.gif,healthy,filename_mismatch_needs_review,no,use_master_psd
current_catalog,BB-CL-000-0202,Component,Cap/Closure,8-425CpShortBlack,CMP-CAP-BLK-8-425,"Black lid or closure for glass bottle, Thread size 8-425",True,remote_only_healthy,no,exact_website_sku,/Users/jordanrichter/Projects/Clients/Nemat-International/BB-PSD-Files-Master/6.   8-425 Bottles - CB/8245 Thumbnail Caps/1. 8-425CpShortBlack .psd | /Users/jordanrichter/Projects/Clients/Nemat-International/BB-PSD-Files-Master/7.   8-425 5ml Elegant/5ml Elegant Alternating caps/1. 8-425CpShortBlack.psd,https://www.bestbottles.com/product/Caps-short-lid-top-black-Color-8-425,healthy,https://www.bestbottles.com/images/store/enlarged_pics/CP8-425ShortBlack.gif,healthy,filename_mismatch_needs_review,no,use_master_psd
current_catalog,BB-CL-000-0205,Component,Cap/Closure,CP18-415BrwnLthr,CMP-CAP-BRN-18415-LTR,"Brown Faux Leather caps for glass bottles, Thread size 18-415",True,covered_exact_plate,yes,exact_website_sku,/Users/jordanrichter/Projects/Clients/Nemat-International/BB-PSD-Files-Master/20. Caps/6. 18-415 Caps/5. CP18-415BrwnLthr.psd,https://www.bestbottles.com/product/Caps-reducer-lids-top-bottle-brown-leather-Color-18-415,healthy,https://www.bestbottles.com/images/store/enlarged_pics/CP18-415BrwnLthr.gif,healthy,exact_image_filename,no,use_master_psd
current_catalog,BB-CL-000-0207,Component,Cap/Closure,CP18-415LIvyLthr,CMP-CAP-IVY-18415-LTR,"Ivory Faux Leather caps for glass bottles, Thread size 18-415",True,covered_exact_plate,yes,exact_website_sku,/Users/jordanrichter/Projects/Clients/Nemat-International/BB-PSD-Files-Master/20. Caps/6. 18-415 Caps/44. CP18-415LIvyLthr.psd,https://www.bestbottles.com/product/Caps-reducer-lids-top-bottle-ivory-leather-Color-18-415,healthy,https://www.bestbottles.com/images/store/enlarged_pics/CP18-415LIvyLthr.gif,healthy,exact_image_filename,no,use_master_psd
current_catalog,BB-CL-000-0206,Component,Cap/Closure,CP18-415LBrwnLthr,CMP-CAP-LBRN-18415-LTR,"Light Brown Faux Leather caps for glass bottles, Thread size 18-415",True,covered_exact_plate,yes,exact_website_sku,/Users/jordanrichter/Projects/Clients/Nemat-International/BB-PSD-Files-Master/20. Caps/6. 18-415 Caps/6. CP18-415LBrwnLthr.psd,https://www.bestbottles.com/product/Caps-reducer-lids-top-bottle-light-brown-leather-Color-18-415,healthy,https://www.bestbottles.com/images/store/enlarged_pics/CP18-415LBrwnLthr.gif,healthy,exact_image_filename,no,use_master_psd
current_catalog,BB-CL-000-0208,Component,Cap/Closure,CP18-415LPnkLthr,CMP-CAP-PNK-18415-LTR,"Pink Faux Leather caps for glass bottles, Thread size 18-415",True,covered_exact_plate,yes,exact_website_sku,/Users/jordanrichter/Projects/Clients/Nemat-International/BB-PSD-Files-Master/20. Caps/6. 18-415 Caps/45. CP18-415LPnkLthr.psd,https://www.bestbottles.com/product/Caps-reducer-lids-top-bottle-pink-leather-Color-18-415,healthy,https://www.bestbottles.com/images/store/enlarged_pics/CP18-415LPnkLthr.gif,healthy,exact_image_filename,no,use_master_psd
current_catalog,BB-CL-000-0209,Component,Cap/Closure,CP18-415MtSl,CMP-CAP-MSLV-18415-S,"Short Matt Silver caps for glass bottles, Thread size 18-415",True,covered_exact_plate,yes,exact_website_sku,/Users/jordanrichter/Projects/Clients/Nemat-International/BB-PSD-Files-Master/20. Caps/6. 18-415 Caps/9. CP18-415MtSl.psd,https://www.bestbottles.com/product/Caps-reducer-lids-top-bottle-matte-silver-18-415,healthy,https://www.bestbottles.com/images/store/enlarged_pics/CP18-415MtSl.gif,healthy,exact_image_filename,no,use_master_psd
current_catalog,BB-CL-000-0212,Component,Cap/Closure,CP18-415ShnGl,CMP-CAP-SGLD-18415-S,Short Shiny Gold caps for glass bottles. Thread size 18-415,True,covered_exact_plate,yes,exact_website_sku,/Users/jordanrichter/Projects/Clients/Nemat-International/BB-PSD-Files-Master/20. Caps/6. 18-415 Caps/1. CP18-415ShnGl.psd,https://www.bestbottles.com/product/Caps-reducer-lids-top-bottle-shiny-gold-Color-18-415,healthy,https://www.bestbottles.com/images/store/enlarged_pics/CP18-415ShnGl.gif,healthy,exact_image_filename,no,use_master_psd
current_catalog,BB-CL-000-0213,Component,Cap/Closure,CP18-415ShnSl,CMP-CAP-SSLV-18415-S,Short Shiny Silver caps for glass bottles. Thread size 18-415,True,covered_exact_plate,yes,exact_website_sku,/Users/jordanrichter/Projects/Clients/Nemat-International/BB-PSD-Files-Master/20. Caps/6. 18-415 Caps/7. CP18-415ShnSl.psd,https://www.bestbottles.com/product/Caps-reducer-lids-top-bottle-shiny-silver-Color-18-415,healthy,https://www.bestbottles.com/images/store/enlarged_pics/CP18-415ShnSl.gif,healthy,exact_image_filename,no,use_master_psd
current_catalog,BB-CL-000-0211,Component,Cap/Closure,CP18-415ShnBlkTall,CMP-CAP-SBLK-18415-T,Tall Black caps for glass bottles. Thread size 18-415,True,remote_only_healthy,no,exact_website_sku,/Users/jordanrichter/Projects/Clients/Nemat-International/BB-PSD-Files-Master/20. Caps/6. 18-415 Caps/2. CP18-415ShnBlkTall.psd,https://www.bestbottles.com/product/Caps-reducer-lids-top-bottle-shiny-black-tall-18-415,healthy,https://www.bestbottles.com/images/store/enlarged_pics/CP18-415ShnBlkTall.gif,healthy,exact_image_filename,no,use_master_psd
current_catalog,BB-CL-000-0210,Component,Cap/Closure,CP18-415MtSlTall,CMP-CAP-MSLV-18415-T,Tall Matt Silver caps for glass bottles. Thread size 18-415,True,covered_exact_plate,yes,exact_website_sku,/Users/jordanrichter/Projects/Clients/Nemat-International/BB-PSD-Files-Master/20. Caps/6. 18-415 Caps/8. CP18-415MtSlTall.psd,https://www.bestbottles.com/product/Caps-reducer-lids-top-bottle-matte-silver-tall-18-415,healthy,https://www.bestbottles.com/images/store/enlarged_pics/CP18-415MtSlTall.gif,healthy,exact_image_filename,no,use_master_psd
current_catalog,BB-CL-000-0214,Component,Cap/Closure,CP18-415Wh,CMP-CAP-WHT-18415-T,Tall White caps for glass bottles. Thread size 18-415,True,covered_exact_plate,yes,exact_website_sku,/Users/jordanrichter/Projects/Clients/Nemat-International/BB-PSD-Files-Master/20. Caps/6. 18-415 Caps/10. CP18-415Wh.psd,https://www.bestbottles.com/product/Caps-reducer-lids-top-bottle-white-Color-18-415,healthy,https://www.bestbottles.com/images/store/enlarged_pics/CP18-415Wh.gif,healthy,exact_image_filename,no,use_master_psd
current_catalog,BB-CL-000-0215,Component,Cap/Closure,CP8-425TallBlack,CMP-CAP-BLK-8425-T,"Tall black lid or closure for glass bottle, Thread size 8-425",True,remote_only_healthy,no,exact_website_sku,/Users/jordanrichter/Projects/Clients/Nemat-International/BB-PSD-Files-Master/20. Caps/20.  8-245 Caps/5. CP8-425TallBlack.psd,https://www.bestbottles.com/product/Caps-tall-lid-top-black-Color-8-425,healthy,https://www.bestbottles.com/images/store/enlarged_pics/CP8-425TallBlack.gif,healthy,exact_image_filename,no,use_master_psd
current_catalog,BB-CL-000-0216,Component,Cap/Closure,CP8-425TallShnGl,CMP-CAP-SGLD-8425-T,"Tall shiny gold lid or closure for glass bottle, Thread size 8-425",True,covered_exact_plate,yes,exact_website_sku,/Users/jordanrichter/Projects/Clients/Nemat-International/BB-PSD-Files-Master/20. Caps/20.  8-245 Caps/4. CP8-425TallShnGl.psd,https://www.bestbottles.com/product/Caps-tall-lid-top-shiny-gold-Color-8-425,healthy,https://www.bestbottles.com/images/store/enlarged_pics/CP8-425TallShnGl.gif,healthy,exact_image_filename,no,use_master_psd
current_catalog,BB-CL-000-0217,Component,Cap/Closure,CP8-425TallShnSl,CMP-CAP-SSLV-8425-T,"Tall shiny silver lid or closure for glass bottle, Thread size 8-425",True,covered_exact_plate,yes,exact_website_sku,/Users/jordanrichter/Projects/Clients/Nemat-International/BB-PSD-Files-Master/20. Caps/20.  8-245 Caps/3. CP8-425TallShnSl.psd,https://www.bestbottles.com/product/Caps-tall-lid-top-shiny-silver-Color-8-425,healthy,https://www.bestbottles.com/images/store/enlarged_pics/CP8-425TallShnSl.gif,healthy,exact_image_filename,no,use_master_psd
current_catalog,BB-CL-000-0203,Component,Cap/Closure,8-425CpShortWhite,CMP-CAP-WHT-8-425,"White lid or closure for glass bottle, Thread size 8-425",True,remote_only_healthy,no,exact_website_sku,/Users/jordanrichter/Projects/Clients/Nemat-International/BB-PSD-Files-Master/6.   8-425 Bottles - CB/8245 Thumbnail Caps/2. 8-425CpShortWhite.psd | /Users/jordanrichter/Projects/Clients/Nemat-International/BB-PSD-Files-Master/7.   8-425 5ml Elegant/5ml Elegant Alternating caps/2. 8-425CpShortWhite.psd,https://www.bestbottles.com/product/Caps-short-lid-top-White-Color-8-425,healthy,https://www.bestbottles.com/images/store/enlarged_pics/CP8-425ShortWhite.gif,healthy,filename_mismatch_needs_review,no,use_master_psd
current_catalog,BB-DR-000-0016,Component,Dropper,Drp18-40015mlBlckBulb,CMP-DRP-BLK-18400-90MM,"Black rubber bulb dropper with black cap. Glass stem length is 66 mm, Thread size 18-400",True,covered_exact_plate,yes,exact_website_sku,/Users/jordanrichter/Projects/Clients/Nemat-International/BB-PSD-Files-Master/20. Caps/4. 18-400 Droppers/2. DRP18-40015mlBlckBulb.psd,https://www.bestbottles.com/product/Dropper-black-rubber-bulb-black-trim-glass-Pipette-15ml,healthy,https://www.bestbottles.com/images/store/enlarged_pics/Drp18-40015mlBlckBulb.gif,healthy,exact_image_filename,no,use_master_psd
current_catalog,BB-DR-000-0018,Component,Dropper,Drp20-4001ozBlckBulb,CMP-DRP-BLK-20400-76MM-01,"Black rubber bulb dropper with black cap. Glass stem length is 76 mm, Thread size 20-400",True,covered_exact_plate,yes,exact_website_sku,/Users/jordanrichter/Projects/Clients/Nemat-International/BB-PSD-Files-Master/20. Caps/3. 20-400 Droppers/8. DRP20-4001ozBlckBulb.psd,https://www.bestbottles.com/product/Dropper-glass-Black-Rubber-Bulb-black-trim-7x76,healthy,https://www.bestbottles.com/images/store/enlarged_pics/Drp20-4001ozBlckBulb.gif,healthy,exact_image_filename,no,use_master_psd
current_catalog,BB-DR-000-0079,Component,Dropper,Drp20-4002ozBlckBulb,CMP-DRP-BLK-20400-90,"Black rubber bulb dropper with black cap. Glass stem length is 90 mm, Thread size 20-400",True,covered_exact_plate,yes,exact_website_sku,/Users/jordanrichter/Projects/Clients/Nemat-International/BB-PSD-Files-Master/20. Caps/3. 20-400 Droppers/14. DRP20-4002ozBlckBulb.psd,https://www.bestbottles.com/product/Dropper-glass-Black-Rubber-Bulb-black-trim7x89,healthy,https://www.bestbottles.com/images/store/enlarged_pics/Drp20-4002ozBlckBulb.gif,healthy,exact_image_filename,no,use_master_psd
current_catalog,BB-DR-000-0065,Component,Dropper,Drp18-40015mlShnGlTrimBlkBulb,CMP-DRP-BKGD-18400-66,"Black rubber bulb dropper with shiny gold collar cap. Glass stem length is 66 mm, Thread size 18-400",True,covered_exact_plate,yes,exact_website_sku,/Users/jordanrichter/Projects/Clients/Nemat-International/BB-PSD-Files-Master/20. Caps/4. 18-400 Droppers/5. DRP18-40015mlShnGlTrimBlkBulb.psd,https://www.bestbottles.com/product/Dropper-black-rubber-bulb--gold-trim-glass-Pipette-15ml,healthy,https://www.bestbottles.com/images/store/enlarged_pics/Drp18-40015mlShnGlTrimBlkBulb.gif,healthy,exact_image_filename,no,use_master_psd
current_catalog,BB-DR-000-0074,Component,Dropper,Drp20-4001ozShnGlTrimBlkBulb,CMP-DRP-BKGD-20400-76,"Black rubber bulb dropper with shiny gold collar cap. Glass stem length is 76 mm, Thread size 20-400",True,covered_exact_plate,yes,exact_website_sku,/Users/jordanrichter/Projects/Clients/Nemat-International/BB-PSD-Files-Master/20. Caps/3. 20-400 Droppers/11. DRP20-4001ozShnGlTrimBlkBulb.psd,https://www.bestbottles.com/product/Dropper-glass-Black-Rubber-Bulb-gold-trim-7x76,healthy,https://www.bestbottles.com/images/store/enlarged_pics/Drp20-4001ozShnGlTrimBlkBulb.gif,healthy,exact_image_filename,no,use_master_psd
current_catalog,BB-DR-000-0080,Component,Dropper,Drp20-4002ozShnGlTrimBlkBulb,CMP-DRP-BKGD-20400-90,"Black rubber bulb dropper with shiny gold collar cap. Glass stem length is 90 mm, Thread size 20-400",True,covered_exact_plate,yes,exact_website_sku,/Users/jordanrichter/Projects/Clients/Nemat-International/BB-PSD-Files-Master/20. Caps/3. 20-400 Droppers/17. DRP20-4002ozShnGlTrimBlkBulb.psd,https://www.bestbottles.com/product/Dropper-glass-Black-Rubber-Bulb-gold-trim-7x89,healthy,https://www.bestbottles.com/images/store/enlarged_pics/Drp20-4002ozShnGlTrimBlkBulb.gif,healthy,exact_image_filename,no,use_master_psd
current_catalog,BB-DR-000-0067,Component,Dropper,Drp18-40015mlShnSlTrimBlkBulb,CMP-DRP-BKSL-18400-66,"Black rubber bulb dropper with shiny silver collar cap. Glass stem length is 66 mm, Thread size 18-400",True,covered_exact_plate,yes,exact_website_sku,/Users/jordanrichter/Projects/Clients/Nemat-International/BB-PSD-Files-Master/20. Caps/4. 18-400 Droppers/3. DRP18-40015mlShnSlTrimBlkBulb.psd,https://www.bestbottles.com/product/Dropper-black-rubber-silver-trim-bulb-glass-Pipette-15ml,healthy,https://www.bestbottles.com/images/store/enlarged_pics/Drp18-40015mlShnSlTrimBlkBulb.gif,healthy,exact_image_filename,no,use_master_psd
current_catalog,BB-DR-000-0075,Component,Dropper,Drp20-4001ozShnSlTrimBlkBulb,CMP-DRP-BKSL-20400-76,"Black rubber bulb dropper with shiny silver collar cap. Glass stem length is 76 mm, Thread size 20-400",True,covered_exact_plate,yes,exact_website_sku,/Users/jordanrichter/Projects/Clients/Nemat-International/BB-PSD-Files-Master/20. Caps/3. 20-400 Droppers/9. DRP20-4001ozShnSlTrimBlkBulb.psd,https://www.bestbottles.com/product/Dropper-glass-Black-Rubber-Bulb-silver-trim-7x76,healthy,https://www.bestbottles.com/images/store/enlarged_pics/Drp20-4001ozShnSlTrimBlkBulb.gif,healthy,exact_image_filename,no,use_master_psd
current_catalog,BB-DR-000-0081,Component,Dropper,Drp20-4002ozShnSlTrimBlkBulb,CMP-DRP-BKSL-20400-90,"Black rubber bulb dropper with shiny silver collar cap. Glass stem length is 90 mm, Thread size 20-400",True,covered_exact_plate,yes,exact_website_sku,/Users/jordanrichter/Projects/Clients/Nemat-International/BB-PSD-Files-Master/20. Caps/3. 20-400 Droppers/15. DRP20-4002ozShnSlTrimBlkBulb.psd,https://www.bestbottles.com/product/Dropper-glass-Black-Rubber-Bulb-silver-trim-7x89,healthy,https://www.bestbottles.com/images/store/enlarged_pics/Drp20-4002ozShnSlTrimBlkBulb.gif,healthy,exact_image_filename,no,use_master_psd
current_catalog,BB-DR-000-0070,Component,Dropper,Drp18-415Cu,CMP-DRP-CPR-18415,White rubber bulb dropper with shiny copper collar cap. Thread size 18-415,True,covered_exact_plate,yes,exact_website_sku,/Users/jordanrichter/Projects/Clients/Nemat-International/BB-PSD-Files-Master/20. Caps/29. 18-415 Droppers/Drp18-415Cu.psd,https://www.bestbottles.com/product/Dropper-white-rubber-bulb-copper-trim-glass-Pipette,healthy,https://www.bestbottles.com/images/store/enlarged_pics/Drp18-415Cu.gif,healthy,exact_image_filename,no,use_master_psd
current_catalog,BB-DR-000-0066,Component,Dropper,Drp18-40015mlShnGlTrimWhiteBulb,CMP-DRP-WTGD-18400-66,"White rubber bulb dropper with shiny gold collar cap. Glass stem length is 66 mm, Thread size 18-400",True,covered_exact_plate,yes,exact_website_sku,/Users/jordanrichter/Projects/Clients/Nemat-International/BB-PSD-Files-Master/20. Caps/4. 18-400 Droppers/4. DRP18-40015mlShnGlTrimWhiteBulb.psd,https://www.bestbottles.com/product/Dropper-white-rubber-bulb-gold-trim-glass-Pipette-15ml,healthy,https://www.bestbottles.com/images/store/enlarged_pics/Drp18-40015mlShnGlTrimWhiteBulb.gif,healthy,exact_image_filename,no,use_master_psd
current_catalog,BB-DR-000-0077,Component,Dropper,Drp20-4001ozlShnGlTrimWhiteBulb,CMP-DRP-WTGD-20400-76,"White rubber bulb dropper with shiny gold collar cap. Glass stem length is 76 mm, Thread size 20-400",True,covered_exact_plate,yes,exact_website_sku,/Users/jordanrichter/Projects/Clients/Nemat-International/BB-PSD-Files-Master/20. Caps/3. 20-400 Droppers/10. DRP20-4001ozlShnGlTrimWhiteBulb.psd,https://www.bestbottles.com/product/Dropper-glass-white-Rubber-Bulb-gold-trim7x76,healthy,https://www.bestbottles.com/images/store/enlarged_pics/Drp20-4001ozlShnGlTrimWhiteBulb.gif,healthy,exact_image_filename,no,use_master_psd
current_catalog,BB-DR-000-0083,Component,Dropper,Drp20-4002ozlShnGlTrimWhiteBulb,CMP-DRP-WTGD-20400-90,"White rubber bulb dropper with shiny gold collar cap. Glass stem length is 90 mm, Thread size 20-400",True,covered_exact_plate,yes,exact_website_sku,/Users/jordanrichter/Projects/Clients/Nemat-International/BB-PSD-Files-Master/20. Caps/3. 20-400 Droppers/16. DRP20-4002ozlShnGlTrimWhiteBulb.psd,https://www.bestbottles.com/product/Dropper-glass-white-Rubber-Bulb-gold-trim-7x89,healthy,https://www.bestbottles.com/images/store/enlarged_pics/Drp20-4002ozlShnGlTrimWhiteBulb.gif,healthy,exact_image_filename,no,use_master_psd
current_catalog,BB-DR-000-0071,Component,Dropper,Drp18-415Gl,CMP-DRP-SGLD-18415,White rubber bulb dropper with shiny gold collar cap. Thread size 18-415,True,covered_exact_plate,yes,exact_website_sku,/Users/jordanrichter/Projects/Clients/Nemat-International/BB-PSD-Files-Master/20. Caps/29. 18-415 Droppers/Drp18-415Gl.psd,https://www.bestbottles.com/product/Dropper-white-rubber-bulb-gold-trim-glass-Pipette,healthy,https://www.bestbottles.com/images/store/enlarged_pics/Drp18-415Gl.gif,healthy,exact_image_filename,no,use_master_psd
current_catalog,BB-DR-000-0068,Component,Dropper,Drp18-40015mlShnSlTrimWhiteBulb,CMP-DRP-WTSL-18400-66,"White rubber bulb dropper with shiny silver collar cap. Glass stem length is 66 mm, Thread size 18-400",True,covered_exact_plate,yes,exact_website_sku,/Users/jordanrichter/Projects/Clients/Nemat-International/BB-PSD-Files-Master/20. Caps/4. 18-400 Droppers/6. DRP18-40015mlShnSlTrimWhiteBulb.psd,https://www.bestbottles.com/product/Dropper-white-rubber-bulb-silver-trim-glass-Pipette-15ml,healthy,https://www.bestbottles.com/images/store/enlarged_pics/Drp18-40015mlShnSlTrimWhiteBulb.gif,healthy,exact_image_filename,no,use_master_psd
current_catalog,BB-DR-000-0078,Component,Dropper,Drp20-4001ozlShnSlTrimWhiteBulb,CMP-DRP-WTSL-20400-76,"White rubber bulb dropper with shiny silver collar cap. Glass stem length is 76 mm, Thread size 20-400",True,covered_exact_plate,yes,exact_website_sku,/Users/jordanrichter/Projects/Clients/Nemat-International/BB-PSD-Files-Master/20. Caps/3. 20-400 Droppers/12. DRP20-4001ozlShnSlTrimWhiteBulb.psd,https://www.bestbottles.com/product/Dropper-glass-white-Rubber-Bulb-silver-trim-7x76,healthy,https://www.bestbottles.com/images/store/enlarged_pics/Drp20-4001ozlShnSlTrimWhiteBulb.gif,healthy,exact_image_filename,no,use_master_psd
current_catalog,BB-DR-000-0084,Component,Dropper,Drp20-4002ozlShnSlTrimWhiteBulb,CMP-DRP-WTSL-20400-90,"White rubber bulb dropper with shiny silver collar cap. Glass stem length is 90 mm, Thread size 20-400",True,covered_exact_plate,yes,exact_website_sku,/Users/jordanrichter/Projects/Clients/Nemat-International/BB-PSD-Files-Master/20. Caps/3. 20-400 Droppers/18. DRP20-4002ozlShnSlTrimWhiteBulb.psd,https://www.bestbottles.com/product/Dropper-glass-white-Rubber-Bulb-silver-trim-7x89,healthy,https://www.bestbottles.com/images/store/enlarged_pics/Drp20-4002ozlShnSlTrimWhiteBulb.gif,healthy,exact_image_filename,no,use_master_psd
current_catalog,BB-DR-000-0072,Component,Dropper,Drp18-415Sl,CMP-DRP-SSLV-18415,White rubber bulb dropper with shiny silver collar cap. Thread size 18-415,True,covered_exact_plate,yes,exact_website_sku,/Users/jordanrichter/Projects/Clients/Nemat-International/BB-PSD-Files-Master/20. Caps/29. 18-415 Droppers/Drp18-415Sl.psd,https://www.bestbottles.com/product/Dropper-white-rubber-bulb-silver-trim-glass-Pipette,healthy,https://www.bestbottles.com/images/store/enlarged_pics/Drp18-415Sl.gif,healthy,exact_image_filename,no,use_master_psd
current_catalog,BB-DR-000-0069,Component,Dropper,Drp18-40015mlWhiteBulb,CMP-DRP-WHT-18400-66,"White rubber bulb dropper with white cap. Glass stem length is 66 mm, Thread size 18-400",True,covered_exact_plate,yes,exact_website_sku,/Users/jordanrichter/Projects/Clients/Nemat-International/BB-PSD-Files-Master/20. Caps/4. 18-400 Droppers/1. DRP18-40015mlWhiteBulb.psd,https://www.bestbottles.com/product/Dropper-white-rubber-bulb-white-trim-glass-Pipette-15ml,healthy,https://www.bestbottles.com/images/store/enlarged_pics/Drp18-40015mlWhiteBulb.gif,healthy,exact_image_filename,no,use_master_psd
current_catalog,BB-DR-000-0076,Component,Dropper,Drp20-4001ozWhiteBulb,CMP-DRP-WHT-20400-76,"White rubber bulb dropper with white cap. Glass stem length is 76 mm, Thread size 20-400",True,covered_exact_plate,yes,exact_website_sku,/Users/jordanrichter/Projects/Clients/Nemat-International/BB-PSD-Files-Master/20. Caps/3. 20-400 Droppers/7.  DRP20-4001ozWhiteBulb.psd,https://www.bestbottles.com/product/Dropper-glass-white-Rubber-Bulb-white-trim-7x76,healthy,https://www.bestbottles.com/images/store/enlarged_pics/Drp20-4001ozWhiteBulb.gif,healthy,exact_image_filename,no,use_master_psd
current_catalog,BB-DR-000-0082,Component,Dropper,Drp20-4002ozWhiteBulb,CMP-DRP-WHT-20400-90,"White rubber bulb dropper with white cap. Glass stem length is 90 mm, Thread size 20-400",True,covered_exact_plate,yes,exact_website_sku,/Users/jordanrichter/Projects/Clients/Nemat-International/BB-PSD-Files-Master/20. Caps/3. 20-400 Droppers/13. DRP20-4002ozWhiteBulb.psd,https://www.bestbottles.com/product/Dropper-glass-White-Rubber-Bulb-white-trim-7x89,healthy,https://www.bestbottles.com/images/store/enlarged_pics/Drp20-4002ozWhiteBulb.gif,healthy,exact_image_filename,no,use_master_psd
current_catalog,BB-LP-000-0050,Component,Lotion Pump,Ltn18-415Cu,CMP-LPM-MTCP-18-415-05,"Matte Copper Lotion or treatment pump, Threadsize 18-415",True,covered_exact_plate,yes,exact_website_sku,/Users/jordanrichter/Projects/Clients/Nemat-International/BB-PSD-Files-Master/20. Caps/8. 18-415 Lotion/16. Ltn18-415Cu.psd,https://www.bestbottles.com/product/lotion-top-copper-color-18-415,healthy,https://www.bestbottles.com/images/store/enlarged_pics/Ltn18-415Cu.gif,healthy,exact_image_filename,no,use_master_psd
current_catalog,BB-LP-000-0052,Component,Lotion Pump,Ltn18-415MtGl,CMP-LPM-MTGD-18-415-07,"Matte Gold Lotion or treatment pump, Threadsize 18-415",True,covered_exact_plate,yes,exact_website_sku,/Users/jordanrichter/Projects/Clients/Nemat-International/BB-PSD-Files-Master/20. Caps/8. 18-415 Lotion/16. Ltn18-415MtGl.psd,https://www.bestbottles.com/product/lotion-top-matte-gold-color-18-415,healthy,https://www.bestbottles.com/images/store/enlarged_pics/Ltn18-415MtGl.gif,healthy,exact_image_filename,no,use_master_psd
current_catalog,BB-LP-000-0054,Component,Lotion Pump,Ltn18-415MtSl,CMP-LPM-MTSL-18-415-06,"Matte Silver Lotion or treatment pump, Threadsize 18-415",True,covered_exact_plate,yes,exact_website_sku,/Users/jordanrichter/Projects/Clients/Nemat-International/BB-PSD-Files-Master/20. Caps/8. 18-415 Lotion/16. Ltn18-415MtSl.psd,https://www.bestbottles.com/product/lotion-top-matte-silver-color-18-415,healthy,https://www.bestbottles.com/images/store/enlarged_pics/Ltn18-415MtSl.gif,healthy,exact_image_filename,no,use_master_psd
current_catalog,BB-RC-000-0062,Component,Roll-On Cap,CP13-415BlkSht,CMP-CAP-BLK-S-13-415,"Black lid or closure for glass bottle, Thread size 13-415",True,covered_exact_plate,yes,exact_website_sku,/Users/jordanrichter/Projects/Clients/Nemat-International/BB-PSD-Files-Master/5.  13-415 Bottles/25. Caps 13-415/13415 Caps/1. CP13-415BlkSht.psd | /Users/jordanrichter/Projects/Clients/Nemat-International/BB-PSD-Files-Master/20. Caps/17. 13-415 Caps /1. CP13-415BlkSht.psd,https://www.bestbottles.com/product/Caps-lids-short-top-bottle-white-Color-13-415,healthy,https://www.bestbottles.com/images/store/enlarged_pics/CP13-415BlkSht.gif,healthy,exact_image_filename,no,use_master_psd
current_catalog,BB-RC-000-0016,Component,Roll-On Cap,CpRoll17-415BlkDot,CMP-ROC-BLK-17415-DOT,"Black with dots cap or closure for rollon bottles, Threadsize 17-415",True,covered_exact_plate,yes,exact_website_sku,/Users/jordanrichter/Projects/Clients/Nemat-International/BB-PSD-Files-Master/20. Caps/12. 17-415 Roll on/2. CpRoll17-415BlkDot.psd,https://www.bestbottles.com/product/Caps-lids-top-roll-on-bottle-Black-Dot-Color-17-415,healthy,https://www.bestbottles.com/images/store/enlarged_pics/CpRoll17-415BlkDot.gif,healthy,exact_image_filename,no,use_master_psd
current_catalog,BB-RC-000-0017,Component,Roll-On Cap,CpRoll17-415Cu,CMP-ROC-CPR-17415,"Copper cap or closure for rollon bottles, Threadsize 17-415",True,covered_exact_plate,yes,exact_website_sku,/Users/jordanrichter/Projects/Clients/Nemat-International/BB-PSD-Files-Master/20. Caps/12. 17-415 Roll on/8. CpRoll17-415Cu.psd,https://www.bestbottles.com/product/Caps-lids-top-roll-on-bottle-Matte-Copper-Color-17-415,healthy,https://www.bestbottles.com/images/store/enlarged_pics/CpRoll17-415Cu.gif,healthy,exact_image_filename,no,use_master_psd
current_catalog,BB-RC-000-0003,Component,Roll-On Cap,CPRoll13-415Cu,CMP-ROC-MCPR-13415,"Matte Copper cap or closure for rollon bottles, Threadsize 13-415",True,covered_exact_plate,yes,exact_website_sku,/Users/jordanrichter/Projects/Clients/Nemat-International/BB-PSD-Files-Master/20. Caps/19. 13-415 Roll on/7. CPRoll13-415Cu.psd,https://www.bestbottles.com/product/Caps-lids-top-roll-on-bottle-copper-Color-13-415,healthy,https://www.bestbottles.com/images/store/enlarged_pics/CPRoll13-415Cu.gif,healthy,exact_image_filename,no,use_master_psd
current_catalog,BB-RC-000-0004,Component,Roll-On Cap,CPRoll13-415GlMt,CMP-ROC-MGLD-13415,"Matte Gold cap or closure for rollon bottles, Threadsize 13-415",True,covered_exact_plate,yes,exact_website_sku,/Users/jordanrichter/Projects/Clients/Nemat-International/BB-PSD-Files-Master/20. Caps/19. 13-415 Roll on/5. CPRoll13-415GlMt.psd,https://www.bestbottles.com/product/Caps-lids-top-roll-on-bottle-matte-gold-Color-13-415,healthy,https://www.bestbottles.com/images/store/enlarged_pics/CPRoll13-415GlMt.gif,healthy,exact_image_filename,no,use_master_psd
current_catalog,BB-RC-000-0083,Component,Roll-On Cap,Ltn18-415MtSlCl,CMP-LPM-MSLV-18-415-02,"Matte Silver Lotion or treatment pump with clear overcap, Threadsize 18-415",True,covered_exact_plate,yes,exact_website_sku,/Users/jordanrichter/Projects/Clients/Nemat-International/BB-PSD-Files-Master/20. Caps/8. 18-415 Lotion/20. Ltn18-415MtSlCl.psd,https://www.bestbottles.com/product/lotion-top-matte-silver-clear-overcap-color-18-415,healthy,https://www.bestbottles.com/images/store/enlarged_pics/Ltn18-415MtSlCl.gif,healthy,exact_image_filename,no,use_master_psd
current_catalog,BB-RC-000-0019,Component,Roll-On Cap,CpRoll17-415MattSl,CMP-ROC-MSLV-17415,"Matte Silver cap or closure for rollon bottles, Threadsize 17-415",True,covered_exact_plate,yes,exact_website_sku,/Users/jordanrichter/Projects/Clients/Nemat-International/BB-PSD-Files-Master/20. Caps/12. 17-415 Roll on/1. CpRoll17-415MattSl.psd,https://www.bestbottles.com/product/Caps-lids-top-roll-on-bottle-Matte-Silver-Color-17-415,healthy,https://www.bestbottles.com/images/store/enlarged_pics/CpRoll17-415MattSl.gif,healthy,exact_image_filename,no,use_master_psd
current_catalog,BB-RC-000-0018,Component,Roll-On Cap,CpRoll17-415MattGl,CMP-ROC-MGLD-17415,"Matte gold cap or closure for rollon bottles, Threadsize 17-415",True,covered_exact_plate,yes,exact_website_sku,/Users/jordanrichter/Projects/Clients/Nemat-International/BB-PSD-Files-Master/20. Caps/12. 17-415 Roll on/5. CpRoll17-415MattGl.psd,https://www.bestbottles.com/product/Caps-lids-top-roll-on-bottle-Matte-Gold-Color-17-415,healthy,https://www.bestbottles.com/images/store/enlarged_pics/CpRoll17-415MattGl.gif,healthy,exact_image_filename,no,use_master_psd
current_catalog,BB-RC-000-0008,Component,Roll-On Cap,CPRoll13-415SlMt,CMP-ROC-MSLV-13415,"Matte silver cap or closure for rollon bottles, Threadsize 13-415",True,covered_exact_plate,yes,exact_website_sku,/Users/jordanrichter/Projects/Clients/Nemat-International/BB-PSD-Files-Master/20. Caps/19. 13-415 Roll on/3. CPRoll13-415SlMt.psd,https://www.bestbottles.com/product/Caps-lids-top-roll-on-bottle-mattr-silver-Color-13-415,healthy,https://www.bestbottles.com/images/store/enlarged_pics/CPRoll13-415SlMt.gif,healthy,exact_image_filename,no,use_master_psd
current_catalog,BB-RC-000-0079,Component,Roll-On Cap,Ltn17-415MattSl,CMP-LPM-MSLV-17-415,"Matte silver collar Lotion or treatment pump, Threadsize 17-415",True,covered_exact_plate,yes,exact_website_sku,/Users/jordanrichter/Projects/Clients/Nemat-International/BB-PSD-Files-Master/20. Caps/14. 17-415 Lotion /17. Ltn17-415MattSl.psd,https://www.bestbottles.com/product/lotion-top-matte-silver-color-17-415,healthy,https://www.bestbottles.com/images/store/enlarged_pics/Ltn17-415MattSl.gif,healthy,exact_image_filename,no,use_master_psd
current_catalog,BB-RC-000-0076,Component,Roll-On Cap,CP18-415AnSpPnk,CMP-CAP-PNK-18-415,Pink Antique or Vintage style bulb sprayer with Gold fittings. Thread Size 18-415,True,covered_exact_plate,yes,exact_website_sku,/Users/jordanrichter/Projects/Clients/Nemat-International/BB-PSD-Files-Master/2.  18-415 Bottles /32. 18415 Caps /18415/26. CP18-415AnSpPnk.psd | /Users/jordanrichter/Projects/Clients/Nemat-International/BB-PSD-Files-Master/2.  18-415 Bottles /32. 18415 Caps /18415/18415 Caps/24. CP18-415AnSpPnk.psd,https://www.bestbottles.com/product/Vintage-antique-bulb-sprayer-pink,healthy,https://www.bestbottles.com/images/store/enlarged_pics/AnSp18-415Pnk.gif,healthy,filename_mismatch_needs_review,no,use_master_psd
current_catalog,BB-RC-000-0006,Component,Roll-On Cap,CPRoll13-415PinkDot,CMP-ROC-PNK-13415-DOT,"Pink cap with dots or closure for rollon bottles, Threadsize 13-415",True,covered_exact_plate,yes,exact_website_sku,/Users/jordanrichter/Projects/Clients/Nemat-International/BB-PSD-Files-Master/20. Caps/19. 13-415 Roll on/4. CPRoll13-415PinkDot.psd,https://www.bestbottles.com/product/Caps-lids-top-roll-on-bottle-pink-dot-Color-13-415,healthy,https://www.bestbottles.com/images/store/enlarged_pics/CPRoll13-415PinkDot.gif,healthy,exact_image_filename,no,use_master_psd
current_catalog,BB-RC-000-0020,Component,Roll-On Cap,CpRoll17-415PnkDot,CMP-ROC-PNK-17415-DOT,"Pink with dots cap or closure for rollon bottles, Threadsize 17-415",True,covered_exact_plate,yes,exact_website_sku,/Users/jordanrichter/Projects/Clients/Nemat-International/BB-PSD-Files-Master/20. Caps/12. 17-415 Roll on/4. CpRoll17-415PnkDot.psd,https://www.bestbottles.com/product/Caps-lids-top-roll-on-bottle-Pink-Dot-Color-17-415,healthy,https://www.bestbottles.com/images/store/enlarged_pics/CpRoll17-415PnkDot.gif,healthy,exact_image_filename,no,use_master_psd
current_catalog,BB-RC-000-0084,Component,Roll-On Cap,Ltn18-415ShnBlk,CMP-LPM-SBLK-18-415,"Shiny Black Lotion or treatment pump, Threadsize 18-415",True,covered_exact_plate,yes,exact_website_sku,/Users/jordanrichter/Projects/Clients/Nemat-International/BB-PSD-Files-Master/20. Caps/8. 18-415 Lotion/18. Ltn18-415ShnBlk.psd,https://www.bestbottles.com/product/lotion-top-shiny-black-color-18-415,healthy,https://www.bestbottles.com/images/store/enlarged_pics/Ltn18-415ShnBlk.gif,healthy,exact_image_filename,no,use_master_psd
current_catalog,BB-RC-000-0002,Component,Roll-On Cap,CPRoll13-415BlkSh,CMP-ROC-SBLK-13415,"Shiny Black cap or closure for rollon bottles, Threadsize 13-415",True,covered_exact_plate,yes,exact_website_sku,/Users/jordanrichter/Projects/Clients/Nemat-International/BB-PSD-Files-Master/20. Caps/19. 13-415 Roll on/9. CPRoll13-415BlkSh.psd,https://www.bestbottles.com/product/Caps-lids-top-roll-on-bottle-shiny-Black-Color-13-415,healthy,https://www.bestbottles.com/images/store/enlarged_pics/CPRoll13-415BlkSh.gif,healthy,exact_image_filename,no,use_master_psd
current_catalog,BB-RC-000-0085,Component,Roll-On Cap,Ltn18-415ShnGl,CMP-LPM-SGLD-18-415,"Shiny Gold Lotion or treatment pump, Threadsize 18-415",True,covered_exact_plate,yes,exact_website_sku,/Users/jordanrichter/Projects/Clients/Nemat-International/BB-PSD-Files-Master/20. Caps/8. 18-415 Lotion/17. Ltn18-415ShnGl.psd,https://www.bestbottles.com/product/lotion-top-shiny-gold-color-18-415,healthy,https://www.bestbottles.com/images/store/enlarged_pics/Ltn18-415ShnGl.gif,healthy,exact_image_filename,no,use_master_psd
current_catalog,BB-RC-000-0005,Component,Roll-On Cap,CPRoll13-415GlSh,CMP-ROC-SGLD-13415,"Shiny Gold cap or closure for rollon bottles, Threadsize 13-415",True,covered_exact_plate,yes,exact_website_sku,/Users/jordanrichter/Projects/Clients/Nemat-International/BB-PSD-Files-Master/20. Caps/19. 13-415 Roll on/8. CPRoll13-415GlSh.psd,https://www.bestbottles.com/product/Caps-lids-top-roll-on-bottle-shiny-gold-Color-13-415,healthy,https://www.bestbottles.com/images/store/enlarged_pics/CPRoll13-415GlSh.gif,healthy,exact_image_filename,no,use_master_psd
current_catalog,BB-RC-000-0074,Component,Roll-On Cap,CP15-415ShnGl,CMP-CAP-SGLD-15-415,Shiny Gold color Cap or Closure for 15-415,True,covered_exact_plate,yes,exact_website_sku,/Users/jordanrichter/Projects/Clients/Nemat-International/BB-PSD-Files-Master/20. Caps/15. 15-415 Caps/7. CP15-415ShnGl.psd,https://www.bestbottles.com/product/Caps-lids-top-bottle-shiny-gold-Color-15-415,healthy,https://www.bestbottles.com/images/store/enlarged_pics/CP15-415ShnGl.gif,healthy,exact_image_filename,no,use_master_psd
current_catalog,BB-RC-000-0086,Component,Roll-On Cap,Ltn18-415ShnSl,CMP-LPM-SSLV-18-415,"Shiny Silver Lotion or treatment pump, Threadsize 18-415",True,covered_exact_plate,yes,exact_website_sku,/Users/jordanrichter/Projects/Clients/Nemat-International/BB-PSD-Files-Master/20. Caps/8. 18-415 Lotion/21. Ltn18-415ShnSl.psd,https://www.bestbottles.com/product/lotion-top-shiny-silver-color-18-415,healthy,https://www.bestbottles.com/images/store/enlarged_pics/Ltn18-415ShnSl.gif,healthy,exact_image_filename,no,use_master_psd
current_catalog,BB-RC-000-0009,Component,Roll-On Cap,CPRoll13-415SlSh,CMP-ROC-SSLV-13415,"Shiny Silver cap or closure for rollon bottles, Threadsize 13-415",True,covered_exact_plate,yes,exact_website_sku,/Users/jordanrichter/Projects/Clients/Nemat-International/BB-PSD-Files-Master/20. Caps/19. 13-415 Roll on/6. CPRoll13-415SlSh.psd,https://www.bestbottles.com/product/Caps-lids-top-roll-on-bottle-shiny-silver-Color-13-415,healthy,https://www.bestbottles.com/images/store/enlarged_pics/CPRoll13-415SlSh.gif,healthy,exact_image_filename,no,use_master_psd
current_catalog,BB-RC-000-0075,Component,Roll-On Cap,CP15-415ShnSl,CMP-CAP-SSLV-15-415,Shiny Silver color Cap or Closure for 15-415,True,covered_exact_plate,yes,exact_website_sku,/Users/jordanrichter/Projects/Clients/Nemat-International/BB-PSD-Files-Master/20. Caps/15. 15-415 Caps/6. CP15-415ShnSl.psd,https://www.bestbottles.com/product/Caps-lids-top-bottle-shiny-silver-Color-15-415,healthy,https://www.bestbottles.com/images/store/enlarged_pics/CP15-415ShnSl.gif,healthy,exact_image_filename,no,use_master_psd
current_catalog,BB-RC-000-0021,Component,Roll-On Cap,CpRoll17-415ShnBlk,CMP-ROC-SBLK-17415,"Shiny black cap or closure for rollon bottles, Threadsize 17-415",True,covered_exact_plate,yes,exact_website_sku,/Users/jordanrichter/Projects/Clients/Nemat-International/BB-PSD-Files-Master/20. Caps/12. 17-415 Roll on/9. CpRoll17-415ShnBlk.psd,https://www.bestbottles.com/product/Caps-lids-top-roll-on-bottle-Shiny-Black-Color-17-415,healthy,https://www.bestbottles.com/images/store/enlarged_pics/CpRoll17-415ShnBlk.gif,healthy,exact_image_filename,no,use_master_psd
current_catalog,BB-RC-000-0001,Component,Roll-On Cap,CPRoll13-415BlackDot,CMP-ROC-BLK-13415-DOT,"Shiny black cap with dots or closure for rollon bottles, Threadsize 13-415",True,covered_exact_plate,yes,exact_website_sku,/Users/jordanrichter/Projects/Clients/Nemat-International/BB-PSD-Files-Master/20. Caps/19. 13-415 Roll on/1. CPRoll13-415BlackDot.psd,https://www.bestbottles.com/product/Caps-lids-top-roll-on-bottle-Black-dot-Color-13-415,healthy,https://www.bestbottles.com/images/store/enlarged_pics/CPRoll13-415BlackDot.gif,healthy,exact_image_filename,no,use_master_psd
current_catalog,BB-RC-000-0077,Component,Roll-On Cap,Ltn17-415Blk,CMP-LPM-BLK-17-415,"Shiny black collar Lotion or treatment pump, Threadsize 17-415",True,covered_exact_plate,yes,exact_website_sku,/Users/jordanrichter/Projects/Clients/Nemat-International/BB-PSD-Files-Master/20. Caps/14. 17-415 Lotion /19. Ltn17-415Blk.psd,https://www.bestbottles.com/product/lotion-top-black-color-17-415,healthy,https://www.bestbottles.com/images/store/enlarged_pics/Ltn17-415Blk.gif,healthy,exact_image_filename,no,use_master_psd
current_catalog,BB-RC-000-0022,Component,Roll-On Cap,CpRoll17-415ShnGl,CMP-ROC-SGLD-17415,"Shiny gold cap or closure for rollon bottles, Threadsize 17-415",True,covered_exact_plate,yes,exact_website_sku,/Users/jordanrichter/Projects/Clients/Nemat-International/BB-PSD-Files-Master/20. Caps/12. 17-415 Roll on/6. CpRoll17-415ShnGl.psd,https://www.bestbottles.com/product/Caps-lids-top-roll-on-bottle-Shiny-Gold-Color-17-415,healthy,https://www.bestbottles.com/images/store/enlarged_pics/CpRoll17-415ShnGl.gif,healthy,exact_image_filename,no,use_master_psd
current_catalog,BB-RC-000-0078,Component,Roll-On Cap,Ltn17-415Gl,CMP-LPM-SGLD-17-415,"Shiny gold collar Lotion or treatment pump, Threadsize 17-415",True,covered_exact_plate,yes,exact_website_sku,/Users/jordanrichter/Projects/Clients/Nemat-International/BB-PSD-Files-Master/20. Caps/14. 17-415 Lotion /18. Ltn17-415Gl.psd,https://www.bestbottles.com/product/lotion-top-gold-color-17-415,healthy,https://www.bestbottles.com/images/store/enlarged_pics/Ltn17-415Gl.gif,healthy,exact_image_filename,no,use_master_psd
current_catalog,BB-RC-000-0063,Component,Roll-On Cap,CP13-415Gl,CMP-CAP-SGLD-13-415-01,"Shiny gold lid or closure for glass bottle, Thread size 13-415",True,covered_exact_plate,yes,exact_website_sku,/Users/jordanrichter/Projects/Clients/Nemat-International/BB-PSD-Files-Master/5.  13-415 Bottles/25. Caps 13-415/13415 Caps/4. CP13-415Gl.psd | /Users/jordanrichter/Projects/Clients/Nemat-International/BB-PSD-Files-Master/20. Caps/17. 13-415 Caps /4. CP13-415Gl.psd,https://www.bestbottles.com/product/Caps-lids-top-bottle-shiny-gold-Color-13-415,healthy,https://www.bestbottles.com/images/store/enlarged_pics/CP13-415Gl.gif,healthy,exact_image_filename,no,use_master_psd
current_catalog,BB-RC-000-0023,Component,Roll-On Cap,CpRoll17-415ShnSl,CMP-ROC-SSLV-17415,"Shiny silver cap or closure for rollon bottles, Threadsize 17-415",True,covered_exact_plate,yes,exact_website_sku,/Users/jordanrichter/Projects/Clients/Nemat-International/BB-PSD-Files-Master/20. Caps/12. 17-415 Roll on/7. CpRoll17-415ShnSl.psd,https://www.bestbottles.com/product/Caps-lids-top-roll-on-bottle-Shiny-Silver-Color-17-415,healthy,https://www.bestbottles.com/images/store/enlarged_pics/CpRoll17-415ShnSl.gif,healthy,exact_image_filename,no,use_master_psd
current_catalog,BB-RC-000-0064,Component,Roll-On Cap,CP13-415Sl,CMP-CAP-SLV-13-415-01,"Shiny silver lid or closure for glass bottle, Thread size 13-415",True,covered_exact_plate,yes,exact_website_sku,/Users/jordanrichter/Projects/Clients/Nemat-International/BB-PSD-Files-Master/5.  13-415 Bottles/25. Caps 13-415/13415 Caps/3. CP13-415Sl.psd | /Users/jordanrichter/Projects/Clients/Nemat-International/BB-PSD-Files-Master/20. Caps/17. 13-415 Caps /3. CP13-415Sl.psd,https://www.bestbottles.com/product/Caps-lids-top-bottle-shiny-silver-Color-13-415,healthy,https://www.bestbottles.com/images/store/enlarged_pics/CP13-415Sl.gif,healthy,exact_image_filename,no,use_master_psd
current_catalog,BB-RC-000-0007,Component,Roll-On Cap,CPRoll13-415SlDot,CMP-ROC-SLV-13415-DOT,"Silver cap with dots or closure for rollon bottles, Threadsize 13-415",True,covered_exact_plate,yes,exact_website_sku,/Users/jordanrichter/Projects/Clients/Nemat-International/BB-PSD-Files-Master/20. Caps/19. 13-415 Roll on/2. CPRoll13-415SlDot.psd,https://www.bestbottles.com/product/Caps-lids-top-roll-on-bottle-Black-Color-13-415,healthy,https://www.bestbottles.com/images/store/enlarged_pics/CPRoll13-415SlDot.gif,healthy,exact_image_filename,no,use_master_psd
current_catalog,BB-RC-000-0024,Component,Roll-On Cap,CpRoll17-415SlDot,CMP-ROC-SLV-17415-DOT,"Silver with dots cap or closure for rollon bottles, Threadsize 17-415",True,covered_exact_plate,yes,exact_website_sku,/Users/jordanrichter/Projects/Clients/Nemat-International/BB-PSD-Files-Master/20. Caps/12. 17-415 Roll on/3. CpRoll17-415SlDot.psd,https://www.bestbottles.com/product/Caps-lids-top-roll-on-bottle-Silver-Dot-Color-17-415,healthy,https://www.bestbottles.com/images/store/enlarged_pics/CpRoll17-415SlDot.gif,healthy,exact_image_filename,no,use_master_psd
current_catalog,BB-RC-000-0010,Component,Roll-On Cap,CPRoll20-400TallMattBlk,CMP-ROC-MBLK-20400-T,"Tall Matte Black cap or closure for rollon bottles, Threadsize 20-400",True,covered_exact_plate,yes,exact_website_sku,/Users/jordanrichter/Projects/Clients/Nemat-International/BB-PSD-Files-Master/20. Caps/1. 20-400 Roll on caps /Roll on caps/25. CPRoll20-400TallMattBlk.psd,https://www.bestbottles.com/product/Caps-lids-top-roll-on-bottle-matte-black-Color-20-400,healthy,https://www.bestbottles.com/images/store/enlarged_pics/CPRoll20-400TallMattBlk.gif,healthy,exact_image_filename,no,use_master_psd
current_catalog,BB-RC-000-0011,Component,Roll-On Cap,CPRoll20-400TallMattGl,CMP-ROC-MGLD-20400-T,"Tall Matte Gold cap or closure for rollon bottles, Threadsize 20-400",True,covered_exact_plate,yes,exact_website_sku,/Users/jordanrichter/Projects/Clients/Nemat-International/BB-PSD-Files-Master/20. Caps/1. 20-400 Roll on caps /Roll on caps/21. CPRoll20-400TallMattGl.psd,https://www.bestbottles.com/product/Caps-lids-top-roll-on-bottle-matte-gold-Color-20-400,healthy,https://www.bestbottles.com/images/store/enlarged_pics/CPRoll20-400TallMattGl.gif,healthy,exact_image_filename,no,use_master_psd
current_catalog,BB-RC-000-0012,Component,Roll-On Cap,CPRoll20-400TallMattSl,CMP-ROC-MSLV-20400-T,"Tall Matte Silver cap or closure for rollon bottles, Threadsize 20-400",True,covered_exact_plate,yes,exact_website_sku,/Users/jordanrichter/Projects/Clients/Nemat-International/BB-PSD-Files-Master/20. Caps/1. 20-400 Roll on caps /Roll on caps/20. CPRoll20-400TallMattSl.psd,https://www.bestbottles.com/product/Caps-lids-top-roll-on-bottle-matte-silver-Color-20-400,healthy,https://www.bestbottles.com/images/store/enlarged_pics/CPRoll20-400TallMattSl.gif,healthy,exact_image_filename,no,use_master_psd
current_catalog,BB-RC-000-0013,Component,Roll-On Cap,CPRoll20-400TallShnBlk,CMP-ROC-SBLK-20400-T,"Tall Shiny Black cap or closure for rollon bottles, Threadsize 20-400",True,covered_exact_plate,yes,exact_website_sku,/Users/jordanrichter/Projects/Clients/Nemat-International/BB-PSD-Files-Master/20. Caps/1. 20-400 Roll on caps /Roll on caps/23. CPRoll20-400TallShnBlk.psd,https://www.bestbottles.com/product/Caps-lids-top-roll-on-bottle-shiny-black-Color-20-400,healthy,https://www.bestbottles.com/images/store/enlarged_pics/CPRoll20-400TallShnBlk.gif,healthy,exact_image_filename,no,use_master_psd
current_catalog,BB-RC-000-0014,Component,Roll-On Cap,CPRoll20-400TallShnGl,CMP-ROC-SGLD-20400-T,"Tall Shiny Gold cap or closure for rollon bottles, Threadsize 20-400",True,covered_exact_plate,yes,exact_website_sku,/Users/jordanrichter/Projects/Clients/Nemat-International/BB-PSD-Files-Master/20. Caps/1. 20-400 Roll on caps /Roll on caps/22. CPRoll20-400TallShnGl.psd,https://www.bestbottles.com/product/Caps-lids-top-roll-on-bottle-shiny-gold-Color-20-400,healthy,https://www.bestbottles.com/images/store/enlarged_pics/CPRoll20-400TallShnGl.gif,healthy,exact_image_filename,no,use_master_psd
current_catalog,BB-RC-000-0015,Component,Roll-On Cap,CPRoll20-400TallShnSl,CMP-ROC-SSLV-20400-T,"Tall Shiny Silver cap or closure for rollon bottles, Threadsize 20-400",True,covered_exact_plate,yes,exact_website_sku,/Users/jordanrichter/Projects/Clients/Nemat-International/BB-PSD-Files-Master/20. Caps/1. 20-400 Roll on caps /Roll on caps/26. CPRoll20-400TallShnSl.psd,https://www.bestbottles.com/product/Caps-lids-top-roll-on-bottle-shiny-silver-Color-20-400,healthy,https://www.bestbottles.com/images/store/enlarged_pics/CPRoll20-400TallShnSl.gif,healthy,exact_image_filename,no,use_master_psd
current_catalog,BB-RC-000-0025,Component,Roll-On Cap,CpRoll17-415White,CMP-ROC-WHT-17415,"White cap or closure for rollon bottles, Threadsize 17-415",True,covered_exact_plate,yes,exact_website_sku,/Users/jordanrichter/Projects/Clients/Nemat-International/BB-PSD-Files-Master/20. Caps/12. 17-415 Roll on/10. CpRoll17-415White.psd,https://www.bestbottles.com/product/Caps-lids-top-roll-on-bottle-White-Color-17-415,healthy,https://www.bestbottles.com/images/store/enlarged_pics/CpRoll17-415White.gif,healthy,exact_image_filename,no,use_master_psd
current_catalog,BB-RC-000-0073,Component,Roll-On Cap,CP13-415WhtSht,CMP-CAP-WHT-S-13-415,"White lid or closure for glass bottle, Thread size 13-415",True,covered_exact_plate,yes,exact_website_sku,/Users/jordanrichter/Projects/Clients/Nemat-International/BB-PSD-Files-Master/5.  13-415 Bottles/25. Caps 13-415/13415 Caps/2. CP13-415WhtSht.psd | /Users/jordanrichter/Projects/Clients/Nemat-International/BB-PSD-Files-Master/20. Caps/17. 13-415 Caps /2. CP13-415WhtSht.psd,https://www.bestbottles.com/product/Caps-lids-short-top-bottle-black-Color-13-415,healthy,https://www.bestbottles.com/images/store/enlarged_pics/CP13-415WhtSht.gif,healthy,exact_image_filename,no,use_master_psd
current_catalog,BB-SP-000-0057,Component,Sprayer,AnSp18-415Blk,CMP-SPR-BKSL-18-415-02,Black Antique or Vintage style bulb sprayer with silver fittings. Thread Size 18-415,True,covered_exact_plate,yes,exact_website_sku,/Users/jordanrichter/Projects/Clients/Nemat-International/BB-PSD-Files-Master/20. Caps/9. 18-415 Ansp /29. Ansp18-415Blk.psd,https://www.bestbottles.com/product/Vintage-antique-bulb-sprayer-Black,healthy,https://www.bestbottles.com/images/store/enlarged_pics/AnSp18-415Blk.gif,healthy,exact_image_filename,no,use_master_psd
current_catalog,BB-SP-000-0079,Component,Sprayer,AnSpTsl18-415Blk,CMP-SPR-BKSLWH-18-415-02,Black Antique or Vintage style bulb sprayer with tassel. Thread Size 18-415,True,covered_exact_plate,yes,exact_website_sku,/Users/jordanrichter/Projects/Clients/Nemat-International/BB-PSD-Files-Master/20. Caps/10. 18-415 Ansp Tsl/41. AnspTsl18-415Blk.psd,https://www.bestbottles.com/product/Vintage-antique-bulb-sprayer-Black-Tassel,healthy,https://www.bestbottles.com/images/store/enlarged_pics/AnSpTsl18-415Blk.gif,healthy,exact_image_filename,no,use_master_psd
current_catalog,BB-SP-000-0059,Component,Sprayer,AnSp18-415Gl,CMP-SPR-GLD-18-415-02,Gold Antique or Vintage style bulb sprayer with Gold fittings. Thread Size 18-415,True,covered_exact_plate,yes,exact_website_sku,/Users/jordanrichter/Projects/Clients/Nemat-International/BB-PSD-Files-Master/20. Caps/9. 18-415 Ansp /27. Ansp18-415Gl.psd,https://www.bestbottles.com/product/Vintage-antique-bulb-sprayer-gold,healthy,https://www.bestbottles.com/images/store/enlarged_pics/AnSp18-415Gl.gif,healthy,exact_image_filename,no,use_master_psd
current_catalog,BB-SP-000-0240,Component,Sprayer,CP18-415AnSpTslGl,CMP-SPR-GLD-18415-TSL,Gold Antique or Vintage style bulb sprayer with tassel. Thread Size 18-415,True,covered_exact_plate,yes,exact_website_sku,/Users/jordanrichter/Projects/Clients/Nemat-International/BB-PSD-Files-Master/2.  18-415 Bottles /32. 18415 Caps /18415/45. CP18-415AnSpTslGl.psd | /Users/jordanrichter/Projects/Clients/Nemat-International/BB-PSD-Files-Master/2.  18-415 Bottles /32. 18415 Caps /18415/18415 Caps/43. CP18-415AnSpTslGl.psd,https://www.bestbottles.com/product/Vintage-antique-bulb-sprayer-gold-Tassel,healthy,https://www.bestbottles.com/images/store/enlarged_pics/AnSpTsl18-415Gl.gif,healthy,filename_mismatch_needs_review,no,use_master_psd
current_catalog,BB-SP-000-0084,Component,Sprayer,AnSpTsl18-415IvyGl,CMP-SPR-GDIVSLWH-18-415-02,Ivory Gold Antique or Vintage style bulb sprayer with Gold fittings and tassel. Thread Size 18-415,True,covered_exact_plate,yes,exact_website_sku,/Users/jordanrichter/Projects/Clients/Nemat-International/BB-PSD-Files-Master/20. Caps/10. 18-415 Ansp Tsl/36. AnspTsl18-415IvyGl.psd,https://www.bestbottles.com/product/Vintage-antique-bulb-sprayer-ivory-gold-Tassel,healthy,https://www.bestbottles.com/images/store/enlarged_pics/AnSpTsl18-415IvyGl.gif,healthy,exact_image_filename,no,use_master_psd
current_catalog,BB-SP-000-0061,Component,Sprayer,AnSp18-415IvyGl,CMP-SPR-GDIV-18-415-02,Ivory Gold Antique or Vintage style bulb sprayer with Gold fittings. Thread Size 18-415,True,covered_exact_plate,yes,exact_website_sku,/Users/jordanrichter/Projects/Clients/Nemat-International/BB-PSD-Files-Master/20. Caps/9. 18-415 Ansp /28. Ansp18-415IvyGl.psd,https://www.bestbottles.com/product/Vintage-antique-bulb-sprayer-ivory-gold,healthy,https://www.bestbottles.com/images/store/enlarged_pics/AnSp18-415IvyGl.gif,healthy,exact_image_filename,no,use_master_psd
current_catalog,BB-SP-000-0086,Component,Sprayer,AnSpTsl18-415IvySl,CMP-SPR-IVSLWH-18-415-02,Ivory Silver Antique or Vintage style bulb sprayer with silver fittings and tassel. Thread Size 18-415,True,covered_exact_plate,yes,exact_website_sku,/Users/jordanrichter/Projects/Clients/Nemat-International/BB-PSD-Files-Master/20. Caps/10. 18-415 Ansp Tsl/37. AnspTsl18-415IvySl.psd,https://www.bestbottles.com/product/Vintage-antique-bulb-sprayer-ivory-silver-Tassel,healthy,https://www.bestbottles.com/images/store/enlarged_pics/AnSpTsl18-415IvySl.gif,healthy,exact_image_filename,no,use_master_psd
current_catalog,BB-SP-000-0063,Component,Sprayer,AnSp18-415IvySl,CMP-SPR-IVSL-18-415-04,Ivory Silver Antique or Vintage style bulb sprayer with silver fittings. Thread Size 18-415,True,covered_exact_plate,yes,exact_website_sku,/Users/jordanrichter/Projects/Clients/Nemat-International/BB-PSD-Files-Master/20. Caps/9. 18-415 Ansp /26. Ansp18-415IvySl.psd,https://www.bestbottles.com/product/Vintage-antique-bulb-sprayer-ivory-silver,healthy,https://www.bestbottles.com/images/store/enlarged_pics/AnSp18-415IvySl.gif,healthy,exact_image_filename,no,use_master_psd
current_catalog,BB-SP-000-0088,Component,Sprayer,AnSpTsl18-415Lvn,CMP-SPR-LVSLWH-18-415-02,Lavender Antique or Vintage style bulb sprayer with silver fittings and tassel. Thread Size 18-415,True,covered_exact_plate,yes,exact_website_sku,/Users/jordanrichter/Projects/Clients/Nemat-International/BB-PSD-Files-Master/20. Caps/10. 18-415 Ansp Tsl/35. AnspTsl18-415Lvn.psd,https://www.bestbottles.com/product/Vintage-antique-bulb-sprayer-lavender-Tassel,healthy,https://www.bestbottles.com/images/store/enlarged_pics/AnSpTsl18-415Lvn.gif,healthy,exact_image_filename,no,use_master_psd
current_catalog,BB-SP-000-0065,Component,Sprayer,AnSp18-415Lvn,CMP-SPR-LVSL-18-415-02,Lavender Antique or Vintage style bulb sprayer with silver fittings. Thread Size 18-415,True,covered_exact_plate,yes,exact_website_sku,/Users/jordanrichter/Projects/Clients/Nemat-International/BB-PSD-Files-Master/20. Caps/9. 18-415 Ansp /23. Ansp18-415Lvn.psd,https://www.bestbottles.com/product/Vintage-antique-bulb-sprayer-lavender,healthy,https://www.bestbottles.com/images/store/enlarged_pics/AnSp18-415Lvn.gif,healthy,exact_image_filename,no,use_master_psd
current_catalog,BB-SP-000-0208,Component,Sprayer,Spry18-415Cu,CMP-SPR-MTCP-18-415-03,"Mate Copper collar sprayer, Thread size 18-415",True,covered_exact_plate,yes,exact_website_sku,/Users/jordanrichter/Projects/Clients/Nemat-International/BB-PSD-Files-Master/20. Caps/7. 18-415 Sprayers /15. Spry18-415Cu.psd,https://www.bestbottles.com/product/spray-top-copper-color-18-415,healthy,https://www.bestbottles.com/images/store/enlarged_pics/Spry18-415Cu.gif,healthy,exact_image_filename,no,use_master_psd
current_catalog,BB-SP-000-0123,Component,Sprayer,CP13-415SpryCuMt,CMP-SPR-MTCP-13-415-07,"Matte Copper Fine Mist Sprayer, Thread size 13-415",True,covered_exact_plate,yes,exact_website_sku,/Users/jordanrichter/Projects/Clients/Nemat-International/BB-PSD-Files-Master/5.  13-415 Bottles/25. Caps 13-415/13415 Sprayers/2. CP13-415SpryCuMt.psd,https://www.bestbottles.com/product/spray-top-copper-13-415,healthy,https://www.bestbottles.com/images/store/enlarged_pics/CP13-415SpryCuMt.gif,healthy,exact_image_filename,no,use_master_psd
current_catalog,BB-SP-000-0245,Component,Sprayer,Spry15-415MattGl,CMP-SPR-GLD-15-415,"Matte Gold Fine Mist Sprayer, Thread size 15-415",True,covered_exact_plate,yes,exact_website_sku,/Users/jordanrichter/Projects/Clients/Nemat-International/BB-PSD-Files-Master/20. Caps/16. 15-415 Sprayer/5. Spry15-415MattGl.psd,https://www.bestbottles.com/product/spray-top-matte-gold-color-15-415,healthy,https://www.bestbottles.com/images/store/enlarged_pics/Spry15-415MattGl.gif,healthy,exact_image_filename,no,use_master_psd
current_catalog,BB-SP-000-0210,Component,Sprayer,Spry18-415MtGl,CMP-SPR-MTGD-18-415-05,"Matte Gold collar sprayer, Thread size 18-415",True,covered_exact_plate,yes,exact_website_sku,/Users/jordanrichter/Projects/Clients/Nemat-International/BB-PSD-Files-Master/20. Caps/7. 18-415 Sprayers /11. Spry18-415MtGl.psd,https://www.bestbottles.com/product/spray-top-matte-gold-color-18-415,healthy,https://www.bestbottles.com/images/store/enlarged_pics/Spry18-415MtGl.gif,healthy,exact_image_filename,no,use_master_psd
current_catalog,BB-SP-000-0067,Component,Sprayer,AnSp18-415MtSl,CMP-SPR-MTSL-18-415-04,Matte Silver Antique or Vintage style bulb sprayer with silver fittings. Thread Size 18-415,True,covered_exact_plate,yes,exact_website_sku,/Users/jordanrichter/Projects/Clients/Nemat-International/BB-PSD-Files-Master/20. Caps/9. 18-415 Ansp /25. Ansp18-415MtSl.psd,https://www.bestbottles.com/product/Vintage-antique-bulb-sprayer-matte-silver,healthy,https://www.bestbottles.com/images/store/enlarged_pics/AnSp18-415MtSl.gif,healthy,exact_image_filename,no,use_master_psd
current_catalog,BB-SP-000-0090,Component,Sprayer,AnSpTsl18-415MtS,CMP-SPR-MTSLWH-18-415-02,Matte Silver Antique or Vintage style bulb sprayer with tassel. Thread Size 18-415,True,covered_exact_plate,yes,exact_website_sku,/Users/jordanrichter/Projects/Clients/Nemat-International/BB-PSD-Files-Master/20. Caps/10. 18-415 Ansp Tsl/42. AnspTsl18-415MtS.psd,https://www.bestbottles.com/product/Vintage-antique-bulb-sprayer-matte-silver-Tassel,healthy,https://www.bestbottles.com/images/store/enlarged_pics/AnSpTsl18-415MtS.gif,healthy,exact_image_filename,no,use_master_psd
current_catalog,BB-SP-000-0246,Component,Sprayer,Spry15-415MattSl,CMP-SPR-SLV-15-415,"Matte Silver Fine Mist Sprayer, Thread size 15-415",True,covered_exact_plate,yes,exact_website_sku,/Users/jordanrichter/Projects/Clients/Nemat-International/BB-PSD-Files-Master/20. Caps/16. 15-415 Sprayer/4. Spry15-415MattSl.psd,https://www.bestbottles.com/product/spray-top-matte-silver-color-15-415,healthy,https://www.bestbottles.com/images/store/enlarged_pics/Spry15-415MattSl.gif,healthy,exact_image_filename,no,use_master_psd
current_catalog,BB-SP-000-0212,Component,Sprayer,Spry18-415MtSl,CMP-SPR-MTSL-18-415-06,"Matte Silver collar sprayer, Thread size 18-415",True,covered_exact_plate,yes,exact_website_sku,/Users/jordanrichter/Projects/Clients/Nemat-International/BB-PSD-Files-Master/20. Caps/7. 18-415 Sprayers /14. Spry18-415MtSl.psd,https://www.bestbottles.com/product/spray-top-matte-silver-color-18-415,healthy,https://www.bestbottles.com/images/store/enlarged_pics/Spry18-415MtSl.gif,healthy,exact_image_filename,no,use_master_psd
current_catalog,BB-SP-000-0114,Component,Sprayer,CP13-415SpryBlkMt,CMP-SPR-MTBK-13-415-07,"Matte black Fine Mist Sprayer, Thread size 13-415",True,covered_exact_plate,yes,exact_website_sku,/Users/jordanrichter/Projects/Clients/Nemat-International/BB-PSD-Files-Master/5.  13-415 Bottles/25. Caps 13-415/13415/10. CP13-415SpryBlkMt.psd | /Users/jordanrichter/Projects/Clients/Nemat-International/BB-PSD-Files-Master/5.  13-415 Bottles/25. Caps 13-415/13415 Sprayers/1. CP13-415SpryBlkMt.psd,https://www.bestbottles.com/product/spray-top-matte-black-13-415,healthy,https://www.bestbottles.com/images/store/enlarged_pics/CP13-415SpryBlkMt.gif,healthy,exact_image_filename,no,use_master_psd
current_catalog,BB-SP-000-0120,Component,Sprayer,CP13-415SpryBluMt,CMP-SPR-MTBL-13-415-07,"Matte blue Fine Mist Sprayer, Thread size 13-415",True,covered_exact_plate,yes,exact_website_sku,/Users/jordanrichter/Projects/Clients/Nemat-International/BB-PSD-Files-Master/5.  13-415 Bottles/25. Caps 13-415/13415/12. CP13-415SpryBluMt.psd | /Users/jordanrichter/Projects/Clients/Nemat-International/BB-PSD-Files-Master/5.  13-415 Bottles/25. Caps 13-415/13415 Sprayers/4. CP13-415SpryBluMt.psd,https://www.bestbottles.com/product/spray-top-matte-blue-13-415,healthy,https://www.bestbottles.com/images/store/enlarged_pics/CP13-415SpryBluMt.gif,healthy,exact_image_filename,no,use_master_psd
current_catalog,BB-SP-000-0126,Component,Sprayer,CP13-415SpryGlMt,CMP-SPR-MTGD-13-415-07,"Matte gold Fine Mist Sprayer, Thread size 13-415",True,covered_exact_plate,yes,exact_website_sku,/Users/jordanrichter/Projects/Clients/Nemat-International/BB-PSD-Files-Master/5.  13-415 Bottles/25. Caps 13-415/13415/14. CP13-415SpryGlMt.psd | /Users/jordanrichter/Projects/Clients/Nemat-International/BB-PSD-Files-Master/5.  13-415 Bottles/25. Caps 13-415/13415 Sprayers/6. CP13-415SpryGlMt.psd,https://www.bestbottles.com/product/spray-top-matte-gold-13-415,healthy,https://www.bestbottles.com/images/store/enlarged_pics/CP13-415SpryGlMt.gif,healthy,exact_image_filename,no,use_master_psd
current_catalog,BB-SP-000-0133,Component,Sprayer,CP13-415SprySlMt,CMP-SPR-MTSL-13-415-07,"Matte silver Fine Mist Sprayer, Thread size 13-415",True,remote_only_healthy,no,exact_website_sku,/Users/jordanrichter/Projects/Clients/Nemat-International/BB-PSD-Files-Master/5.  13-415 Bottles/25. Caps 13-415/13415 Sprayers/7. CP13-415SprySlMt.psd,https://www.bestbottles.com/product/spray-top-matte-silver-13-415,healthy,https://www.bestbottles.com/images/store/enlarged_pics/CP13-415SprySlMt.gif,healthy,exact_image_filename,no,use_master_psd
current_catalog,BB-SP-000-0251,Component,Sprayer,Spry17-415MattSl,CMP-SPR-SLV-17-415,"Matte silver collar sprayer, Thread size 17-415",True,covered_exact_plate,yes,exact_website_sku,/Users/jordanrichter/Projects/Clients/Nemat-International/BB-PSD-Files-Master/20. Caps/13. 17-415 Spray/12. Spry17-415MattSl.psd,https://www.bestbottles.com/product/spray-top-matte-silver-color-17-415,healthy,https://www.bestbottles.com/images/store/enlarged_pics/Spry17-415MattSl.gif,healthy,exact_image_filename,no,use_master_psd
current_catalog,BB-SP-000-0092,Component,Sprayer,AnSpTsl18-415Pnk,CMP-SPR-GDPKSLWH-18-415-02,"Pink, Antique or Vintage style bulb sprayer with Gold fittings and tassel. Thread Size 18-415",True,covered_exact_plate,yes,exact_website_sku,/Users/jordanrichter/Projects/Clients/Nemat-International/BB-PSD-Files-Master/20. Caps/10. 18-415 Ansp Tsl/39. AnspTsl18-415Pnk.psd,https://www.bestbottles.com/product/Vintage-antique-bulb-sprayer-pink-Tassel,healthy,https://www.bestbottles.com/images/store/enlarged_pics/AnSpTsl18-415Pnk.gif,healthy,exact_image_filename,no,use_master_psd
current_catalog,BB-SP-000-0241,Component,Sprayer,PB10SpryNat,CMP-SPR-CLR-10ML,Plastic Bottle with Clear Spray Top and Clear Cap. Capacity: 10ml (1/3oz),True,remote_only_healthy,no,exact_website_sku,/Users/jordanrichter/Projects/Clients/Nemat-International/BB-PSD-Files-Master/18. Perfume Glass Bottles with Metal Decoration/PB10SpryNat.psd,https://www.bestbottles.com/product/Plastic-Bottle-Clear-Natural-sprayer-10ml,healthy,https://www.bestbottles.com/images/store/enlarged_pics/PB10SpryNat.gif,healthy,exact_image_filename,no,use_master_psd
current_catalog,BB-SP-000-0242,Component,Sprayer,PB1ozSpryNat,CMP-SPR-CLR-30ML,Plastic Bottle with Clear Spray Top and Clear Cap. Capacity: 1oz (28ml).,True,covered_exact_plate,yes,exact_website_sku,/Users/jordanrichter/Projects/Clients/Nemat-International/BB-PSD-Files-Master/18. Perfume Glass Bottles with Metal Decoration/PB1ozSpryNat..psd | /Users/jordanrichter/Projects/Clients/Nemat-International/BB-PSD-Files-Master/18. Perfume Glass Bottles with Metal Decoration/PB1ozSpryNat.psd | /Users/jordanrichter/Projects/Clients/Nemat-International/BB-PSD-Files-Master/17. Additional Bottles/PB1ozSpryNat.psd,https://www.bestbottles.com/product/Plastic-Bottle-container-Clear-Natural-sprayer-1oz,healthy,https://www.bestbottles.com/images/store/enlarged_pics/PB1ozSpryNat.gif,healthy,exact_image_filename,no,use_master_psd
current_catalog,BB-SP-000-0243,Component,Sprayer,PB1ozSprySl,CMP-SPR-SLV-,Plastic Bottle with Silver Spray Top and Clear Cap. Capacity: 1oz (30ml).,True,remote_only_healthy,no,no_exact_psd,,https://www.bestbottles.com/product/Plastic-bottle-container-clear-Silver-sprayer-1oz,healthy,https://www.bestbottles.com/images/store/enlarged_pics/PB1ozSprySl.gif,healthy,exact_image_filename,yes,legacy_exact_reference_ready_for_supervised_generation
current_catalog,BB-SP-000-0072,Component,Sprayer,AnSp18-415Red,CMP-SPR-RDSL-18-415-02,Red Antique or Vintage style bulb sprayer with silver fittings. Thread Size 18-415,True,covered_exact_plate,yes,exact_website_sku,/Users/jordanrichter/Projects/Clients/Nemat-International/BB-PSD-Files-Master/20. Caps/9. 18-415 Ansp /31. Ansp18-415Red.psd,https://www.bestbottles.com/product/Vintage-antique-bulb-sprayer-red,healthy,https://www.bestbottles.com/images/store/enlarged_pics/AnSp18-415Red.gif,healthy,exact_image_filename,no,use_master_psd
current_catalog,BB-SP-000-0094,Component,Sprayer,AnSpTsl18-415Red,CMP-SPR-RDSLWH-18-415-02,"Red, Antique or Vintage style bulb sprayer with Silver fittings and tassel. Thread Size 18-415",True,covered_exact_plate,yes,exact_website_sku,/Users/jordanrichter/Projects/Clients/Nemat-International/BB-PSD-Files-Master/20. Caps/10. 18-415 Ansp Tsl/40. AnspTsl18-415Red.psd,https://www.bestbottles.com/product/Vintage-antique-bulb-sprayer-red-Tassel,healthy,https://www.bestbottles.com/images/store/enlarged_pics/AnSpTsl18-415Red.gif,healthy,exact_image_filename,no,use_master_psd
current_catalog,BB-SP-000-0244,Component,Sprayer,Spry15-415Blk,CMP-SPR-BLK-15-415,"Shiny Black Fine Mist Sprayer, Thread size 15-415",True,covered_exact_plate,yes,exact_website_sku,/Users/jordanrichter/Projects/Clients/Nemat-International/BB-PSD-Files-Master/20. Caps/16. 15-415 Sprayer/1. Spry15-415Blk.psd,https://www.bestbottles.com/product/spray-top-shiny-black-color-15-415,healthy,https://www.bestbottles.com/images/store/enlarged_pics/Spry15-415Blk.gif,healthy,exact_image_filename,no,use_master_psd
current_catalog,BB-SP-000-0215,Component,Sprayer,Spry18-415ShnBlk,CMP-SPR-SHBK-18-415-06,"Shiny Black collar sprayer, Thread size 18-415",True,covered_exact_plate,yes,exact_website_sku,/Users/jordanrichter/Projects/Clients/Nemat-International/BB-PSD-Files-Master/20. Caps/7. 18-415 Sprayers /13. Spry18-415ShnBlk.psd,https://www.bestbottles.com/product/spray-top-shiny-black-color-18-415,healthy,https://www.bestbottles.com/images/store/enlarged_pics/Spry18-415ShnBlk.gif,healthy,exact_image_filename,no,use_master_psd
current_catalog,BB-SP-000-0247,Component,Sprayer,Spry15-415ShnGl,CMP-SPR-SGLD-15-415,"Shiny Gold Fine Mist Sprayer, Thread size 15-415",True,covered_exact_plate,yes,exact_website_sku,/Users/jordanrichter/Projects/Clients/Nemat-International/BB-PSD-Files-Master/20. Caps/16. 15-415 Sprayer/2. Spry15-415ShnGl.psd,https://www.bestbottles.com/product/spray-top-shiny-gold-color-15-415,healthy,https://www.bestbottles.com/images/store/enlarged_pics/Spry15-415ShnGl.gif,healthy,exact_image_filename,no,use_master_psd
current_catalog,BB-SP-000-0217,Component,Sprayer,Spry18-415ShnGl,CMP-SPR-SHGD-18-415-05,"Shiny Gold collar sprayer, Thread size 18-415",True,covered_exact_plate,yes,exact_website_sku,/Users/jordanrichter/Projects/Clients/Nemat-International/BB-PSD-Files-Master/20. Caps/7. 18-415 Sprayers /12. Spry18-415ShnGl.psd,https://www.bestbottles.com/product/spray-top-shiny-gold-color-18-415,healthy,https://www.bestbottles.com/images/store/enlarged_pics/Spry18-415ShnGl.gif,healthy,exact_image_filename,no,use_master_psd
current_catalog,BB-SP-000-0248,Component,Sprayer,Spry15-415ShnSl,CMP-SPR-SSLV-15-415,"Shiny Silver Fine Mist Sprayer, Thread size 15-415",True,covered_exact_plate,yes,exact_website_sku,/Users/jordanrichter/Projects/Clients/Nemat-International/BB-PSD-Files-Master/20. Caps/16. 15-415 Sprayer/3. Spry15-415ShnSl.psd,https://www.bestbottles.com/product/spray-top-shiny-silver-color-15-415,healthy,https://www.bestbottles.com/images/store/enlarged_pics/Spry15-415ShnSl.gif,healthy,exact_image_filename,no,use_master_psd
current_catalog,BB-SP-000-0220,Component,Sprayer,Spry18-415ShnSl,CMP-SPR-SHSL-18-415-06,"Shiny Silver collar sprayer, Thread size 18-415",True,covered_exact_plate,yes,exact_website_sku,/Users/jordanrichter/Projects/Clients/Nemat-International/BB-PSD-Files-Master/20. Caps/7. 18-415 Sprayers /15. Spry18-415ShnSl.psd,https://www.bestbottles.com/product/spray-top-shiny-silver-color-18-415,healthy,https://www.bestbottles.com/images/store/enlarged_pics/Spry18-415ShnSl.gif,healthy,exact_image_filename,no,use_master_psd
current_catalog,BB-SP-000-0117,Component,Sprayer,CP13-415SpryBlkSh,CMP-SPR-SHBK-13-415-07,"Shiny black Fine Mist Sprayer, Thread size 13-415",True,covered_exact_plate,yes,exact_website_sku,/Users/jordanrichter/Projects/Clients/Nemat-International/BB-PSD-Files-Master/5.  13-415 Bottles/25. Caps 13-415/13415 Sprayers/3. CP13-415SpryBlkSh.psd,https://www.bestbottles.com/product/spray-top-shiny-black-13-415,healthy,https://www.bestbottles.com/images/store/enlarged_pics/CP13-415SpryBlkSh.gif,healthy,exact_image_filename,no,use_master_psd
current_catalog,BB-SP-000-0249,Component,Sprayer,Spry17-415Blk,CMP-SPR-BLK-17-415-01,"Shiny black collar sprayer, Thread size 17-415",True,covered_exact_plate,yes,exact_website_sku,/Users/jordanrichter/Projects/Clients/Nemat-International/BB-PSD-Files-Master/20. Caps/13. 17-415 Spray/13. Spry17-415Blk.psd,https://www.bestbottles.com/product/spray-top-black-trim-color-17-415,healthy,https://www.bestbottles.com/images/store/enlarged_pics/Spry17-415Blk.gif,healthy,exact_image_filename,no,use_master_psd
current_catalog,BB-SP-000-0129,Component,Sprayer,CP13-415SpryGlSh,CMP-SPR-SHGD-13-415-07,"Shiny gold Fine Mist Sprayer, Thread size 13-415",True,remote_only_healthy,no,exact_website_sku,/Users/jordanrichter/Projects/Clients/Nemat-International/BB-PSD-Files-Master/5.  13-415 Bottles/25. Caps 13-415/13415 Sprayers/5. CP13-415SpryGlSh.psd,https://www.bestbottles.com/product/spray-top-shiny-gold-13-415,healthy,https://www.bestbottles.com/images/store/enlarged_pics/CP13-415SpryGlSh.gif,healthy,exact_image_filename,no,use_master_psd
current_catalog,BB-SP-000-0250,Component,Sprayer,Spry17-415Gl,CMP-SPR-SGLD-17-415,"Shiny gold collar sprayer, Thread size 17-415",True,covered_exact_plate,yes,exact_website_sku,/Users/jordanrichter/Projects/Clients/Nemat-International/BB-PSD-Files-Master/20. Caps/13. 17-415 Spray/11. Spry17-415Gl.psd,https://www.bestbottles.com/product/spray-top-gold-color-17-415,healthy,https://www.bestbottles.com/images/store/enlarged_pics/Spry17-415Gl.gif,healthy,exact_image_filename,no,use_master_psd
current_catalog,BB-SP-000-0252,Component,Sprayer,Spry17-415Red,CMP-SPR-RED-17-415,"Shiny red collar sprayer, Thread size 17-415",True,covered_exact_plate,yes,exact_website_sku,/Users/jordanrichter/Projects/Clients/Nemat-International/BB-PSD-Files-Master/20. Caps/13. 17-415 Spray/15. Spry17-415Red.psd,https://www.bestbottles.com/product/spray-top-red-color-17-415,healthy,https://www.bestbottles.com/images/store/enlarged_pics/Spry17-415Red.gif,healthy,exact_image_filename,no,use_master_psd
current_catalog,BB-SP-000-0136,Component,Sprayer,CP13-415SprySlSh,CMP-SPR-SHSL-13-415-07,"Shiny silver Fine Mist Sprayer, Thread size 13-415",True,remote_only_healthy,no,exact_website_sku,/Users/jordanrichter/Projects/Clients/Nemat-International/BB-PSD-Files-Master/5.  13-415 Bottles/25. Caps 13-415/13415 Sprayers/8 CP13-415SprySlSh.psd,https://www.bestbottles.com/product/spray-top-shiny-silver-13-415,healthy,https://www.bestbottles.com/images/store/enlarged_pics/CP13-415SprySlSh.gif,healthy,exact_image_filename,no,use_master_psd
current_catalog,BB-SP-000-0253,Component,Sprayer,Spry17-415ShnSl,CMP-SPR-SSLV-17-415,"Shiny silver collar sprayer, Thread size 17-415",True,covered_exact_plate,yes,exact_website_sku,/Users/jordanrichter/Projects/Clients/Nemat-International/BB-PSD-Files-Master/20. Caps/13. 17-415 Spray/14. Spry17-415ShnSl.psd,https://www.bestbottles.com/product/spray-top-shiny-silver-color-17-415,healthy,https://www.bestbottles.com/images/store/enlarged_pics/Spry17-415ShnSl.gif,healthy,exact_image_filename,no,use_master_psd
current_catalog,BB-SP-000-0254,Component,Sprayer,Spry17-415Tur,CMP-SPR-CLR-17-415,"Shiny turquoise collar sprayer, Thread size 17-415",True,covered_exact_plate,yes,exact_website_sku,/Users/jordanrichter/Projects/Clients/Nemat-International/BB-PSD-Files-Master/20. Caps/13. 17-415 Spray/16. Spry17-415Tur.psd,https://www.bestbottles.com/product/spray-top-turquoise-color-17-415,healthy,https://www.bestbottles.com/images/store/enlarged_pics/Spry17-415Tur.gif,healthy,exact_image_filename,no,use_master_psd
current_catalog,BB-SP-000-0096,Component,Sprayer,AnSpTsl18-415Wht,CMP-SPR-SLWH-18-415-04,White Antique or Vintage style bulb sprayer with silver fittings and tassel. Thread Size 18-415,True,covered_exact_plate,yes,exact_website_sku,/Users/jordanrichter/Projects/Clients/Nemat-International/BB-PSD-Files-Master/20. Caps/10. 18-415 Ansp Tsl/38. AnspTsl18-415Wht.psd,https://www.bestbottles.com/product/Vintage-antique-bulb-sprayer-white-Tassel,healthy,https://www.bestbottles.com/images/store/enlarged_pics/AnSpTsl18-415Wht.gif,healthy,exact_image_filename,no,use_master_psd
current_catalog,BB-SP-000-0077,Component,Sprayer,AnSp18-415Wht,CMP-SPR-SLWH-18-415-02,White Antique or Vintage style bulb sprayer with silver fittings. Thread Size 18-415,True,remote_only_healthy,no,exact_website_sku,/Users/jordanrichter/Projects/Clients/Nemat-International/BB-PSD-Files-Master/20. Caps/9. 18-415 Ansp /30. Ansp18-415Wht.psd,https://www.bestbottles.com/product/Vintage-antique-bulb-sprayer-white,healthy,https://www.bestbottles.com/images/store/enlarged_pics/AnSp18-415Wht.gif,healthy,exact_image_filename,no,use_master_psd
current_catalog,NEW-CREAMJARAMB5MLSLCAP,Component,Unclassified component,CreamJarAmb5mlSlcap,BB-CREAMJARAMB5MLSLCAP,"Cream glass jar style 5 ml amber bottle with silver cap . For use with body butters, creams, and thick lotions. Small trial or sample size. Great for promotions. Price each",True,remote_only_healthy,no,verified_legacy_image_filename_alias,"/Users/jordanrichter/Projects/Clients/Nemat-International/BB-PSD-Files-Master/14. Cream Jars/Uncapped/12.  Jar Amb, Silver Cap 5ml/CJAmb5mlSlCap.psd | /Users/jordanrichter/Projects/Clients/Nemat-International/BB-PSD-Files-Master/14. Cream Jars/Capped/12.  Jar Amb, Silver Cap 5ml/CJAmb5mlSlCap.psd",https://www.bestbottles.com/product/cream-jar-style-5-ml-amber-glass-bottle-silver-cap,healthy,https://www.bestbottles.com/images/store/enlarged_pics/CJAmb5mlSlCap.gif,healthy,filename_mismatch_needs_review,no,use_master_psd
current_catalog,NEW-ALU250SPRYBL,Component,Unclassified component,Alu250SpryBl,BB-ALU250SPRYBL,"Cylinder shaped, matte aluminum 250 ml bottle with black sprayer. For use with cologne, perfume, air freshner, face and body spray, or room spray. Price Each",True,remote_only_healthy,no,verified_legacy_image_filename_alias,/Users/jordanrichter/Projects/Clients/Nemat-International/BB-PSD-Files-Master/11. 20-410 Alu/250ml/Alu250mlSprayblack.psd | /Users/jordanrichter/Projects/Clients/Nemat-International/BB-PSD-Files-Master/11. 20-410 Alu/250ml/Alu250mlSprayblack..psd,https://www.bestbottles.com/product/Cylinder-shaped-matte-aluminum-250ml-bottle-black-sprayer,healthy,https://www.bestbottles.com/images/store/enlarged_pics/Alu250mlSprayblack.gif,healthy,filename_mismatch_needs_review,no,use_master_psd
current_catalog,BB-PK-000-0015,Packaging,Gift Bag,OBagBlack4x6,ACC-ORG-BLK-4X6,Black Organza / sheer gusseted gift bag. Size : 4 inches x 6 inches,True,remote_only_healthy,no,no_exact_psd,,https://www.bestbottles.com/product/Organza-Sheer-Bag-pouch-Black--4x6,healthy,https://www.bestbottles.com/images/store/enlarged_pics/OBagBlack4x6.gif,healthy,exact_image_filename,yes,legacy_exact_reference_ready_for_supervised_generation
current_catalog,BB-PK-000-0016,Packaging,Gift Bag,OBagBlack5x8,ACC-ORG-BLK-5X8,Black Organza / sheer gusseted gift bag. Size : 5 inches x 8 inches,True,remote_only_healthy,no,no_exact_psd,,https://www.bestbottles.com/product/Organza-Sheer-Gift-Bag-Pouch-Black-5x8,healthy,https://www.bestbottles.com/images/store/enlarged_pics/OBagBlack5x8.gif,healthy,exact_image_filename,yes,legacy_exact_reference_ready_for_supervised_generation
current_catalog,BB-PK-000-0041,Packaging,Gift Bag,VBagBlack4x3,ACC-VLV-BLK-4X3,"Black velveteen gift bag / pouch. Size : 4\ tall x 3""wide.""""""",True,remote_only_healthy,no,no_exact_psd,,https://www.bestbottles.com/product/Velveteen-gift-bag-Red-4x3,healthy,https://www.bestbottles.com/images/store/enlarged_pics/VBagBlack4x3.gif,healthy,exact_image_filename,yes,legacy_exact_reference_ready_for_supervised_generation
current_catalog,BB-PK-000-0042,Packaging,Gift Bag,VBagBlack4x5,ACC-VLV-BLK-4X5,"Black velveteen gift bag / pouch. Size : 5.5"" tall x 4"" wide.",True,remote_only_healthy,no,no_exact_psd,,https://www.bestbottles.com/product/Small-velveteen-Black-gift-bag-pouch-4x5,healthy,https://www.bestbottles.com/images/store/enlarged_pics/VBagBlack4x5.gif,healthy,exact_image_filename,yes,legacy_exact_reference_ready_for_supervised_generation
current_catalog,BB-PK-000-0043,Packaging,Gift Bag,VBagBlue4x3,ACC-VLV-BLU-4X3,"Blue velveteen gift bag / pouch. Size : 4\ tall x 3""wide.""""""",True,remote_only_healthy,no,no_exact_psd,,https://www.bestbottles.com/product/Velveteen-gift-bag-pouch-Blue-4x3,healthy,https://www.bestbottles.com/images/store/enlarged_pics/VBagBlue4x3.gif,healthy,exact_image_filename,yes,legacy_exact_reference_ready_for_supervised_generation
current_catalog,BB-PK-000-0017,Packaging,Gift Bag,OBagChGreen4x6,ACC-ORG-CHGN-4X6,"Christmas green Organza / sheer gusseted gift bag. Size : 4"" x 6""",True,remote_only_healthy,no,no_exact_psd,,https://www.bestbottles.com/product/Organza-Sheer-Gift-Bag-Pouch-Green-4x6,healthy,https://www.bestbottles.com/images/store/enlarged_pics/OBagChGreen5x8.gif,healthy,filename_mismatch_needs_review,no,identity_review_before_generation
current_catalog,BB-PK-000-0018,Packaging,Gift Bag,OBagChGreen5x8,ACC-ORG-CHGN-5X8,Christmas green Organza / sheer gusseted gift bag. Size : 8 inches x 5.5 inches,True,remote_only_healthy,no,no_exact_psd,,https://www.bestbottles.com/product/Organza-Sheer-Gift-Bag-Pouch-Green-5x8,healthy,https://www.bestbottles.com/images/store/enlarged_pics/OBagChGreen5x8.gif,healthy,exact_image_filename,yes,legacy_exact_reference_ready_for_supervised_generation
current_catalog,BB-PK-000-0019,Packaging,Gift Bag,OBagGold4x6,ACC-ORG-GLD-4X6,Golden Organza / sheer gusseted gift bag. Size : 4 inches x 6 inches,True,remote_only_healthy,no,no_exact_psd,,https://www.bestbottles.com/product/Organza-Sheer-Gift-Bag-Pouch-Gold-4x6,healthy,https://www.bestbottles.com/images/store/enlarged_pics/OBagGold4x6.gif,healthy,exact_image_filename,yes,legacy_exact_reference_ready_for_supervised_generation
current_catalog,BB-PK-000-0020,Packaging,Gift Bag,OBagGold5x8,ACC-ORG-GLD-5X8,Golden Organza / sheer gusseted gift bag. Size : 5 inches x 8 inches,True,remote_only_healthy,no,no_exact_psd,,https://www.bestbottles.com/product/Organza-Sheer-Gift-Bag-Pouch-Gold-5x8,healthy,https://www.bestbottles.com/images/store/enlarged_pics/OBagGold5x8.gif,healthy,exact_image_filename,yes,legacy_exact_reference_ready_for_supervised_generation
current_catalog,BB-PK-000-0044,Packaging,Gift Bag,VBagGreen4x3,ACC-VLV-GRN-4X3,"Green velveteen gift bag / pouch. Size : 4\ tall x 3""wide.""""""",True,remote_only_healthy,no,no_exact_psd,,https://www.bestbottles.com/product/Velveteen-gift-bag-pouch-Green-4x3,healthy,https://www.bestbottles.com/images/store/enlarged_pics/VBagGreen4x3.gif,healthy,exact_image_filename,yes,legacy_exact_reference_ready_for_supervised_generation
current_catalog,BB-PK-000-0045,Packaging,Gift Bag,VBagGreen4x5,ACC-VLV-GRN-4X5,"Green velveteen gift bag / pouch. Size : 5.5\ tall x 4""wide.""""""",True,remote_only_healthy,no,no_exact_psd,,https://www.bestbottles.com/product/Small-velveteen-Green-bag-pouch-4x5,healthy,https://www.bestbottles.com/images/store/enlarged_pics/VBagGreen4x5.gif,healthy,exact_image_filename,yes,legacy_exact_reference_ready_for_supervised_generation
current_catalog,BB-PK-000-0021,Packaging,Gift Bag,OBagIvory4x6,ACC-ORG-IVY-4X6,Ivory Organza / sheer gusseted gift bag. Size : 4 inches x 6 inches,True,remote_only_healthy,no,no_exact_psd,,https://www.bestbottles.com/product/Organza-Sheer-Gift-Bag-Ivory-4x6,healthy,https://www.bestbottles.com/images/store/enlarged_pics/OBagIvory4x6.gif,healthy,exact_image_filename,yes,legacy_exact_reference_ready_for_supervised_generation
current_catalog,BB-PK-000-0022,Packaging,Gift Bag,OBagLavender5x8,ACC-ORG-LVN-5X8,Lavender Organza / sheer gusseted gift bag. Size : 5 inches x 8 inches,True,remote_only_healthy,no,no_exact_psd,,https://www.bestbottles.com/product/Organza-Sheer-Gift-Bag-Pouch-Lavender-5x8,healthy,https://www.bestbottles.com/images/store/enlarged_pics/OBagLavender5x8.gif,healthy,exact_image_filename,yes,legacy_exact_reference_ready_for_supervised_generation
current_catalog,BB-PK-000-0024,Packaging,Gift Bag,OBagPink4x6,ACC-ORG-PNK-4X6,Pink Organza / sheer gusseted gift bag. Size : 4 inches x 6 inches,True,remote_only_healthy,no,no_exact_psd,,https://www.bestbottles.com/product/Organza-Sheer-Gift-Bag-Pink-4x6,healthy,https://www.bestbottles.com/images/store/enlarged_pics/OBagPink4x6.gif,healthy,exact_image_filename,yes,legacy_exact_reference_ready_for_supervised_generation
current_catalog,BB-PK-000-0025,Packaging,Gift Bag,OBagPurple4x6,ACC-ORG-PRP-4X6,Purple Organza / sheer gusseted gift bag. Size : 4 inches x 6 inches,True,remote_only_healthy,no,no_exact_psd,,https://www.bestbottles.com/product/Organza-Sheer-Gift-Bag-Purple-4x6,healthy,https://www.bestbottles.com/images/store/enlarged_pics/OBagPurple4x6.gif,healthy,exact_image_filename,yes,legacy_exact_reference_ready_for_supervised_generation
current_catalog,BB-PK-000-0023,Packaging,Gift Bag,OBagLightPurple5x8,ACC-ORG-LTPR-5X8,Purple Organza / sheer gusseted gift bag. Size : 5 inches x 8 inches,True,remote_only_healthy,no,no_exact_psd,,https://www.bestbottles.com/product/Organza-Sheer-Gift-Bag-Pouch-Light-Purple-5x8,healthy,https://www.bestbottles.com/images/store/enlarged_pics/OBagLightPurple5x8.gif,healthy,exact_image_filename,yes,legacy_exact_reference_ready_for_supervised_generation
current_catalog,BB-PK-000-0026,Packaging,Gift Bag,OBagRed4x6,ACC-ORG-RED-4X6,Red Organza / sheer gusseted gift bag. Size : 4 inches x 6 inches,True,remote_only_healthy,no,no_exact_psd,,https://www.bestbottles.com/product/Organza-Sheer-Gift-Bag-Pouch-Red-4x6,healthy,https://www.bestbottles.com/images/store/enlarged_pics/OBagRed4x6.gif,healthy,exact_image_filename,yes,legacy_exact_reference_ready_for_supervised_generation
current_catalog,BB-PK-000-0027,Packaging,Gift Bag,OBagRed5x8,ACC-ORG-RED-5X8,Red Organza / sheer gusseted gift bag. Size : 5 inches x 8 inches,True,remote_only_healthy,no,no_exact_psd,,https://www.bestbottles.com/product/Organza-Sheer-Gift-Bag-Pouch-Red-5x8,healthy,https://www.bestbottles.com/images/store/enlarged_pics/OBagRed5x8.gif,healthy,exact_image_filename,yes,legacy_exact_reference_ready_for_supervised_generation
current_catalog,BB-PK-000-0046,Packaging,Gift Bag,VBagRed4x3,ACC-VLV-RED-4X3,Red Velveteen Bag 4 inches x 3 inches.,True,remote_only_healthy,no,no_exact_psd,,https://www.bestbottles.com/product/Velveteen-gift-bag-pouch-Red-4x3,healthy,https://www.bestbottles.com/images/store/enlarged_pics/VBagRed4x3.gif,healthy,exact_image_filename,yes,legacy_exact_reference_ready_for_supervised_generation
current_catalog,BB-PK-000-0028,Packaging,Gift Bag,OBagSilver4x6,ACC-ORG-SLV-4X6-02,Silver Gray Organza / sheer gusseted gift bag. Size : 4 inches x 6 inches,True,remote_only_healthy,no,no_exact_psd,,https://www.bestbottles.com/product/Organza-Sheer-Gift-Bag-Silver-4x6,healthy,https://www.bestbottles.com/images/store/enlarged_pics/OBagSilver4x6.gif,healthy,exact_image_filename,yes,legacy_exact_reference_ready_for_supervised_generation
current_catalog,BB-PK-000-0047,Packaging,Gift Bag,VBagRed4x5,ACC-VLV-RED-4X5,"Velveteen bag, gift bag, gift packing.",True,remote_only_healthy,no,no_exact_psd,,https://www.bestbottles.com/product/Small-velveteen-Red-gift-bag-pouch-4x5,healthy,https://www.bestbottles.com/images/store/enlarged_pics/VBagRed4x5.gif,healthy,exact_image_filename,yes,legacy_exact_reference_ready_for_supervised_generation
current_catalog,BB-PK-000-0003,Packaging,Gift Box,BoxBWndwBlueFthr,PKG-BOX-BWIN-BLU,"Blue Feather design folding carton box with window. Size 1.5\x 1.5""x 3.5\"""".""""""",True,remote_only_healthy,no,no_exact_psd,,https://www.bestbottles.com/product/Gift-box-B-small-window-Blue-feather,healthy,https://www.bestbottles.com/images/store/enlarged_pics/BoxBWndwBlueFthr.gif,healthy,exact_image_filename,yes,legacy_exact_reference_ready_for_supervised_generation
current_catalog,BB-PK-000-0007,Packaging,Gift Box,BoxCWndwBlueDots,PKG-BOX-CWIN-BLU,Blue Shade Dot design folding carton box with window. Size 0.75,True,remote_only_healthy,no,no_exact_psd,,https://www.bestbottles.com/product/Gift-box-C-small-window-Blue-dots,healthy,https://www.bestbottles.com/images/store/enlarged_pics/BoxCWndwBlueDots.gif,healthy,exact_image_filename,yes,legacy_exact_reference_ready_for_supervised_generation
current_catalog,BB-PK-000-0001,Packaging,Gift Box,Box-4x4x4,PKG-BOX-WHT-4X4X4,Corrugated Box 4 x 4 x 4. 32 lbs ECT,True,remote_only_healthy,no,no_exact_psd,,https://www.bestbottles.com/product/Brown-Shipping-Packaging-Box-4x4x4,healthy,https://www.bestbottles.com/images/store/enlarged_pics/Box-4x4x4.gif,healthy,exact_image_filename,yes,legacy_exact_reference_ready_for_supervised_generation
current_catalog,BB-PK-000-0002,Packaging,Gift Box,Box-5x5x5,PKG-BOX-WHT-5X5X5,Corrugated Box 5 x 5 x 5. 32 lbs ECT,True,remote_only_healthy,no,no_exact_psd,,https://www.bestbottles.com/product/Brown-Shipping-Packaging-Box-5x5x5,healthy,https://www.bestbottles.com/images/store/enlarged_pics/Box-5x5x5.gif,healthy,exact_image_filename,yes,legacy_exact_reference_ready_for_supervised_generation
current_catalog,BB-PK-000-0013,Packaging,Gift Box,BoxECreamMatteRctMed,PKG-BOX-ECRM-RECT,Cream Matte finish 3.1 x 2.75 x 5.9 inches tall box.,True,remote_only_healthy,no,no_exact_psd,,https://www.bestbottles.com/product/Gift-Box-Cream-butter-balm-color-3-1x2-75x5-9,healthy,https://www.bestbottles.com/images/store/enlarged_pics/BoxECreamMatteRctMed.gif,healthy,exact_image_filename,yes,legacy_exact_reference_ready_for_supervised_generation
current_catalog,BB-PK-000-0012,Packaging,Gift Box,BoxECreamMatteCube,PKG-BOX-ECRM-CUBE,Cream Matte finish 4 x 3.5 x 4 inches tall box.,True,remote_only_healthy,no,no_exact_psd,,https://www.bestbottles.com/product/Gift-Box-Cream-butter-balm-color-4x3-5x4,healthy,https://www.bestbottles.com/images/store/enlarged_pics/BoxECreamMatteCube.gif,healthy,exact_image_filename,yes,legacy_exact_reference_ready_for_supervised_generation
current_catalog,BB-PK-000-0004,Packaging,Gift Box,BoxBWndwEarthBrush,PKG-BOX-BWIN-ERTH,"Earth Brush design folding carton box with window. Size 1.5\x 1.5""x 3.5\"""".""""""",True,remote_only_healthy,no,no_exact_psd,,https://www.bestbottles.com/product/Gift-box-B-small-window-earth-brush,healthy,https://www.bestbottles.com/images/store/enlarged_pics/BoxBWndwEarthBrush.gif,healthy,exact_image_filename,yes,legacy_exact_reference_ready_for_supervised_generation
current_catalog,BB-PK-000-0005,Packaging,Gift Box,BoxBWndwGreenBrush,PKG-BOX-BWIN-GRN,"Green Brush design folding carton box with window. Size 1.5\x 1.5""x 3.5\"""".""""""",True,remote_only_healthy,no,no_exact_psd,,https://www.bestbottles.com/product/Gift-box-B-small-window-Green-brush,healthy,https://www.bestbottles.com/images/store/enlarged_pics/BoxBWndwGreenBrush.gif,healthy,exact_image_filename,yes,legacy_exact_reference_ready_for_supervised_generation
current_catalog,BB-PK-000-0008,Packaging,Gift Box,BoxCWndwGreenPrint,PKG-BOX-CWIN-GNPR,Green Print design folding carton box with window. Size 0.75,True,remote_only_healthy,no,no_exact_psd,,https://www.bestbottles.com/product/Gift-box-C-small-window-Green-print,healthy,https://www.bestbottles.com/images/store/enlarged_pics/BoxCWndwGreenPrint.gif,healthy,exact_image_filename,yes,legacy_exact_reference_ready_for_supervised_generation
current_catalog,BB-PK-000-0009,Packaging,Gift Box,BoxCWndwGrnShd,PKG-BOX-CWIN-GNSH,Green Shade design folding carton box with window. Size 0.75,True,remote_only_healthy,no,no_exact_psd,,https://www.bestbottles.com/product/Gift-box-C-small-window-Green-Shade,healthy,https://www.bestbottles.com/images/store/enlarged_pics/BoxCWndwGrnShd.gif,healthy,exact_image_filename,yes,legacy_exact_reference_ready_for_supervised_generation
current_catalog,BB-PK-000-0006,Packaging,Gift Box,BoxBWndwOrngShade,PKG-BOX-BWIN-ORNG,"Orange Shade design folding carton box with window. Size: 1.5\deep x 1.5""Wide x 3.5\""""High.""""""",True,remote_only_healthy,no,no_exact_psd,,https://www.bestbottles.com/product/Gift-box-B-small-window-Orange-Shade,healthy,https://www.bestbottles.com/images/store/enlarged_pics/BoxBWndwOrngShade.gif,healthy,exact_image_filename,yes,legacy_exact_reference_ready_for_supervised_generation
current_catalog,BB-PK-000-0011,Packaging,Gift Box,BoxCWndwWhite,PKG-BOX-CWIN-WHT,Plain White folding carton box with window. Size 0.75,True,remote_only_healthy,no,no_exact_psd,,https://www.bestbottles.com/product/Gift-box-C-small-window-white-color,healthy,https://www.bestbottles.com/images/store/enlarged_pics/BoxCWndwWhite.gif,healthy,exact_image_filename,yes,legacy_exact_reference_ready_for_supervised_generation
current_catalog,BB-PK-000-0010,Packaging,Gift Box,BoxCWndwSlvrSunFlwr,PKG-BOX-CWIN-SLV,Silver Sunflower design folding carton box with window. Size 0.75,True,remote_only_healthy,no,no_exact_psd,,https://www.bestbottles.com/product/Gift-box-C-small-window-Silver-Sunflower,healthy,https://www.bestbottles.com/images/store/enlarged_pics/BoxCWndwSlvrSunFlwr.gif,healthy,exact_image_filename,yes,legacy_exact_reference_ready_for_supervised_generation
current_catalog,BB-PK-000-0014,Packaging,Gift Box,BoxWhite101020,PKG-BOX-WHT-1X1X2,White folding 1.0 x 1.0 x 2.0 inches tall box.,True,remote_only_healthy,no,no_exact_psd,,https://www.bestbottles.com/product/Gift-Box-White-1x1x2,healthy,https://www.bestbottles.com/images/store/enlarged_pics/BoxWhite101020.gif,healthy,exact_image_filename,yes,legacy_exact_reference_ready_for_supervised_generation
current_catalog,BB-PK-000-0032,Packaging,Packaging Supply,RecloseableBags3x12,ACC-RCB-3X12,***OUT OF STOCK*** 3inches x 12inches Recloseable Plastic Bags. 100 pieces per packet.,True,remote_only_healthy,no,no_exact_psd,,https://www.bestbottles.com/product/Plastic-Reclosable-bag-Clear-Incense-3x12,healthy,https://www.bestbottles.com/images/store/enlarged_pics/RecloseableBags3x12.gif,healthy,exact_image_filename,yes,legacy_exact_reference_ready_for_supervised_generation
current_catalog,BB-PK-000-0029,Packaging,Packaging Supply,RecloseableBags12x15,ACC-RCB-12X15,12inches x 15inches Recloseable Plastic Bags. 100 pieces per packet.,True,remote_only_healthy,no,no_exact_psd,,https://www.bestbottles.com/product/Plastic-Reclosable-bag-Clear-12x15,healthy,https://www.bestbottles.com/images/store/enlarged_pics/RecloseableBags12x15.gif,healthy,exact_image_filename,yes,legacy_exact_reference_ready_for_supervised_generation
current_catalog,BB-PK-000-0030,Packaging,Packaging Supply,RecloseableBags2x10,ACC-RCB-2X10,2inches x 10inches Recloseable Plastic Bags. 100pcs per packet.,True,remote_only_healthy,no,no_exact_psd,,https://www.bestbottles.com/product/Plastic-Reclosable-bag-Clear-Incense-2x10,healthy,https://www.bestbottles.com/images/store/enlarged_pics/RecloseableBags2x10.gif,healthy,exact_image_filename,yes,legacy_exact_reference_ready_for_supervised_generation
current_catalog,BB-PK-000-0031,Packaging,Packaging Supply,RecloseableBags2x12,ACC-RCB-2X12,2inches x 12inches Recloseable Plastic Bags. 100pcs per packet.,True,remote_only_healthy,no,no_exact_psd,,https://www.bestbottles.com/product/Plastic-Reclosable-bag-Clear-Incense-2x12,healthy,https://www.bestbottles.com/images/store/enlarged_pics/RecloseableBags2x12.gif,healthy,exact_image_filename,yes,legacy_exact_reference_ready_for_supervised_generation
current_catalog,BB-PK-000-0033,Packaging,Packaging Supply,RecloseableBags3x3,ACC-RCB-3X3-02,3inches x 3inches Recloseable Plastic Bags. 100 pieces per packet.,True,remote_only_healthy,no,no_exact_psd,,https://www.bestbottles.com/product/Plastic-Reclosable-bag-Clear-3x3,healthy,https://www.bestbottles.com/images/store/enlarged_pics/RecloseableBags3x3.gif,healthy,exact_image_filename,yes,legacy_exact_reference_ready_for_supervised_generation
current_catalog,BB-PK-000-0034,Packaging,Packaging Supply,RecloseableBags3x4,ACC-RCB-3X4,3inches x 4inches Recloseable Plastic Bags. 100 pieces per packet.,True,remote_only_healthy,no,no_exact_psd,,https://www.bestbottles.com/product/Plastic-Reclosable-Bag-Clear-3x4,healthy,https://www.bestbottles.com/images/store/enlarged_pics/RecloseableBags3x4.gif,healthy,exact_image_filename,yes,legacy_exact_reference_ready_for_supervised_generation
current_catalog,BB-PK-000-0038,Packaging,Packaging Supply,RecloseableBags4x12,ACC-RCB-4X12,4inches x 12inches Recloseable Plastic Bags. 100 pieces per packet.,True,remote_only_healthy,no,no_exact_psd,,https://www.bestbottles.com/product/Plastic-reclosable-Bag-Clear-4x12,healthy,https://www.bestbottles.com/images/store/enlarged_pics/RecloseableBags4x12.gif,healthy,exact_image_filename,yes,legacy_exact_reference_ready_for_supervised_generation
current_catalog,BB-PK-000-0035,Packaging,Packaging Supply,RecloseableBags4X5,ACC-RCB-4X5,4inches x 5inches Recloseable Plastic Bags. 100 pieces per packet.,True,remote_only_healthy,no,no_exact_psd,,https://www.bestbottles.com/product/Plastic-Reclosable-bag-Clear-4x5,healthy,https://www.bestbottles.com/images/store/enlarged_pics/RecloseableBags4X5.gif,healthy,exact_image_filename,yes,legacy_exact_reference_ready_for_supervised_generation
current_catalog,BB-PK-000-0036,Packaging,Packaging Supply,RecloseableBags4X6,ACC-RCB-4X6-01,4inches x 6inches Recloseable Plastic Bags. 100 pieces per packet.,True,remote_only_healthy,no,no_exact_psd,,https://www.bestbottles.com/product/Plastic-Reclosable-bag-Clear-4x6,healthy,https://www.bestbottles.com/images/store/enlarged_pics/RecloseableBags4X6.gif,healthy,exact_image_filename,yes,legacy_exact_reference_ready_for_supervised_generation
current_catalog,BB-PK-000-0037,Packaging,Packaging Supply,RecloseableBags4X8,ACC-RCB-4X8,4inches x 8inches Recloseable Plastic Bags. 100 pieces per packet.,True,remote_only_healthy,no,no_exact_psd,,https://www.bestbottles.com/product/Plastic-Reclosable-bag-Clear-4x8,healthy,https://www.bestbottles.com/images/store/enlarged_pics/RecloseableBags4X8.gif,healthy,exact_image_filename,yes,legacy_exact_reference_ready_for_supervised_generation
current_catalog,BB-PK-000-0039,Packaging,Packaging Supply,RecloseableBags6x10,ACC-RCB-6X10,6inches x 10inches Recloseable Plastic Bags. 100 pieces per packet.,True,remote_only_healthy,no,no_exact_psd,,https://www.bestbottles.com/product/Plastic-Reclosable-bag-Clear-6x10,healthy,https://www.bestbottles.com/images/store/enlarged_pics/RecloseableBags6x10.gif,healthy,exact_image_filename,yes,legacy_exact_reference_ready_for_supervised_generation
current_catalog,BB-PK-000-0040,Packaging,Packaging Supply,RecloseableBags9x12,ACC-RCB-9X12,9inches x 12inches Recloseable Plastic Bags. 100 pieces per packet.,True,no_verified_source,no,no_exact_psd,,https://www.bestbottles.com/product/Plastic-Reclosable-bag-Clear-8x12,healthy,,missing,no_legacy_image,no,source_recovery_required
current_catalog,BB-AC-000-0026,Accessory,Tool,FunnelMetalGl,ACC-FNL-GLD,Small Gold Metal Funnel.,True,remote_only_healthy,no,no_exact_psd,,https://www.bestbottles.com/product/Funnel-small-metal-Gold-color,healthy,https://www.bestbottles.com/images/store/enlarged_pics/FunnelMetalGl.gif,healthy,exact_image_filename,yes,legacy_exact_reference_ready_for_supervised_generation
current_catalog,BB-AC-000-0027,Accessory,Tool,FunnelMetalSl,ACC-FNL-SLV,Small Silver Metal Funnel.,True,remote_only_healthy,no,no_exact_psd,,https://www.bestbottles.com/product/Funnel-Small-Metal-Silver,healthy,https://www.bestbottles.com/images/store/enlarged_pics/FunnelMetalSl.gif,healthy,exact_image_filename,yes,legacy_exact_reference_ready_for_supervised_generation
current_catalog,BB-AC-000-0028,Accessory,Tool,Plastic,ACC-FNL-02,Small plastic funnel.,True,no_verified_source,no,no_exact_psd,,https://www.bestbottles.com/product/Funnel-Plastic-small,healthy,https://www.bestbottles.com/images/store/enlarged_pics/Plastic Funnels.gif,healthy,documented_legacy_alias,yes,legacy_exact_reference_ready_for_supervised_generation
