body_id,family,representative_sku,grace_sku,neck_finish,shape_class,height_mm,diameter_mm,width_mm,depth_mm,capacity_ml,sku_count,dev_pct
Atom-round-na-76x18,Atom,GBAtom5Red,GBAtom5Red,,round,76.0,18.0,,,5.0,7,9.4
Atom-round-na-82x23,Atom,GBAtom10Blu,GBAtom10Blu,,round,82.0,23.0,,,10.0,8,3.0
Atom-round-na-92x15,Atom,GBAtom5SlimSl,GBAtom5SlimSl,,round,92.0,15.0,,,5.0,3,10.2
Clr-round-na-22x33,Clr,CJClr3,CJClr3,,round,22.0,33.0,,,3.0,1,4.7
Cr-boxy-15-415-74x60x20,Cr,GBCrcl30SpryBlk,GBCrcl30SpryBlk,15-415,boxy,74.0,,60.0,20.0,30.0,7,7.3
Cr-boxy-18-400-87x72x23,Cr,GBCrclFrst50RdcrIvyLthr,GBCrclFrst50RdcrIvyLthr,18-400,boxy,87.0,,72.0,23.0,50.0,1,2.6
Cr-boxy-18-415-105x89x29,Cr,GBCrclFrst100AnSpBlk,GBCrclFrst100AnSpBlk,18-415,boxy,105.0,,89.0,29.0,100.0,84,3.4
Cr-boxy-18-415-87x72x23,Cr,GBCrcl50AnSpBlk,GBCrcl50AnSpBlk,18-415,boxy,87.0,,72.0,23.0,50.0,74,1.3
Cr-round-13-415-60x50x17,Cr,GBCrcl15RollBlkSh,GBCrcl15RollBlkSh,13-415,round,60.0,50.0,,17.0,15.0,11,3.8
Cr-round-18-415-87x72x23,Cr,LBCrclFrst50LtnClOvrCap,LBCrclFrst50LtnClOvrCap,18-415,round,87.0,72.0,,23.0,50.0,7,2.5
Cyl-round-13-415-53x17,Cyl,GBCyl5RollBlkSh,GBCyl5RollBlkSh,13-415,round,53.0,17.0,,,5.0,11,2.4
Cyl-round-17-415-70x20,Cyl,LBCylAmb9LtnBlk,LBCylAmb9LtnBlk,17-415,round,70.0,20.0,,,9.0,87,11.2
Cyl-round-17-415-74x20,Cyl,LBCylFrst9LtnBlk,LBCylFrst9LtnBlk,17-415,round,74.0,20.0,,,9.0,9,0.6
Cyl-round-18-415-117x32,Cyl,GBCyl50AnSpBlk,GBCyl50AnSpBlk,18-415,round,117.0,32.0,,,50.0,43,1.9
Cyl-round-18-415-154x35,Cyl,GBCyl100RdcrBlkLthr,GBCyl100RdcrBlkLthr,18-415,round,154.0,35.0,,,100.0,43,4.1
Cyl-round-na-81x31,Cyl,GBCyl28MtlRollBlk,GBCyl28MtlRollBlk,,round,81.0,31.0,,,28.0,4,1.1
Cyl-round-na-98x37,Cyl,GBCyl50MtlRollBlk,GBCyl50MtlRollBlk,,round,98.0,37.0,,,50.0,4,0.4
CylSwrl-round-17-415-74x21,CylSwrl,LBCylSwrl9LtnBlk,LBCylSwrl9LtnBlk,17-415,round,74.0,21.0,,,9.0,49,6.1
Diva-round-18-415-113x64,Diva,GBDiva100SpryShnSl,GBDiva100SpryShnSl,18-415,sculpted,113.0,64.0,,,100.0,14,1.5
Diva-round-18-415-81x43,Diva,GBDiva30AnSpBlk,GBDiva30AnSpBlk,18-415,sculpted,81.0,43.0,,,30.0,34,5.4
Diva-round-18-415-89x49,Diva,GBDiva46AnSpBlk,GBDiva46AnSpBlk,18-415,sculpted,89.0,49.0,,,46.0,82,6.6
Dmnd-unknown-18-415-88x41,Dmnd,GBDmnd2ozAnSpBlk,GBDmnd2ozAnSpBlk,18-415,sculpted,88.0,,41.0,,60.0,36,2.5
Elg-boxy-13-415-61x36x18,Elg,GBElg15RollBlkSh,GBElg15RollBlkSh,13-415,boxy,61.0,,36.0,18.0,15.0,10,0.8
Elg-boxy-15-415-75x44x22,Elg,GBElgFrst30GlCap,GBElgFrst30GlCap,15-415,boxy,75.0,,44.0,22.0,30.0,4,0.7
Elg-boxy-18-415-109x61x30,Elg,GBElg100AnSpBlk,GBElg100AnSpBlk,18-415,boxy,109.0,,61.0,30.0,100.0,85,2.1
Elg-boxy-18-415-86x54x27,Elg,LBElg60LtnClrOvrCap,LBElg60LtnClrOvrCap,18-415,boxy,86.0,,54.0,27.0,60.0,90,4.4
Elg-unknown-18-415-109x61,Elg,LBElgFrst100WhtClOvrCp,LBElgFrst100WhtClOvrCp,18-415,unknown,109.0,,61.0,,100.0,1,0.3
Elg-unknown-18-415-86x54,Elg,LBElg60WhtClOvrCp,LBElg60WhtClOvrCp,18-415,unknown,86.0,,54.0,,60.0,1,4.4
Emp-unknown-18-415-107x46,Emp,GBEmp100AnSpBlk,GBEmp100AnSpBlk,18-415,unknown,107.0,,46.0,,100.0,44,6.5
Emp-unknown-18-415-88x37,Emp,LBEmp50LtnShnGl,LBEmp50LtnShnGl,18-415,unknown,88.0,,37.0,,50.0,47,9.6
EternalFlame-unknown-na-44x63,EternalFlame,GBEternalFlameClear,GBEternalFlameClear,,unknown,44.0,,63.0,,35.0,1,7.7
Flair-boxy-13-415-56x41x20,Flair,GBFlair15RollBlkSh,GBFlair15RollBlkSh,13-415,boxy,56.0,,41.0,20.0,15.0,10,11.1
GenieBl-round-na-77x42,GenieBl,GB1ozGenieCl,GB1ozGenieCl,,round,77.0,42.0,,,32.0,2,2.6
Grce-boxy-18-415-113x52x30,Grce,GBGrce55AnSpBlk,GBGrce55AnSpBlk,18-415,boxy,113.0,,52.0,30.0,55.0,43,5.2
Heart-boxy-na-46x32x12,Heart,GBHeartFrst4KeyGld,GBHeartFrst4KeyGld,,boxy,46.0,,32.0,12.0,4.0,2,2.7
LotionPumpBl-round-20-410-94x36,LotionPumpBl,Alu65mlLotionPumpBlack,Alu65mlLotionPumpBlack,20-410,round,94.0,36.0,,,65.0,2,0.9
Rect-boxy-13-415-50x29x19,Rect,GBRect10RollBlkSh,GBRect10RollBlkSh,13-415,boxy,50.0,,29.0,19.0,10.0,11,6.4
Rnd-round-18-415-73x59,Rnd,GBRndFrst78AnSpBlk,GBRndFrst78AnSpBlk,18-415,round,73.0,59.0,,,78.0,56,0.9
Rnd-round-18-415-83x69,Rnd,GBRndFrst128AnSpBlk,GBRndFrst128AnSpBlk,18-415,round,83.0,69.0,,,128.0,89,2.8
Royal-boxy-13-415-56x40x21,Royal,GBRoyal13RollBlkSh,GBRoyal13RollBlkSh,13-415,boxy,56.0,,40.0,21.0,13.0,10,0.0
SQSTe-unknown-na-47x24,SQSTe,GBSQSTGREEN,GBSQSTGREEN,,unknown,47.0,,24.0,,9.0,2,10.2
Sleek-boxy-13-415-66x17x17,Sleek,GBSleek8RollBlkSh,GBSleek8RollBlkSh,13-415,boxy,66.0,,17.0,17.0,8.0,8,4.1
Slk-unknown-18-415-149x36,Slk,LBSlk100LtnClOvrCap,LBSlk100LtnClOvrCap,18-415,unknown,149.0,,36.0,,100.0,44,1.8
Slk-unknown-18-415-98x28,Slk,GBSlk30AnSpBlk,GBSlk30AnSpBlk,18-415,unknown,98.0,,28.0,,30.0,24,7.2
Slm-boxy-18-415-121x31x31,Slm,LBSlm50LtnClOvrCap,LBSlm50LtnClOvrCap,18-415,boxy,121.0,,31.0,31.0,50.0,43,10.7
Slm-boxy-18-415-87x30x30,Slm,LBSlm30LtnClOvrCap,LBSlm30LtnClOvrCap,18-415,boxy,87.0,,30.0,30.0,30.0,37,4.0
Sqr-boxy-13-415-52x26x26,Sqr,GBSqr15RollBlkSh,GBSqr15RollBlkSh,13-415,boxy,52.0,,26.0,26.0,15.0,11,3.1
TRDP-unknown-na-43x31,TRDP,GBTRDPClear,GBTRDPClear,,unknown,43.0,,31.0,,9.0,1,1.9
TallCyl-round-13-415-106x18,TallCyl,GBTallCyl9RollBlkSh,GBTallCyl9RollBlkSh,13-415,round,106.0,18.0,,,9.0,11,9.1
TallRect-boxy-13-415-101x17x17,TallRect,GBTallRect10RollBlkSh,GBTallRect10RollBlkSh,13-415,boxy,101.0,,17.0,17.0,10.0,8,3.0
Tulip-round-13-415-45x23,Tulip,GBTulipAmb5RollBlkSh,GBTulipAmb5RollBlkSh,13-415,round,45.0,23.0,,,5.0,10,2.5
V-round-13-425-22x16,V,GBVAmb1o5WhtCapSht,GBVAmb1o5WhtCapSht,13-425,round,22.0,16.0,,,2.0,1,5.4
V-round-13-425-45x15,V,GBVBlu1DrmBlackCapSht,GBVBlu1DrmBlackCapSht,13-425,round,45.0,15.0,,,4.0,12,1.3
V-round-8-425-35x12,V,GBVClr2mlBlackCap,GBVClr2mlBlackCap,8-425,round,35.0,12.0,,,2.0,4,4.1
cap-unknown-13-415-68x28,cap,PB1ozClearcap,PB1ozClearcap,13-415,unknown,68.0,,28.0,,30.0,1,2.0
dPlsBlkPls-round-na-51x59,dPlsBlkPls,CJFrstdPlsBlkPls2oz,CJFrstdPlsBlkPls2oz,,round,51.0,59.0,,,60.0,1,11.7
