grace_sku,status,traced_aspect,expected_aspect,dev_pct,height_mm,across_mm
GB15ApthBlue,CAPPED?,2.714,1.933,40.4,58.0,30.0
GBEternalFlameClear,OK,0.752,0.698,7.7,44.0,63.0
CJFrstdPlsBlkPls2oz,OK,0.965,0.864,11.7,51.0,59.0
Alu120mlLotionPumpBlack,ASPECT,1.854,2.533,-26.8,114.0,45.0
Alu120mlLotionPumpWhite,ASPECT,1.854,2.533,-26.8,114.0,45.0
Alu65mlLotionPumpBlack,OK,2.635,2.611,0.9,94.0,36.0
Alu65mlLotionPumpWhite,OK,2.446,2.611,-6.3,94.0,36.0
Alu250mlSprayblack,ASPECT,1.371,3.1,-55.8,155.0,50.0
GBHeartFrst4KeyGld,OK,1.399,1.438,-2.7,46.0,32.0
GBHeartFrst4TslRed,OK,1.399,1.438,-2.7,46.0,32.0
GB1ozGenieBl,OK,1.885,1.833,2.8,77.0,42.0
GB1ozGenieCl,OK,1.881,1.833,2.6,77.0,42.0
GBSpry4mlClWh,CAPPED?,4.444,3.5,27.0,49.0,14.0
GB3TPlGl,CAPPED?,2.755,2.333,18.1,42.0,18.0
GB6TPlGl,CAPPED?,2.636,2.182,20.8,48.0,22.0
GBSQSTBlue,OK,2.179,1.958,11.3,47.0,24.0
GBSQSTClear,ASPECT,2.228,1.958,13.8,47.0,24.0
GBSQSTGREEN,OK,2.157,1.958,10.2,47.0,24.0
GBTrdpBlue,CAPPED?,2.163,1.387,55.9,43.0,31.0
GBTRDPClear,OK,1.413,1.387,1.9,43.0,31.0
GBTRDPGreen,ASPECT,0.793,1.387,-42.9,43.0,31.0
PB1ozClearcap,OK,2.478,2.429,2.0,68.0,28.0
GBMtlCylGl,CAPPED?,2.883,2.0,44.1,64.0,32.0
GBSpry3mlClBlk,CAPPED?,3.48,2.643,31.7,37.0,14.0
GBSpry4mlClBlk,CAPPED?,4.444,3.5,27.0,49.0,14.0
GBSpry3mlClWht,CAPPED?,3.426,2.643,29.6,37.0,14.0
GBMtlMrblSmall,ASPECT,1.71,2.538,-32.7,66.0,26.0
GBMtlMrblLarge,CAPPED?,3.971,2.857,39.0,80.0,28.0
GBVAmb1DrmBlkDropper,OK,2.915,3.0,-2.8,45.0,15.0
GBVAmb1DrmBlackCapSht,OK,3.022,3.0,0.7,45.0,15.0
GBVAmb1DrmWhtCapSht,OK,3.022,3.0,0.7,45.0,15.0
GBVBlu1DrmBlkDropper,OK,2.915,3.0,-2.8,45.0,15.0
GBVBlu1DrmBlackCapSht,OK,3.039,3.0,1.3,45.0,15.0
GBVBlu1DrmWhtCapSht,OK,3.039,3.0,1.3,45.0,15.0
GBV1DrmBlkDropper,OK,3.0,3.0,0.0,45.0,15.0
GBVial1DrmBlackCapSht,OK,3.016,3.0,0.5,45.0,15.0
GBVial1DrmWhtCapSht,OK,3.016,3.0,0.5,45.0,15.0
GBVGr1DrmBlkDropper,OK,2.971,3.0,-1.0,45.0,15.0
GBVGr1DrmBlackCapSht,OK,2.956,3.0,-1.5,45.0,15.0
GBVGr1DrmWhtCapSht,OK,2.956,3.0,-1.5,45.0,15.0
GBVAmb1o5WhtCapSht,OK,1.449,1.375,5.4,22.0,16.0
GBVAmb2BlackCap,OK,2.927,2.917,0.4,35.0,12.0
GBVAmb2WhtCap,OK,2.927,2.917,0.4,35.0,12.0
GBVClr2mlBlackCap,OK,3.036,2.917,4.1,35.0,12.0
GBVClr2mlWhtCap,OK,3.036,2.917,4.1,35.0,12.0
GB1mlAmbVBlk,ASPECT,1.513,4.375,-65.4,35.0,8.0
GB1mlAmbVialWht,ASPECT,1.527,4.375,-65.1,35.0,8.0
GB1mlVBlk,ASPECT,3.71,4.375,-15.2,35.0,8.0
GBAtom10Blk,OK,3.572,3.565,0.2,82.0,23.0
GBAtom10BlkDot,OK,3.613,3.565,1.3,82.0,23.0
GBAtom5Blk,ASPECT,3.548,4.222,-16.0,76.0,18.0
GBAtom5SlimBlk,OK,6.622,6.133,8.0,92.0,15.0
GBAtom10Blu,OK,3.674,3.565,3.0,82.0,23.0
GBAtom5Blu,OK,4.057,4.222,-3.9,76.0,18.0
GBCrclFrst100AnSpBlk,OK,1.22,1.18,3.4,105.0,89.0
GBCrclFrst100AnSpTslBlk,ASPECT,1.012,1.18,-14.2,105.0,89.0
LBCrclFrst100LtnClOvrCap,OK,1.203,1.18,2.0,105.0,89.0
GBCrclFrst100AnSpGl,OK,1.22,1.18,3.4,105.0,89.0
GBCrclFrst100AnSpTslGl,OK,1.063,1.18,-9.9,105.0,89.0
GBCrclFrst100AnSpIvyGl,OK,1.22,1.18,3.4,105.0,89.0
GBCrclFrst100AnSpIvySl,OK,1.22,1.18,3.4,105.0,89.0
GBCrclFrst100AnSpTslIvyGl,OK,1.051,1.18,-10.9,105.0,89.0
GBCrclFrst100AnSpTslIvySl,OK,1.049,1.18,-11.1,105.0,89.0
GBCrclFrst100AnSpLvn,OK,1.22,1.18,3.4,105.0,89.0
GBCrclFrst100AnSpTslLvn,OK,1.05,1.18,-11.0,105.0,89.0
LBCrclFrst100LtnCu,OK,1.222,1.18,3.6,105.0,89.0
GBCrclFrst100SpryCu,OK,1.222,1.18,3.6,105.0,89.0
LBCrclFrst100LtnMtGl,OK,1.203,1.18,2.0,105.0,89.0
GBCrclFrst100SpryMtGl,OK,1.203,1.18,2.0,105.0,89.0
LBCrclFrst100LtnMtSl,OK,1.203,1.18,2.0,105.0,89.0
GBCrclFrst100SpryMtSl,OK,1.203,1.18,2.0,105.0,89.0
GBCrclFrst100AnSpMtSl,OK,1.22,1.18,3.4,105.0,89.0
GBCrclFrst100AnSpTslMtSl,OK,1.063,1.18,-9.9,105.0,89.0
GBCrclFrst100AnSpPnk,OK,1.22,1.18,3.4,105.0,89.0
GBCrclFrst100AnSpTslPnk,OK,1.053,1.18,-10.8,105.0,89.0
GBCrclFrst100AnSpRed,OK,1.22,1.18,3.4,105.0,89.0
GBCrclFrst100AnSpTslRed,ASPECT,1.017,1.18,-13.8,105.0,89.0
GBCrclFrst100RdcrBlkLthr,OK,1.203,1.18,2.0,105.0,89.0
GBCrclFrst100RdcrShnBlk,OK,1.203,1.18,2.0,105.0,89.0
GBCrclFrst100RdcrBrwnLthr,OK,1.203,1.18,2.0,105.0,89.0
GBCrclFrst100RdcrIvyLthr,OK,1.203,1.18,2.0,105.0,89.0
GBCrclFrst100RdcrLBrwnLthr,OK,1.203,1.18,2.0,105.0,89.0
GBCrclFrst100RdcrPnkLthr,OK,1.203,1.18,2.0,105.0,89.0
GBCrclFrst100RdcrShnGl,OK,1.203,1.18,2.0,105.0,89.0
GBCrclFrst100RdcrShnSl,OK,1.203,1.18,2.0,105.0,89.0
GBCrclFrst100RdcrMtSl,OK,1.203,1.18,2.0,105.0,89.0
GBCrclFrst100RdcrShnBlkTall,OK,1.203,1.18,2.0,105.0,89.0
GBCrclFrst100RdcrMtSlTall,OK,1.203,1.18,2.0,105.0,89.0
GBCrclFrst100RdcrWht,OK,1.203,1.18,2.0,105.0,89.0
LBCrclFrst100LtnShnBlk,OK,1.203,1.18,2.0,105.0,89.0
GBCrclFrst100SpryShnBlk,OK,1.203,1.18,2.0,105.0,89.0
LBCrclFrst100LtnShnGl,OK,1.203,1.18,2.0,105.0,89.0
GBCrclFrst100SpryShnGl,OK,1.203,1.18,2.0,105.0,89.0
LBCrclFrst100LtnShnSl,OK,1.22,1.18,3.4,105.0,89.0
GBCrclFrst100SpryShnSl,OK,1.22,1.18,3.4,105.0,89.0
GBCrclFrst100AnSpWht,OK,1.22,1.18,3.4,105.0,89.0
GBCrclFrst100AnSpTslWht,OK,1.051,1.18,-10.9,105.0,89.0
GBCrcl100AnSpBlk,OK,1.174,1.18,-0.5,105.0,89.0
GBCrcl100AnSpTslBlk,OK,1.171,1.18,-0.8,105.0,89.0
LBCrcl100LtnClOvrCap,OK,1.174,1.18,-0.5,105.0,89.0
GBCrcl100AnSpGl,OK,1.174,1.18,-0.5,105.0,89.0
GBCrcl100AnSpTslGl,OK,1.252,1.18,6.1,105.0,89.0
GBCrcl100AnSpIvyGl,OK,1.174,1.18,-0.5,105.0,89.0
GBCrcl100AnSpIvySl,OK,1.174,1.18,-0.5,105.0,89.0
GBCrcl100AnSpTslIvyGl,OK,1.199,1.18,1.7,105.0,89.0
GBCrcl100AnSpTslIvySl,OK,1.199,1.18,1.7,105.0,89.0
GBCrcl100AnSpLvn,OK,1.174,1.18,-0.5,105.0,89.0
GBCrcl100AnSpTslLvn,OK,1.27,1.18,7.6,105.0,89.0
LBCrcl100LtnCu,OK,1.175,1.18,-0.4,105.0,89.0
GBCrcl100SpryCu,OK,1.174,1.18,-0.5,105.0,89.0
LBCrcl100LtnMtGl,OK,1.174,1.18,-0.5,105.0,89.0
GBCrcl100SpryMtGl,OK,1.174,1.18,-0.5,105.0,89.0
LBCrcl100LtnMtSl,OK,1.174,1.18,-0.5,105.0,89.0
GBCrcl100SpryMtSl,OK,1.174,1.18,-0.5,105.0,89.0
GBCrcl100AnSpMtSl,OK,1.174,1.18,-0.5,105.0,89.0
GBCrcl100AnSpTslMtSl,OK,1.225,1.18,3.8,105.0,89.0
GBCrcl100AnSpPnk,OK,1.174,1.18,-0.5,105.0,89.0
GBCrcl100AnSpTslPnk,OK,1.249,1.18,5.9,105.0,89.0
GBCrcl100AnSpRed,OK,1.174,1.18,-0.5,105.0,89.0
GBCrcl100AnSpTslRed,OK,1.199,1.18,1.6,105.0,89.0
GBCrcl100RdcrBlkLthr,OK,1.174,1.18,-0.5,105.0,89.0
GBCrcl100RdcrShnBlk,OK,1.174,1.18,-0.5,105.0,89.0
GBCrcl100RdcrBrwnLthr,OK,1.174,1.18,-0.5,105.0,89.0
GBCrcl100RdcrIvyLthr,OK,1.174,1.18,-0.5,105.0,89.0
GBCrcl100RdcrLBrwnLthr,OK,1.174,1.18,-0.5,105.0,89.0
GBCrcl100RdcrPnkLthr,OK,1.174,1.18,-0.5,105.0,89.0
GBCrcl100RdcrShnGl,OK,1.174,1.18,-0.5,105.0,89.0
GBCrcl100RdcrShnSl,OK,1.174,1.18,-0.5,105.0,89.0
GBCrcl100RdcrMtSl,OK,1.174,1.18,-0.5,105.0,89.0
GBCrcl100RdcrShnBlkTall,OK,1.174,1.18,-0.5,105.0,89.0
GBCrcl100RdcrMtSlTall,OK,1.174,1.18,-0.5,105.0,89.0
GBCrcl100RdcrWht,OK,1.174,1.18,-0.5,105.0,89.0
LBCrcl100LtnShnBlk,OK,1.174,1.18,-0.5,105.0,89.0
GBCrcl100SpryShnBlk,OK,1.174,1.18,-0.5,105.0,89.0
LBCrcl100LtnShnGl,OK,1.174,1.18,-0.5,105.0,89.0
GBCrcl100SpryShnGl,OK,1.174,1.18,-0.5,105.0,89.0
LBCrcl100LtnShnSl,OK,1.174,1.18,-0.5,105.0,89.0
GBCrcl100SpryShnSl,OK,1.174,1.18,-0.5,105.0,89.0
GBCrcl100AnSpWht,OK,1.174,1.18,-0.5,105.0,89.0
GBCrcl100AnSpTslWht,OK,1.094,1.18,-7.3,105.0,89.0
GBCrcl15RollBlkSh,OK,1.246,1.2,3.8,60.0,50.0
GBCrcl15RollBlkDot,OK,1.246,1.2,3.8,60.0,50.0
GBCrcl15RollPinkDot,OK,1.246,1.2,3.8,60.0,50.0
GBCrcl15RollGlSh,OK,1.246,1.2,3.8,60.0,50.0
GBCrcl15RollSlSh,OK,1.246,1.2,3.8,60.0,50.0
GBCrcl15RollSlDot,OK,1.215,1.2,1.3,60.0,50.0
GBCrcl15SpryBlkSh,OK,1.246,1.2,3.8,60.0,50.0
GBCrcl15SpryGlSh,OK,1.215,1.2,1.3,60.0,50.0
GBCrcl15SprySlSh,OK,1.246,1.2,3.8,60.0,50.0
GBCrcl15BlkSht,OK,1.246,1.2,3.8,60.0,50.0
GBCrcl15WhtSht,OK,1.246,1.2,3.8,60.0,50.0
GBCrcl30GlCap,OK,1.306,1.233,5.9,74.0,60.0
GBCrcl30SlCap,OK,1.306,1.233,5.9,74.0,60.0
GBCrcl30SpryBlk,OK,1.323,1.233,7.3,74.0,60.0
GBCrcl30SpryMattGl,OK,1.323,1.233,7.3,74.0,60.0
GBCrcl30SpryMattSl,OK,1.323,1.233,7.3,74.0,60.0
GBCrcl30SpryShnGl,OK,1.323,1.233,7.3,74.0,60.0
GBCrcl30SpryShSl,OK,1.323,1.233,7.3,74.0,60.0
GBCrclFrst50AnSpBlk,OK,1.176,1.208,-2.7,87.0,72.0
LBCrclFrst50LtnClOvrCap,OK,1.178,1.208,-2.5,87.0,72.0
GBCrclFrst50AnSpGl,OK,1.176,1.208,-2.7,87.0,72.0
GBCrclFrst50AnSpIvyGl,OK,1.176,1.208,-2.7,87.0,72.0
GBCrclFrst50AnSpIvySl,OK,1.176,1.208,-2.7,87.0,72.0
GBCrclFrst50AnSpLvn,OK,1.176,1.208,-2.6,87.0,72.0
LBCrclFrst50LtnCu,OK,1.177,1.208,-2.6,87.0,72.0
GBCrclFrst50SpryCu,OK,1.177,1.208,-2.6,87.0,72.0
LBCrclFrst50LtnMtGl,OK,1.178,1.208,-2.5,87.0,72.0
GBCrclFrst50SpryMtGl,OK,1.179,1.208,-2.4,87.0,72.0
LBCrclFrst50LtnMtSl,OK,1.178,1.208,-2.5,87.0,72.0
GBCrclFrst50SpryMtSl,OK,1.177,1.208,-2.6,87.0,72.0
GBCrclFrst50AnSpMtSl,OK,1.176,1.208,-2.7,87.0,72.0
GBCrclFrst50AnSpPnk,OK,1.176,1.208,-2.6,87.0,72.0
GBCrclFrst50AnSpRed,OK,1.176,1.208,-2.7,87.0,72.0
GBCrclFrst50RdcrBlkLthr,OK,1.179,1.208,-2.4,87.0,72.0
GBCrclFrst50RdcrShnBlk,OK,1.18,1.208,-2.3,87.0,72.0
GBCrclFrst50RdcrBrwnLthr,OK,1.18,1.208,-2.3,87.0,72.0
GBCrclFrst50RdcrIvyLthr,OK,1.177,1.208,-2.6,87.0,72.0
GBCrclFrst50RdcrLBrwnLthr,OK,1.179,1.208,-2.4,87.0,72.0
GBCrclFrst50RdcrPnkLthr,OK,1.177,1.208,-2.6,87.0,72.0
GBCrclFrst50RdcrShnGl,OK,1.179,1.208,-2.4,87.0,72.0
GBCrclFrst50RdcrShnSl,OK,1.179,1.208,-2.4,87.0,72.0
GBCrclFrst50RdcrShnBlkTall,OK,1.179,1.208,-2.4,87.0,72.0
GBCrclFrst50RdcrMtSl,OK,1.179,1.208,-2.4,87.0,72.0
GBCrclFrst50RdcrWht,OK,1.179,1.208,-2.4,87.0,72.0
LBCrclFrst50LtnShnBlk,OK,1.177,1.208,-2.6,87.0,72.0
GBCrclFrst50SpryShnBlk,OK,1.178,1.208,-2.5,87.0,72.0
LBCrclFrst50LtnShnGl,OK,1.178,1.208,-2.5,87.0,72.0
GBCrclFrst50SpryShnGl,OK,1.178,1.208,-2.5,87.0,72.0
LBCrclFrst50LtnShnSl,OK,1.176,1.208,-2.7,87.0,72.0
GBCrclFrst50SpryShnSl,OK,1.177,1.208,-2.6,87.0,72.0
GBCrclFrst50DrpCu,OK,1.176,1.208,-2.6,87.0,72.0
GBCrclFrst50DrpGl,OK,1.176,1.208,-2.6,87.0,72.0
GBCrclFrst50DrpSl,OK,1.176,1.208,-2.6,87.0,72.0
GBCrclFrst50AnSpWht,OK,1.176,1.208,-2.7,87.0,72.0
GBCrcl50AnSpBlk,OK,1.224,1.208,1.3,87.0,72.0
GBCrcl50AnSpTslBlk,OK,1.224,1.208,1.3,87.0,72.0
LBCrcl50LtnClOvrCap,OK,1.224,1.208,1.3,87.0,72.0
GBCrcl50AnSpGl,OK,1.224,1.208,1.3,87.0,72.0
GBCrcl50AnSpTslGl,OK,1.08,1.208,-10.6,87.0,72.0
GBCrcl50AnSpIvyGl,OK,1.224,1.208,1.3,87.0,72.0
GBCrcl50AnSpIvySl,OK,1.224,1.208,1.3,87.0,72.0
GBCrcl50AnSpTslIvyGl,OK,1.224,1.208,1.3,87.0,72.0
GBCrcl50AnSpTslIvySl,OK,1.224,1.208,1.3,87.0,72.0
GBCrcl50AnSpLvn,OK,1.224,1.208,1.3,87.0,72.0
GBCrcl50AnSpTslLvn,OK,1.224,1.208,1.3,87.0,72.0
LBCrcl50LtnCu,OK,1.224,1.208,1.3,87.0,72.0
GBCrcl50SpryCu,OK,1.224,1.208,1.3,87.0,72.0
LBCrcl50LtnMtGl,OK,1.224,1.208,1.3,87.0,72.0
GBCrcl50SpryMtGl,OK,1.224,1.208,1.3,87.0,72.0
LBCrcl50LtnMtSl,OK,1.224,1.208,1.3,87.0,72.0
GBCrcl50SpryMtSl,OK,1.224,1.208,1.3,87.0,72.0
GBCrcl50AnSpMtSl,OK,1.224,1.208,1.3,87.0,72.0
GBCrcl50AnSpTslMtSl,OK,1.254,1.208,3.8,87.0,72.0
GBCrcl50AnSpPnk,OK,1.224,1.208,1.3,87.0,72.0
GBCrcl50AnSpTslPnk,OK,1.063,1.208,-12.0,87.0,72.0
GBCrcl50AnSpRed,OK,1.224,1.208,1.3,87.0,72.0
GBCrcl50AnSpTslRed,OK,1.224,1.208,1.3,87.0,72.0
GBCrcl50RdcrBlkLthr,OK,1.232,1.208,2.0,87.0,72.0
GBCrcl50RdcrShnBlk,OK,1.232,1.208,2.0,87.0,72.0
GBCrcl50RdcrBrwnLthr,OK,1.224,1.208,1.3,87.0,72.0
GBCrcl50RdcrIvyLthr,OK,1.232,1.208,2.0,87.0,72.0
GBCrcl50RdcrLBrwnLthr,OK,1.224,1.208,1.3,87.0,72.0
GBCrcl50RdcrPnkLthr,OK,1.232,1.208,2.0,87.0,72.0
GBCrcl50RdcrShnGl,OK,1.232,1.208,2.0,87.0,72.0
GBCrcl50RdcrShnSl,OK,1.232,1.208,2.0,87.0,72.0
GBCrcl50RdcrMtSl,OK,1.224,1.208,1.3,87.0,72.0
GBCrcl50RdcrShnBlkTall,OK,1.232,1.208,2.0,87.0,72.0
GBCrcl50RdcrMtSlTall,OK,1.224,1.208,1.3,87.0,72.0
GBCrcl50RdcrWht,OK,1.224,1.208,1.3,87.0,72.0
LBCrcl50LtnShnBlk,OK,1.224,1.208,1.3,87.0,72.0
GBCrcl50SpryShnBlk,OK,1.224,1.208,1.3,87.0,72.0
LBCrcl50LtnShnGl,OK,1.224,1.208,1.3,87.0,72.0
GBCrcl50SpryShnGl,OK,1.224,1.208,1.3,87.0,72.0
LBCrcl50LtnShnSl,OK,1.224,1.208,1.3,87.0,72.0
GBCrcl50SpryShnSl,OK,1.224,1.208,1.3,87.0,72.0
GBCrcl50DrpCu,OK,1.224,1.208,1.3,87.0,72.0
GBCrcl50DrpGl,OK,1.224,1.208,1.3,87.0,72.0
GBCrcl50DrpSl,OK,1.224,1.208,1.3,87.0,72.0
GBCrcl50AnSpWht,OK,1.224,1.208,1.3,87.0,72.0
GBCrcl50AnSpTslWht,OK,1.224,1.208,1.3,87.0,72.0
CJAmb30SlCap,ASPECT,0.407,0.673,-39.5,35.0,52.0
CJFrst30BlkCap,ASPECT,0.491,0.673,-27.1,35.0,52.0
CJFrst30SlCap,CAPPED?,0.926,0.673,37.5,35.0,52.0
CJClr3,OK,0.635,0.667,-4.7,22.0,33.0
CJAmb40BlkCap,CAPPED?,0.971,0.75,29.5,42.0,56.0
CJAmb40SlCap,CAPPED?,0.908,0.75,21.0,42.0,56.0
CJFrst40BlkCap,CAPPED?,0.929,0.75,23.9,42.0,56.0
CJFrst40SlCap,CAPPED?,0.922,0.75,23.0,42.0,56.0
CJAmb5mlBlkCap,CAPPED?,0.92,0.774,18.9,24.0,31.0
CJAmb5mlSlCap,CAPPED?,0.92,0.774,18.9,24.0,31.0
CJClr5mlClrCap,ASPECT,0.358,0.516,-30.6,16.0,31.0
GBCyl100AnSpBlk,OK,4.726,4.4,7.4,154.0,35.0
GBCyl100AnSpTslBlk,OK,4.726,4.4,7.4,154.0,35.0
LBCyl100LtnClOvrCap,OK,4.803,4.4,9.2,154.0,35.0
GBCyl100AnSpGl,OK,4.726,4.4,7.4,154.0,35.0
GBCyl100AnSpTslGl,OK,4.726,4.4,7.4,154.0,35.0
GBCyl100AnSpIvyGl,OK,4.726,4.4,7.4,154.0,35.0
GBCyl100AnSpIvySl,OK,4.726,4.4,7.4,154.0,35.0
GBCyl100AnSpTslIvyGl,OK,4.726,4.4,7.4,154.0,35.0
GBCyl100AnSpTslIvySl,OK,4.726,4.4,7.4,154.0,35.0
GBCyl100AnSpLvn,OK,4.726,4.4,7.4,154.0,35.0
GBCyl100AnSpTslLvn,OK,4.726,4.4,7.4,154.0,35.0
LBCyl100LtnCu,OK,4.803,4.4,9.2,154.0,35.0
GBCyl100SpryCu,OK,4.803,4.4,9.2,154.0,35.0
LBCyl100LtnMtGl,OK,4.803,4.4,9.2,154.0,35.0
GBCyl100SpryMtGl,OK,4.62,4.4,5.0,154.0,35.0
LBCyl100LtnMtSl,OK,4.803,4.4,9.2,154.0,35.0
GBCyl100SpryMtSl,OK,4.803,4.4,9.2,154.0,35.0
GBCyl100AnSpMtSl,OK,4.726,4.4,7.4,154.0,35.0
GBCyl100AnSpTslMtSl,OK,4.726,4.4,7.4,154.0,35.0
GBCyl100AnSpPnk,OK,4.726,4.4,7.4,154.0,35.0
GBCyl100AnSpTslPnk,OK,4.726,4.4,7.4,154.0,35.0
GBCyl100AnSpRed,OK,4.726,4.4,7.4,154.0,35.0
GBCyl100AnSpTslRed,OK,4.726,4.4,7.4,154.0,35.0
GBCyl100RdcrBlkLthr,OK,4.578,4.4,4.1,154.0,35.0
GBCyl100RdcrShnBlk,OK,4.578,4.4,4.1,154.0,35.0
GBCyl100RdcrBrwnLthr,OK,4.578,4.4,4.1,154.0,35.0
GBCyl100RdcrIvyLthr,OK,4.578,4.4,4.1,154.0,35.0
GBCyl100RdcrLBrwnLthr,OK,4.578,4.4,4.1,154.0,35.0
GBCyl100RdcrPnkLthr,OK,4.578,4.4,4.1,154.0,35.0
GBCyl100RdcrShnGl,OK,4.578,4.4,4.1,154.0,35.0
GBCyl100RdcrShnSl,OK,4.578,4.4,4.1,154.0,35.0
GBCyl100RdcrMtSl,OK,4.578,4.4,4.1,154.0,35.0
GBCyl100RdcrShnBlkTall,OK,4.578,4.4,4.1,154.0,35.0
GBCyl100RdcrMtSlTall,OK,4.578,4.4,4.1,154.0,35.0
GBCyl100RdcrWht,OK,4.578,4.4,4.1,154.0,35.0
LBCyl100LtnShnBlk,OK,4.803,4.4,9.2,154.0,35.0
GBCyl100SpryShnBlk,OK,4.803,4.4,9.2,154.0,35.0
LBCyl100LtnShnGl,OK,4.803,4.4,9.2,154.0,35.0
GBCyl100SpryShnGl,OK,4.803,4.4,9.2,154.0,35.0
LBCyl100LtnShnSl,OK,4.803,4.4,9.2,154.0,35.0
GBCyl100SpryShnSl,OK,4.803,4.4,9.2,154.0,35.0
GBCyl100AnSpWht,OK,4.726,4.4,7.4,154.0,35.0
GBCyl100AnSpTslWht,OK,4.726,4.4,7.4,154.0,35.0
GBCyl50AnSpBlk,OK,3.586,3.656,-1.9,117.0,32.0
GBCyl50AnSpTslBlk,OK,3.586,3.656,-1.9,117.0,32.0
LBCyl50LtnClOvrCap,OK,3.586,3.656,-1.9,117.0,32.0
GBCyl50AnSpGl,OK,3.586,3.656,-1.9,117.0,32.0
GBCyl50AnSpTslGl,OK,3.586,3.656,-1.9,117.0,32.0
GBCyl50AnSpIvyGl,OK,3.586,3.656,-1.9,117.0,32.0
GBCyl50AnSpIvySl,OK,3.586,3.656,-1.9,117.0,32.0
GBCyl50AnSpTslIvyGl,OK,3.586,3.656,-1.9,117.0,32.0
GBCyl50AnSpTslIvySl,OK,3.586,3.656,-1.9,117.0,32.0
GBCyl50AnSpLvn,OK,3.586,3.656,-1.9,117.0,32.0
GBCyl50AnSpTslLvn,OK,3.586,3.656,-1.9,117.0,32.0
LBCyl50LtnCu,OK,3.586,3.656,-1.9,117.0,32.0
GBCyl50SpryCu,OK,3.586,3.656,-1.9,117.0,32.0
LBCyl50LtnMtGl,OK,3.586,3.656,-1.9,117.0,32.0
GBCyl50SpryMtGl,OK,3.586,3.656,-1.9,117.0,32.0
LBCyl50LtnMtSl,OK,3.586,3.656,-1.9,117.0,32.0
GBCyl50SpryMtSl,OK,3.586,3.656,-1.9,117.0,32.0
GBCyl50AnSpMtSl,OK,3.586,3.656,-1.9,117.0,32.0
GBCyl50AnSpTslMtSl,OK,3.586,3.656,-1.9,117.0,32.0
GBCyl50AnSpPnk,OK,3.586,3.656,-1.9,117.0,32.0
GBCyl50AnSpTslPnk,OK,3.586,3.656,-1.9,117.0,32.0
GBCyl50AnSpRed,OK,3.586,3.656,-1.9,117.0,32.0
GBCyl50AnSpTslRed,OK,3.586,3.656,-1.9,117.0,32.0
GBCyl50RdcrBlkLthr,OK,3.586,3.656,-1.9,117.0,32.0
GBCyl50RdcrShnBlk,OK,3.586,3.656,-1.9,117.0,32.0
GBCyl50RdcrBrwnLthr,OK,3.586,3.656,-1.9,117.0,32.0
GBCyl50RdcrIvyLthr,OK,3.586,3.656,-1.9,117.0,32.0
GBCyl50RdcrLBrwnLthr,OK,3.586,3.656,-1.9,117.0,32.0
GBCyl50RdcrPnkLthr,OK,3.586,3.656,-1.9,117.0,32.0
GBCyl50RdcrShnGl,OK,3.586,3.656,-1.9,117.0,32.0
GBCyl50RdcrShnSl,OK,3.586,3.656,-1.9,117.0,32.0
GBCyl50RdcrMtSl,OK,3.586,3.656,-1.9,117.0,32.0
GBCyl50RdcrShnBlkTall,OK,3.586,3.656,-1.9,117.0,32.0
GBCyl50RdcrMtSlTall,OK,3.586,3.656,-1.9,117.0,32.0
GBCyl50RdcrWht,OK,3.586,3.656,-1.9,117.0,32.0
LBCyl50LtnShnBlk,OK,3.586,3.656,-1.9,117.0,32.0
GBCyl50SpryShnBlk,OK,3.586,3.656,-1.9,117.0,32.0
LBCyl50LtnShnGl,OK,3.586,3.656,-1.9,117.0,32.0
GBCyl50SpryShnGl,OK,3.586,3.656,-1.9,117.0,32.0
LBCyl50LtnShnSl,OK,3.586,3.656,-1.9,117.0,32.0
GBCyl50SpryShnSl,OK,3.586,3.656,-1.9,117.0,32.0
GBCyl50AnSpWht,OK,3.586,3.656,-1.9,117.0,32.0
GBCyl50AnSpTslWht,OK,3.586,3.656,-1.9,117.0,32.0
GBCylBlu5RollBlkSh,CAPPED?,3.567,3.118,14.4,53.0,17.0
GBCylBlu5RollBlkDot,CAPPED?,3.567,3.118,14.4,53.0,17.0
GBCylBlu5RollPinkDot,CAPPED?,3.567,3.118,14.4,53.0,17.0
GBCylBlu5RollGlSh,CAPPED?,3.567,3.118,14.4,53.0,17.0
GBCylBlu5RollSlSh,CAPPED?,3.567,3.118,14.4,53.0,17.0
GBCylBlu5RollSlDot,CAPPED?,3.567,3.118,14.4,53.0,17.0
GBCylBlu5SpryBlkSh,OK,3.099,3.118,-0.6,53.0,17.0
GBCylBlu5SpryGlSh,OK,3.099,3.118,-0.6,53.0,17.0
GBCylBlu5SprySlSh,CAPPED?,3.995,3.118,28.1,53.0,17.0
GBCylBlu5BlkSht,OK,3.099,3.118,-0.6,53.0,17.0
GBCylBlu5WhtSht,OK,3.099,3.118,-0.6,53.0,17.0
GBCyl5RollBlkSh,OK,3.043,3.118,-2.4,53.0,17.0
GBCyl5RollBlkDot,CAPPED?,3.517,3.118,12.8,53.0,17.0
GBCyl5RollPinkDot,CAPPED?,3.517,3.118,12.8,53.0,17.0
GBCyl5RollGlSh,OK,3.043,3.118,-2.4,53.0,17.0
GBCyl5RollSlSh,OK,3.043,3.118,-2.4,53.0,17.0
GBCyl5RollSlDot,CAPPED?,3.517,3.118,12.8,53.0,17.0
GBCyl5SpryBlkSh,OK,3.043,3.118,-2.4,53.0,17.0
GBCyl5SpryGlSh,OK,3.043,3.118,-2.4,53.0,17.0
GBCyl5SprySlSh,CAPPED?,3.918,3.118,25.7,53.0,17.0
GBCyl5BlkSht,OK,3.043,3.118,-2.4,53.0,17.0
GBCyl5WhtSht,OK,3.043,3.118,-2.4,53.0,17.0
LBCylAmb9LtnBlk,OK,3.892,3.5,11.2,70.0,20.0
LBCylAmb9LtnGl,OK,3.892,3.5,11.2,70.0,20.0
LBCylAmb9LtnMtSl,OK,3.892,3.5,11.2,70.0,20.0
GBCylAmb9MtlRollBlkDot,OK,3.892,3.5,11.2,70.0,20.0
GBCylAmb9MtlRollMattCu,OK,3.892,3.5,11.2,70.0,20.0
GBCylAmb9MtlRollMattGl,OK,3.892,3.5,11.2,70.0,20.0
GBCylAmb9MtlRollMattSl,OK,3.892,3.5,11.2,70.0,20.0
GBCylAmb9MtlRollPnkDot,OK,3.892,3.5,11.2,70.0,20.0
GBCylAmb9MtlRollShBlk,OK,3.892,3.5,11.2,70.0,20.0
GBCylAmb9MtlRollShnGl,OK,3.892,3.5,11.2,70.0,20.0
GBCylAmb9MtlRollShnSl,OK,3.892,3.5,11.2,70.0,20.0
GBCylAmb9MtlRollSlDot,OK,3.892,3.5,11.2,70.0,20.0
GBCylAmb9MtlRollWht,OK,3.892,3.5,11.2,70.0,20.0
GBCylAmb9RollBlkDot,OK,3.892,3.5,11.2,70.0,20.0
GBCylAmb9RollMattCu,OK,3.892,3.5,11.2,70.0,20.0
GBCylAmb9RollMattGl,OK,3.892,3.5,11.2,70.0,20.0
GBCylAmb9RollMattSl,OK,3.892,3.5,11.2,70.0,20.0
GBCylAmb9RollPnkDot,OK,3.892,3.5,11.2,70.0,20.0
GBCylAmb9RollShBlk,OK,3.892,3.5,11.2,70.0,20.0
GBCylAmb9RollShnGl,OK,3.892,3.5,11.2,70.0,20.0
GBCylAmb9RollShnSl,OK,3.892,3.5,11.2,70.0,20.0
GBCylAmb9RollSlDot,OK,3.892,3.5,11.2,70.0,20.0
GBCylAmb9RollWht,OK,3.892,3.5,11.2,70.0,20.0
GBCylAmb9SpryBlk,OK,3.892,3.5,11.2,70.0,20.0
GBCylAmb9SpryGl,OK,3.892,3.5,11.2,70.0,20.0
GBCylAmb9SpryMattSl,OK,3.892,3.5,11.2,70.0,20.0
GBCylAmb9SpryRd,OK,3.892,3.5,11.2,70.0,20.0
GBCylAmb9SpryShSl,OK,3.892,3.5,11.2,70.0,20.0
GBCylAmb9SpryTur,OK,3.892,3.5,11.2,70.0,20.0
LBCyl9LtnBlk,OK,3.711,3.5,6.0,70.0,20.0
LBCyl9LtnGl,OK,3.711,3.5,6.0,70.0,20.0
LBCyl9LtnMtSl,OK,3.711,3.5,6.0,70.0,20.0
GBCyl9MtlRollBlkDot,OK,3.711,3.5,6.0,70.0,20.0
GBCyl9MtlRollMattCu,OK,3.711,3.5,6.0,70.0,20.0
GBCyl9MtlRollMattGl,OK,3.711,3.5,6.0,70.0,20.0
GBCyl9MtlRollMattSl,OK,3.711,3.5,6.0,70.0,20.0
GBCyl9MtlRollPnkDot,OK,3.711,3.5,6.0,70.0,20.0
GBCyl9MtlRollShBlk,OK,3.711,3.5,6.0,70.0,20.0
GBCyl9MtlRollShnGl,OK,3.711,3.5,6.0,70.0,20.0
GBCyl9MtlRollShnSl,OK,3.711,3.5,6.0,70.0,20.0
GBCyl9MtlRollSlDot,OK,3.711,3.5,6.0,70.0,20.0
GBCyl9MtlRollWht,OK,3.703,3.5,5.8,70.0,20.0
GBCyl9RollBlkDot,OK,3.711,3.5,6.0,70.0,20.0
GBCyl9RollMattCu,OK,3.711,3.5,6.0,70.0,20.0
GBCyl9RollMattGl,OK,3.711,3.5,6.0,70.0,20.0
GBCyl9RollMattSl,OK,3.711,3.5,6.0,70.0,20.0
GBCyl9RollPnkDot,OK,3.711,3.5,6.0,70.0,20.0
GBCyl9RollShBlk,OK,3.711,3.5,6.0,70.0,20.0
GBCyl9RollShnGl,OK,3.711,3.5,6.0,70.0,20.0
GBCyl9RollShnSl,OK,3.711,3.5,6.0,70.0,20.0
GBCyl9RollSlDot,OK,3.711,3.5,6.0,70.0,20.0
GBCyl9RollWht,OK,3.711,3.5,6.0,70.0,20.0
GBCyl9SpryBlk,OK,3.711,3.5,6.0,70.0,20.0
GBCyl9SpryGl,OK,3.711,3.5,6.0,70.0,20.0
GBCyl9SpryMattSl,OK,3.711,3.5,6.0,70.0,20.0
GBCyl9SpryRd,OK,3.727,3.5,6.5,70.0,20.0
GBCyl9SpryShSl,OK,3.711,3.5,6.0,70.0,20.0
GBCyl9SpryTur,OK,3.711,3.5,6.0,70.0,20.0
LBCylBlu9LtnBlk,OK,3.892,3.5,11.2,70.0,20.0
LBCylBlu9LtnGl,OK,3.892,3.5,11.2,70.0,20.0
LBCylBlu9LtnMattSl,OK,3.892,3.5,11.2,70.0,20.0
GBCylBlu9MtlRollBlkDot,OK,3.892,3.5,11.2,70.0,20.0
GBCylBlu9MtlRollMattCu,OK,3.892,3.5,11.2,70.0,20.0
GBCylBlu9MtlRollMattGl,OK,3.892,3.5,11.2,70.0,20.0
GBCylBlu9MtlRollMattSl,OK,3.892,3.5,11.2,70.0,20.0
GBCylBlu9MtlRollPnkDot,OK,3.892,3.5,11.2,70.0,20.0
GBCylBlu9MtlRollShBlk,OK,3.892,3.5,11.2,70.0,20.0
GBCylBlu9MtlRollShnGl,OK,3.892,3.5,11.2,70.0,20.0
GBCylBlu9MtlRollShnSl,OK,3.892,3.5,11.2,70.0,20.0
GBCylBlu9MtlRollSlDot,OK,3.892,3.5,11.2,70.0,20.0
GBCylBlu9MtlRollWht,OK,3.892,3.5,11.2,70.0,20.0
GBCylBlu9RollBlkDot,OK,3.892,3.5,11.2,70.0,20.0
GBCylBlu9RollMattCu,OK,3.892,3.5,11.2,70.0,20.0
GBCylBlu9RollMattGl,OK,3.892,3.5,11.2,70.0,20.0
GBCylBlu9RollMattSl,OK,3.892,3.5,11.2,70.0,20.0
GBCylBlu9RollPnkDot,OK,3.892,3.5,11.2,70.0,20.0
GBCylBlu9RollShBlk,OK,3.892,3.5,11.2,70.0,20.0
GBCylBlu9RollShnGl,OK,3.892,3.5,11.2,70.0,20.0
GBCylBlu9RollShnSl,OK,3.892,3.5,11.2,70.0,20.0
GBCylBlu9RollSlDot,OK,3.892,3.5,11.2,70.0,20.0
GBCylBlu9RollWht,OK,3.892,3.5,11.2,70.0,20.0
GBCylBlu9SpryBlk,OK,3.892,3.5,11.2,70.0,20.0
GBCylBlu9SpryGl,OK,3.892,3.5,11.2,70.0,20.0
GBCylBlu9SpryMattSl,OK,3.892,3.5,11.2,70.0,20.0
GBCylBlu9SpryRd,OK,3.892,3.5,11.2,70.0,20.0
GBCylBlu9SpryShSl,OK,3.892,3.5,11.2,70.0,20.0
GBCylBlu9SpryTur,OK,3.892,3.5,11.2,70.0,20.0
LBCylFrst9LtnBlk,OK,3.722,3.7,0.6,74.0,20.0
LBCylFrst9LtnGl,OK,3.722,3.7,0.6,74.0,20.0
LBCylFrst9LtnMtSl,OK,3.722,3.7,0.6,74.0,20.0
GBCylFrst9MtlRollBlkDot,OK,3.722,3.524,5.6,74.0,21.0
GBCylFrst9MtlRollMattCu,OK,3.722,3.524,5.6,74.0,21.0
GBCylFrst9MtlRollMattGl,OK,3.722,3.524,5.6,74.0,21.0
GBCylFrst9MtlRollMattSl,OK,3.722,3.524,5.6,74.0,21.0
GBCylFrst9MtlRollPnkDot,OK,3.722,3.524,5.6,74.0,21.0
GBCylFrst9MtlRollShBlk,OK,3.722,3.524,5.6,74.0,21.0
GBCylFrst9MtlRollShnGl,OK,3.722,3.524,5.6,74.0,21.0
GBCylFrst9MtlRollShnSl,OK,3.722,3.524,5.6,74.0,21.0
GBCylFrst9MtlRollSlDot,OK,3.722,3.524,5.6,74.0,21.0
GBCylFrst9MtlRollWht,OK,3.722,3.524,5.6,74.0,21.0
GBCylFrst9RollBlkDot,OK,3.722,3.524,5.6,74.0,21.0
GBCylFrst9RollMattCu,OK,3.722,3.524,5.6,74.0,21.0
GBCylFrst9RollMattGl,OK,3.722,3.524,5.6,74.0,21.0
GBCylFrst9RollMattSl,OK,3.722,3.524,5.6,74.0,21.0
GBCylFrst9RollPnkDot,OK,3.722,3.524,5.6,74.0,21.0
GBCylFrst9RollShBlk,OK,3.722,3.524,5.6,74.0,21.0
GBCylFrst9RollShnGl,OK,3.722,3.524,5.6,74.0,21.0
GBCylFrst9RollShnSl,OK,3.722,3.524,5.6,74.0,21.0
GBCylFrst9RollSlDot,OK,3.722,3.524,5.6,74.0,21.0
GBCylFrst9RollWht,OK,3.722,3.524,5.6,74.0,21.0
GBCylFrst9SpryBlk,OK,3.722,3.7,0.6,74.0,20.0
GBCylFrst9SpryGl,OK,3.722,3.7,0.6,74.0,20.0
GBCylFrst9SpryMattSl,OK,3.722,3.7,0.6,74.0,20.0
GBCylFrst9SpryRd,OK,3.718,3.7,0.5,74.0,20.0
GBCylFrst9SpryShSl,OK,3.722,3.7,0.6,74.0,20.0
GBCylFrst9SpryTur,OK,3.722,3.7,0.6,74.0,20.0
LBCylSwrl9LtnBlk,OK,3.738,3.524,6.1,74.0,21.0
LBCylSwrl9LtnGl,OK,3.738,3.524,6.1,74.0,21.0
LBCylSwrl9LtnMtSl,OK,3.738,3.524,6.1,74.0,21.0
GBCylSwrl9MtlRollBlkDot,OK,3.738,3.524,6.1,74.0,21.0
GBCylSwrl9MtlRollMattCu,OK,3.738,3.524,6.1,74.0,21.0
GBCylSwrl9MtlRollMattGl,OK,3.738,3.524,6.1,74.0,21.0
GBCylSwrl9MtlRollMattSl,OK,3.738,3.524,6.1,74.0,21.0
GBCylSwrl9MtlRollPnkDot,OK,3.738,3.524,6.1,74.0,21.0
GBCylSwrl9MtlRollShBlk,OK,3.738,3.524,6.1,74.0,21.0
GBCylSwrl9MtlRollShnGl,OK,3.738,3.524,6.1,74.0,21.0
GBCylSwrl9MtlRollShnSl,OK,3.738,3.524,6.1,74.0,21.0
GBCylSwrl9MtlRollSlDot,OK,3.738,3.524,6.1,74.0,21.0
GBCylSwrl9MtlRollWht,OK,3.738,3.524,6.1,74.0,21.0
GBCylSwrl9RollBlkDot,OK,3.738,3.524,6.1,74.0,21.0
GBCylSwrl9RollMattCu,OK,3.738,3.524,6.1,74.0,21.0
GBCylSwrl9RollMattGl,OK,3.738,3.524,6.1,74.0,21.0
GBCylSwrl9RollMattSl,OK,3.738,3.524,6.1,74.0,21.0
GBCylSwrl9RollPnkDot,OK,3.738,3.524,6.1,74.0,21.0
GBCylSwrl9RollShBlk,OK,3.738,3.524,6.1,74.0,21.0
GBCylSwrl9RollShnGl,OK,3.738,3.524,6.1,74.0,21.0
GBCylSwrl9RollShnSl,OK,3.738,3.524,6.1,74.0,21.0
GBCylSwrl9RollSlDot,OK,3.738,3.524,6.1,74.0,21.0
GBCylSwrl9RollWht,OK,3.738,3.524,6.1,74.0,21.0
GBCylSwrl9SpryBlk,OK,3.738,3.524,6.1,74.0,21.0
GBCylSwrl9SpryGl,OK,3.738,3.524,6.1,74.0,21.0
GBCylSwrl9SpryMattSl,OK,3.738,3.524,6.1,74.0,21.0
GBCylSwrl9SpryRd,OK,3.738,3.524,6.1,74.0,21.0
GBCylSwrl9SpryShSl,OK,3.738,3.524,6.1,74.0,21.0
GBCylSwrl9SpryTur,OK,3.738,3.524,6.1,74.0,21.0
GBCyl28MtlRollBlk,OK,2.641,2.613,1.1,81.0,31.0
GBCyl28MtlRollWht,OK,2.641,2.613,1.1,81.0,31.0
GBCyl28RollBlk,OK,2.641,2.613,1.1,81.0,31.0
GBCyl28RollWht,OK,2.641,2.613,1.1,81.0,31.0
GBCyl50MtlRollBlk,OK,2.659,2.649,0.4,98.0,37.0
GBCyl50MtlRollWht,OK,2.659,2.649,0.4,98.0,37.0
GBCyl50RollBlk,OK,2.659,2.649,0.4,98.0,37.0
GBCyl50RollWht,OK,2.659,2.649,0.4,98.0,37.0
GBDmnd2ozAnSpBlk,OK,2.2,2.146,2.5,88.0,41.0
GBDmnd2ozAnSpTslBlk,OK,2.2,2.146,2.5,88.0,41.0
GBDmnd2ozAnSpGl,OK,2.2,2.146,2.5,88.0,41.0
GBDmnd2ozAnSpTslGl,OK,2.2,2.146,2.5,88.0,41.0
GBDmnd2ozAnSpIvyGl,OK,2.2,2.146,2.5,88.0,41.0
GBDmnd2ozAnSpIvySl,OK,2.2,2.146,2.5,88.0,41.0
GBDmnd2ozAnSpTslIvyGl,OK,2.2,2.146,2.5,88.0,41.0
GBDmnd2ozAnSpTslIvySl,OK,2.2,2.146,2.5,88.0,41.0
GBDmnd2ozAnSpLvn,OK,2.2,2.146,2.5,88.0,41.0
GBDmnd2ozAnSpTslLvn,OK,2.2,2.146,2.5,88.0,41.0
GBDmnd2ozSpryCu,OK,2.2,2.146,2.5,88.0,41.0
GBDmnd2ozSpryMtGl,OK,2.2,2.146,2.5,88.0,41.0
GBDmnd2ozSpryMtSl,OK,2.2,2.146,2.5,88.0,41.0
GBDmnd2ozAnSpMtSl,OK,2.2,2.146,2.5,88.0,41.0
GBDmnd2ozAnSpTslMtSl,OK,2.2,2.146,2.5,88.0,41.0
GBDmnd2ozAnSpPnk,OK,2.2,2.146,2.5,88.0,41.0
GBDmnd2ozAnSpTslPnk,OK,2.2,2.146,2.5,88.0,41.0
GBDmnd2ozAnSpRed,OK,2.2,2.146,2.5,88.0,41.0
GBDmnd2ozAnSpTslRed,OK,2.2,2.146,2.5,88.0,41.0
GBDmnd2ozRdcrBlkLthr,OK,2.2,2.146,2.5,88.0,41.0
GBDmnd2ozRdcrShnBlk,OK,2.2,2.146,2.5,88.0,41.0
GBDmnd2ozRdcrBrwnLthr,OK,2.2,2.146,2.5,88.0,41.0
GBDmnd2ozRdcrIvyLthr,OK,2.204,2.146,2.7,88.0,41.0
GBDmnd2ozRdcrLBrwnLthr,OK,2.2,2.146,2.5,88.0,41.0
GBDmnd2ozRdcrPnkLthr,OK,2.2,2.146,2.5,88.0,41.0
GBDmnd2ozRdcrShnGl,OK,2.2,2.146,2.5,88.0,41.0
GBDmnd2ozRdcrShnSl,OK,2.2,2.146,2.5,88.0,41.0
GBDmnd2ozRdcrMtSl,OK,2.2,2.146,2.5,88.0,41.0
GBDmnd2ozRdcrShnBlkTall,OK,2.2,2.146,2.5,88.0,41.0
GBDmnd2ozRdcrMtSlTall,OK,2.2,2.146,2.5,88.0,41.0
GBDmnd2ozRdcrWht,OK,2.2,2.146,2.5,88.0,41.0
GBDmnd2ozSpryShnBlk,OK,2.2,2.146,2.5,88.0,41.0
GBDmnd2ozSpryShnGl,OK,2.2,2.146,2.5,88.0,41.0
GBDmnd2ozSpryShnSl,OK,2.2,2.146,2.5,88.0,41.0
GBDmnd2ozAnSpWht,OK,2.2,2.146,2.5,88.0,41.0
GBDmnd2ozAnSpTslWht,OK,2.2,2.146,2.5,88.0,41.0
GBDiva100AnSpBlk,CAPPED?,2.024,1.766,14.6,113.0,64.0
GBDiva100AnSpTslBlk,ASPECT,1.512,1.766,-14.4,113.0,64.0
LBDiva100LtnClOvrCap,CAPPED?,2.024,1.766,14.6,113.0,64.0
GBDiva100AnSpGl,CAPPED?,2.024,1.766,14.6,113.0,64.0
GBDiva100AnSpTslGl,ASPECT,1.515,1.766,-14.2,113.0,64.0
GBDiva100AnSpIvyGl,CAPPED?,2.024,1.766,14.6,113.0,64.0
GBDiva100AnSpIvySl,CAPPED?,2.024,1.766,14.6,113.0,64.0
GBDiva100AnSpTslIvyGl,ASPECT,1.512,1.766,-14.4,113.0,64.0
GBDiva100AnSpTslIvySl,ASPECT,1.512,1.766,-14.4,113.0,64.0
GBDiva100AnSpLvn,CAPPED?,2.024,1.766,14.6,113.0,64.0
GBDiva100AnSpTslLvn,CAPPED?,2.024,1.766,14.6,113.0,64.0
LBDiva100LtnCu,OK,1.788,1.766,1.3,113.0,64.0
GBDiva100SpryCu,OK,1.774,1.766,0.4,113.0,64.0
LBDiva100LtnMtGl,OK,1.78,1.766,0.8,113.0,64.0
GBDiva100SpryMtGl,OK,1.78,1.766,0.8,113.0,64.0
LBDiva100LtnMtSl,OK,1.807,1.766,2.3,113.0,64.0
GBDiva100SpryMtSl,OK,1.807,1.766,2.3,113.0,64.0
GBDiva100AnSpMtSl,CAPPED?,2.024,1.766,14.6,113.0,64.0
GBDiva100AnSpTslMtSl,OK,1.604,1.766,-9.1,113.0,64.0
GBDiva100AnSpPnk,CAPPED?,2.024,1.766,14.6,113.0,64.0
GBDiva100AnSpTslPnk,ASPECT,1.512,1.766,-14.4,113.0,64.0
GBDiva100AnSpRed,CAPPED?,2.024,1.766,14.6,113.0,64.0
GBDiva100AnSpTslRed,ASPECT,1.512,1.766,-14.4,113.0,64.0
GBDiva100RdcrBlkLthr,OK,1.88,1.766,6.5,113.0,64.0
GBDiva100RdcrShnBlk,CAPPED?,2.024,1.766,14.6,113.0,64.0
GBDiva100RdcrBrwnLthr,CAPPED?,2.024,1.766,14.6,113.0,64.0
GBDiva100RdcrIvyLthr,CAPPED?,2.024,1.766,14.6,113.0,64.0
GBDiva100RdcrLBrwnLthr,CAPPED?,2.024,1.766,14.6,113.0,64.0
GBDiva100RdcrPnkLthr,CAPPED?,2.024,1.766,14.6,113.0,64.0
GBDiva100RdcrShnGl,CAPPED?,2.024,1.766,14.6,113.0,64.0
GBDiva100RdcrShnSl,CAPPED?,2.024,1.766,14.6,113.0,64.0
GBDiva100RdcrMtSl,CAPPED?,2.024,1.766,14.6,113.0,64.0
GBDiva100RdcrShnBlkTall,CAPPED?,2.024,1.766,14.6,113.0,64.0
GBDiva100RdcrMtSlTall,CAPPED?,2.024,1.766,14.6,113.0,64.0
GBDiva100RdcrWht,CAPPED?,2.024,1.766,14.6,113.0,64.0
LBDiva100LtnShnBlk,OK,1.801,1.766,2.0,113.0,64.0
GBDiva100SpryShnBlk,OK,1.787,1.766,1.2,113.0,64.0
LBDiva100LtnShnGl,OK,1.768,1.766,0.1,113.0,64.0
GBDiva100SpryShnGl,OK,1.768,1.766,0.1,113.0,64.0
LBDiva100LtnShnSl,OK,1.823,1.766,3.2,113.0,64.0
GBDiva100SpryShnSl,OK,1.793,1.766,1.5,113.0,64.0
GBDiva100AnSpWht,CAPPED?,2.024,1.766,14.6,113.0,64.0
GBDiva100AnSpTslWht,ASPECT,1.512,1.766,-14.4,113.0,64.0
GBDiva30AnSpBlk,OK,1.985,1.884,5.4,81.0,43.0
LBDiva30LtnClOvrCap,OK,1.985,1.884,5.4,81.0,43.0
GBDiva30AnSpGl,OK,1.985,1.884,5.4,81.0,43.0
GBDiva30AnSpIvyGl,OK,1.985,1.884,5.4,81.0,43.0
GBDiva30AnSpIvySl,OK,1.985,1.884,5.4,81.0,43.0
GBDiva30AnSpLvn,OK,1.985,1.884,5.4,81.0,43.0
LBDiva30LtnCu,OK,1.985,1.884,5.4,81.0,43.0
GBDiva30SpryCu,OK,1.985,1.884,5.4,81.0,43.0
LBDiva30LtnMtGl,OK,1.985,1.884,5.4,81.0,43.0
GBDiva30SpryMtGl,OK,1.985,1.884,5.4,81.0,43.0
LBDiva30LtnMtSl,OK,1.985,1.884,5.4,81.0,43.0
GBDiva30SpryMtSl,OK,1.985,1.884,5.4,81.0,43.0
GBDiva30AnSpMtSl,OK,1.985,1.884,5.4,81.0,43.0
GBDiva30AnSpPnk,OK,1.985,1.884,5.4,81.0,43.0
GBDiva30AnSpRed,OK,1.985,1.884,5.4,81.0,43.0
GBDiva30RdcrBlkLthr,OK,1.985,1.884,5.4,81.0,43.0
GBDiva30RdcrShnBlk,OK,1.985,1.884,5.4,81.0,43.0
GBDiva30RdcrBrwnLthr,OK,1.985,1.884,5.4,81.0,43.0
GBDiva30RdcrIvyLthr,OK,1.985,1.884,5.4,81.0,43.0
GBDiva30RdcrLBrwnLthr,OK,1.985,1.884,5.4,81.0,43.0
GBDiva30RdcrPnkLthr,OK,1.985,1.884,5.4,81.0,43.0
GBDiva30RdcrShnGl,OK,1.985,1.884,5.4,81.0,43.0
GBDiva30RdcrShnSl,OK,1.985,1.884,5.4,81.0,43.0
GBDiva30RdcrMtSl,OK,1.985,1.884,5.4,81.0,43.0
GBDiva30RdcrShnBlkTall,OK,1.985,1.884,5.4,81.0,43.0
GBDiva30RdcrMtSlTall,OK,1.985,1.884,5.4,81.0,43.0
GBDiva30RdcrWht,OK,1.985,1.884,5.4,81.0,43.0
LBDiva30LtnShnBlk,OK,1.985,1.884,5.4,81.0,43.0
GBDiva30SpryShnBlk,OK,1.985,1.884,5.4,81.0,43.0
LBDiva30LtnShnGl,OK,1.985,1.884,5.4,81.0,43.0
GBDiva30SpryShnGl,OK,1.985,1.884,5.4,81.0,43.0
LBDiva30LtnShnSl,OK,1.985,1.884,5.4,81.0,43.0
GBDiva30SpryShnSl,OK,1.985,1.884,5.4,81.0,43.0
GBDiva30AnSpWht,OK,1.985,1.884,5.4,81.0,43.0
GBDivaFrst46AnSpBlk,OK,1.677,1.816,-7.6,89.0,49.0
GBDivaFrst46AnSpTslBlk,OK,1.622,1.816,-10.7,89.0,49.0
LBDivaFrst46LtnClOvrCap,OK,1.986,1.816,9.4,89.0,49.0
GBDivaFrst46AnSpGl,OK,1.677,1.816,-7.6,89.0,49.0
GBDivaFrst46AnSpTslGl,OK,1.622,1.816,-10.7,89.0,49.0
GBDivaFrst46AnSpIvyGl,OK,1.677,1.816,-7.6,89.0,49.0
GBDivaFrst46AnSpIvySl,OK,1.677,1.816,-7.6,89.0,49.0
GBDivaFrst46AnSpTslIvyGl,OK,1.621,1.816,-10.8,89.0,49.0
GBDivaFrst46AnSpTslIvySl,OK,1.621,1.816,-10.8,89.0,49.0
GBDivaFrst46AnSpLvn,OK,1.677,1.816,-7.6,89.0,49.0
GBDivaFrst46AnSpTslLvn,OK,1.621,1.816,-10.8,89.0,49.0
LBDivaFrst46LtnCu,OK,1.986,1.816,9.4,89.0,49.0
GBDivaFrst46SpryCu,OK,1.986,1.816,9.4,89.0,49.0
LBDivaFrst46LtnMtGl,OK,1.986,1.816,9.4,89.0,49.0
GBDivaFrst46SpryMtGl,OK,1.986,1.816,9.4,89.0,49.0
LBDivaFrst46LtnMtSl,OK,1.986,1.816,9.4,89.0,49.0
GBDivaFrst46SpryMtSl,OK,1.986,1.816,9.4,89.0,49.0
GBDivaFrst46AnSpMtSl,OK,1.677,1.816,-7.6,89.0,49.0
GBDivaFrst46AnSpTslMtSl,OK,1.622,1.816,-10.7,89.0,49.0
GBDivaFrst46AnSpPnk,OK,1.677,1.816,-7.6,89.0,49.0
GBDivaFrst46AnSpTslPnk,OK,1.621,1.816,-10.8,89.0,49.0
GBDivaFrst46AnSpRed,OK,1.677,1.816,-7.6,89.0,49.0
GBDivaFrst46AnSpTslRed,OK,1.622,1.816,-10.7,89.0,49.0
GBDivaFrst46RdcrBlkLthr,OK,1.694,1.816,-6.7,89.0,49.0
GBDivaFrst46RdcrShnBlk,OK,1.694,1.816,-6.7,89.0,49.0
GBDivaFrst46RdcrBrwnLthr,OK,1.986,1.816,9.4,89.0,49.0
GBDivaFrst46RdcrIvyLthr,OK,1.694,1.816,-6.7,89.0,49.0
GBDivaFrst46RdcrLBrwnLthr,OK,1.694,1.816,-6.7,89.0,49.0
GBDivaFrst46RdcrPnkLthr,OK,1.694,1.816,-6.7,89.0,49.0
GBDivaFrst46RdcrShnGl,OK,1.694,1.816,-6.7,89.0,49.0
GBDivaFrst46RdcrShnSl,OK,1.694,1.816,-6.7,89.0,49.0
GBDivaFrst46RdcrMtSl,OK,1.694,1.816,-6.7,89.0,49.0
GBDivaFrst46RdcrShnBlkTall,OK,1.694,1.816,-6.7,89.0,49.0
GBDivaFrst46RdcrMtSlTall,OK,1.694,1.816,-6.7,89.0,49.0
GBDivaFrst46RdcrWht,OK,1.694,1.816,-6.7,89.0,49.0
LBDivaFrst46LtnShnBlk,OK,1.986,1.816,9.4,89.0,49.0
GBDivaFrst46SpryShnBlk,OK,1.986,1.816,9.4,89.0,49.0
LBDivaFrst46LtnShnGl,OK,1.986,1.816,9.4,89.0,49.0
GBDivaFrst46SpryShnGl,OK,1.986,1.816,9.4,89.0,49.0
LBDivaFrst46LtnShnSl,OK,1.986,1.816,9.4,89.0,49.0
GBDivaFrst46SpryShnSl,OK,1.986,1.816,9.4,89.0,49.0
GBDivaFrst46AnSpWht,OK,1.677,1.816,-7.6,89.0,49.0
GBDivaFrst46AnSpTslWht,OK,1.621,1.816,-10.8,89.0,49.0
GBDiva46AnSpBlk,OK,1.937,1.816,6.6,89.0,49.0
GBDiva46AnSpTslBlk,ASPECT,1.011,1.816,-44.3,89.0,49.0
LBDiva46LtnClOvrCap,OK,1.937,1.816,6.6,89.0,49.0
GBDiva46AnSpTslGl,ASPECT,1.005,1.816,-44.7,89.0,49.0
GBDiva46AnSpGl,OK,1.937,1.816,6.6,89.0,49.0
GBDiva46AnSpIvySl,OK,1.937,1.816,6.6,89.0,49.0
GBDiva46AnSpIvyGl,OK,1.937,1.816,6.6,89.0,49.0
GBDiva46AnSpTslIvyGl,ASPECT,1.001,1.816,-44.9,89.0,49.0
GBDiva46AnSpTslIvySl,ASPECT,1.001,1.816,-44.9,89.0,49.0
GBDiva46AnSpLvn,OK,1.937,1.816,6.6,89.0,49.0
GBDiva46AnSpTslLvn,OK,1.937,1.816,6.6,89.0,49.0
LBDiva46LtnCu,OK,1.937,1.816,6.6,89.0,49.0
GBDiva46SpryCu,OK,1.937,1.816,6.6,89.0,49.0
LBDiva46LtnMtGl,OK,1.937,1.816,6.6,89.0,49.0
GBDiva46SpryMtGl,OK,1.937,1.816,6.6,89.0,49.0
LBDiva46LtnMtSl,OK,1.937,1.816,6.6,89.0,49.0
GBDiva46SpryMtSl,OK,1.937,1.816,6.6,89.0,49.0
GBDiva46AnSpMtSl,OK,1.937,1.816,6.6,89.0,49.0
GBDiva46AnSpTslMtSl,ASPECT,1.099,1.816,-39.5,89.0,49.0
GBDiva46AnSpPnk,OK,1.937,1.816,6.6,89.0,49.0
GBDiva46AnSpTslPnk,ASPECT,1.003,1.816,-44.8,89.0,49.0
GBDiva46AnSpRed,OK,1.937,1.816,6.6,89.0,49.0
GBDiva46AnSpTslRed,ASPECT,1.065,1.816,-41.4,89.0,49.0
GBDiva46RdcrBlkLthr,OK,1.937,1.816,6.6,89.0,49.0
GBDiva46RdcrShnBlk,OK,1.937,1.816,6.6,89.0,49.0
GBDiva46RdcrBrwnLthr,OK,1.937,1.816,6.6,89.0,49.0
GBDiva46RdcrIvyLthr,OK,1.937,1.816,6.6,89.0,49.0
GBDiva46RdcrLBrwnLthr,OK,1.937,1.816,6.6,89.0,49.0
GBDiva46RdcrPnkLthr,OK,1.937,1.816,6.6,89.0,49.0
GBDiva46RdcrShnGl,OK,1.937,1.816,6.6,89.0,49.0
GBDiva46RdcrShnSl,OK,1.937,1.816,6.6,89.0,49.0
GBDiva46RdcrMtSl,OK,1.937,1.816,6.6,89.0,49.0
GBDiva46RdcrShnBlkTall,OK,1.937,1.816,6.6,89.0,49.0
GBDiva46RdcrMtSlTall,OK,1.937,1.816,6.6,89.0,49.0
GBDiva46RdcrWht,OK,1.937,1.816,6.6,89.0,49.0
LBDiva46LtnShnBlk,OK,1.937,1.816,6.6,89.0,49.0
GBDiva46SpryShnBlk,OK,1.937,1.816,6.6,89.0,49.0
LBDiva46LtnShnGl,OK,1.937,1.816,6.6,89.0,49.0
GBDiva46SpryShnGl,OK,1.937,1.816,6.6,89.0,49.0
LBDiva46LtnShnSl,OK,1.937,1.816,6.6,89.0,49.0
GBDiva46SpryShnSl,OK,1.937,1.816,6.6,89.0,49.0
GBDiva46DrpCu,OK,1.937,1.816,6.6,89.0,49.0
GBDiva46DrpGl,OK,1.937,1.816,6.6,89.0,49.0
GBDiva46DrpSl,OK,1.937,1.816,6.6,89.0,49.0
GBDiva46AnSpWht,OK,1.937,1.816,6.6,89.0,49.0
GBDiva46AnSpWhtRng,OK,1.937,1.816,6.6,89.0,49.0
GBDiva46AnSpTslWht,ASPECT,1.021,1.816,-43.8,89.0,49.0
GBDiva46AnSpTslWhtRng,ASPECT,1.021,1.816,-43.8,89.0,49.0
GBElgFrst100AnSpBlk,OK,1.782,1.787,-0.3,109.0,61.0
GBElgFrst100AnSpTslBlk,OK,1.782,1.787,-0.3,109.0,61.0
LBElgFrst100LtnClOvrCap,OK,1.782,1.787,-0.3,109.0,61.0
GBElgFrst100AnSpGl,OK,1.782,1.787,-0.3,109.0,61.0
GBElgFrst100AnSpTslGl,OK,1.782,1.787,-0.3,109.0,61.0
GBElgFrst100AnSpIvyGl,OK,1.782,1.787,-0.3,109.0,61.0
GBElgFrst100AnSpIvySl,OK,1.782,1.787,-0.3,109.0,61.0
GBElgFrst100AnSpTslIvyGl,OK,1.782,1.787,-0.3,109.0,61.0
GBElgFrst100AnSpTslIvySl,OK,1.782,1.787,-0.3,109.0,61.0
GBElgFrst100AnSpLvn,OK,1.782,1.787,-0.3,109.0,61.0
GBElgFrst100AnSpTslLvn,OK,1.782,1.787,-0.3,109.0,61.0
LBElgFrst100LtnCu,OK,1.782,1.787,-0.3,109.0,61.0
GBElgFrst100SpryCu,OK,1.782,1.787,-0.3,109.0,61.0
LBElgFrst100LtnMtGl,OK,1.782,1.787,-0.3,109.0,61.0
GBElgFrst100SpryMtGl,OK,1.782,1.787,-0.3,109.0,61.0
LBElgFrst100LtnMtSl,OK,1.782,1.787,-0.3,109.0,61.0
GBElgFrst100SpryMtSl,OK,1.782,1.787,-0.3,109.0,61.0
GBElgFrst100AnSpMtSl,OK,1.782,1.787,-0.3,109.0,61.0
GBElgFrst100AnSpTslMtSl,OK,1.782,1.787,-0.3,109.0,61.0
GBElgFrst100AnSpPnk,OK,1.782,1.787,-0.3,109.0,61.0
GBElgFrst100AnSpTslPnk,OK,1.782,1.787,-0.3,109.0,61.0
GBElgFrst100AnSpRed,OK,1.782,1.787,-0.3,109.0,61.0
GBElgFrst100AnSpTslRed,OK,1.782,1.787,-0.3,109.0,61.0
GBElgFrst100RdcrBlkLthr,OK,1.782,1.787,-0.3,109.0,61.0
GBElgFrst100RdcrShnBlk,OK,1.782,1.787,-0.3,109.0,61.0
GBElgFrst100RdcrBrwnLthr,OK,1.782,1.787,-0.3,109.0,61.0
GBElgFrst100RdcrIvyLthr,OK,1.782,1.787,-0.3,109.0,61.0
GBElgFrst100RdcrLBrwnLthr,OK,1.782,1.787,-0.3,109.0,61.0
GBElgFrst100RdcrPnkLthr,OK,1.782,1.787,-0.3,109.0,61.0
GBElgFrst100RdcrShnGl,OK,1.782,1.787,-0.3,109.0,61.0
GBElgFrst100RdcrShnSl,OK,1.782,1.787,-0.3,109.0,61.0
GBElgFrst100RdcrShnBlkTall,OK,1.782,1.787,-0.3,109.0,61.0
GBElgFrst100RdcrMtSlTall,OK,1.782,1.787,-0.3,109.0,61.0
GBElgFrst100RdcrWht,OK,1.782,1.787,-0.3,109.0,61.0
LBElgFrst100LtnShnBlk,OK,1.782,1.787,-0.3,109.0,61.0
GBElgFrst100SpryShnBlk,OK,1.782,1.787,-0.3,109.0,61.0
LBElgFrst100LtnShnGl,OK,1.782,1.787,-0.3,109.0,61.0
GBElgFrst100SpryShnGl,OK,1.782,1.787,-0.3,109.0,61.0
LBElgFrst100LtnShnSl,OK,1.782,1.787,-0.3,109.0,61.0
GBElgFrst100SpryShnSl,OK,1.782,1.787,-0.3,109.0,61.0
LBElgFrst100WhtClOvrCp,OK,1.782,1.787,-0.3,109.0,61.0
GBElgFrst100AnSpWht,OK,1.782,1.787,-0.3,109.0,61.0
GBElgFrst100AnSpTslWht,OK,1.782,1.787,-0.3,109.0,61.0
GBElg100AnSpBlk,OK,1.749,1.787,-2.1,109.0,61.0
GBElg100AnSpTslBlk,OK,1.749,1.787,-2.1,109.0,61.0
LBElg100LtnClOvrCap,OK,1.749,1.787,-2.1,109.0,61.0
GBElg100AnSpGl,OK,1.749,1.787,-2.1,109.0,61.0
GBElg100AnSpTslGl,OK,1.749,1.787,-2.1,109.0,61.0
GBElg100AnSpIvyGl,OK,1.749,1.787,-2.1,109.0,61.0
GBElg100AnSpIvySl,OK,1.749,1.787,-2.1,109.0,61.0
GBElg100AnSpTslIvyGl,OK,1.749,1.787,-2.1,109.0,61.0
GBElg100AnSpTslIvySl,OK,1.749,1.787,-2.1,109.0,61.0
GBElg100AnSpLvn,OK,1.749,1.787,-2.1,109.0,61.0
GBElg100AnSpTslLvn,OK,1.749,1.787,-2.1,109.0,61.0
LBElg100LtnCu,OK,1.755,1.787,-1.8,109.0,61.0
GBElg100SpryCu,OK,1.755,1.787,-1.8,109.0,61.0
LBElg100LtnMtGl,OK,1.749,1.787,-2.1,109.0,61.0
GBElg100SpryMtGl,OK,1.749,1.787,-2.1,109.0,61.0
LBElg100LtnMtSl,OK,1.749,1.787,-2.1,109.0,61.0
GBElg100SpryMtSl,OK,1.749,1.787,-2.1,109.0,61.0
GBElg100AnSpMtSl,OK,1.749,1.787,-2.1,109.0,61.0
GBElg100AnSpTslMtSl,OK,1.749,1.787,-2.1,109.0,61.0
GBElg100AnSpPnk,OK,1.749,1.787,-2.1,109.0,61.0
GBElg100AnSpTslPnk,OK,1.749,1.787,-2.1,109.0,61.0
GBElg100AnSpRed,OK,1.749,1.787,-2.1,109.0,61.0
GBElg100AnSpTslRed,OK,1.749,1.787,-2.1,109.0,61.0
GBElg100RdcrBlkLthr,OK,1.749,1.787,-2.1,109.0,61.0
GBElg100RdcrShnBlk,OK,1.749,1.787,-2.1,109.0,61.0
GBElg100RdcrBrwnLthr,OK,1.749,1.787,-2.1,109.0,61.0
GBElg100RdcrIvyLthr,OK,1.755,1.787,-1.8,109.0,61.0
GBElg100RdcrLBrwnLthr,OK,1.749,1.787,-2.1,109.0,61.0
GBElg100RdcrPnkLthr,OK,1.753,1.787,-1.9,109.0,61.0
GBElg100RdcrShnGl,OK,1.749,1.787,-2.1,109.0,61.0
GBElg100RdcrShnSl,OK,1.749,1.787,-2.1,109.0,61.0
GBElg100RdcrMtSl,OK,1.749,1.787,-2.1,109.0,61.0
GBElg100RdcrShnBlkTall,OK,1.749,1.787,-2.1,109.0,61.0
GBElg100RdcrMtSlTall,OK,1.749,1.787,-2.1,109.0,61.0
GBElg100RdcrWht,OK,1.749,1.787,-2.1,109.0,61.0
LBElg100LtnShnBlk,OK,1.749,1.787,-2.1,109.0,61.0
GBElg100SpryShnBlk,OK,1.749,1.787,-2.1,109.0,61.0
LBElg100LtnShnGl,OK,1.749,1.787,-2.1,109.0,61.0
GBElg100SpryShnGl,OK,1.749,1.787,-2.1,109.0,61.0
LBElg100LtnShnSl,OK,1.749,1.787,-2.1,109.0,61.0
GBElg100SpryShnSl,OK,1.749,1.787,-2.1,109.0,61.0
GBElg100AnSpWht,OK,1.749,1.787,-2.1,109.0,61.0
GBElg100AnSpTslWht,OK,1.749,1.787,-2.1,109.0,61.0
GBElg15RollBlkSh,OK,1.681,1.694,-0.8,61.0,36.0
GBElg15RollBlkDot,OK,1.681,1.694,-0.8,61.0,36.0
GBElg15RollPinkDot,OK,1.681,1.694,-0.8,61.0,36.0
GBElg15RollGlSh,OK,1.681,1.694,-0.8,61.0,36.0
GBElg15RollSlSh,OK,1.681,1.694,-0.8,61.0,36.0
GBElg15RollSlDot,OK,1.681,1.694,-0.8,61.0,36.0
GBElg15SpryBlkSh,OK,1.681,1.694,-0.8,61.0,36.0
GBElg15SpryGlSh,ASPECT,1.25,1.694,-26.2,61.0,36.0
GBElg15SprySlSh,OK,1.681,1.694,-0.8,61.0,36.0
GBElg15BlkSht,OK,1.681,1.694,-0.8,61.0,36.0
GBElg15WhtSht,OK,1.681,1.694,-0.8,61.0,36.0
GBElg30GlCap,OK,1.662,1.705,-2.5,75.0,44.0
GBElg30SlCap,OK,1.659,1.705,-2.7,75.0,44.0
GBElgFrst30GlCap,OK,1.693,1.705,-0.7,75.0,44.0
GBElgFrst30SlCap,OK,1.693,1.705,-0.7,75.0,44.0
GBElgFrst60AnSpBlk,OK,1.602,1.593,0.6,86.0,54.0
GBElgFrst60AnSpTslBlk,OK,1.614,1.593,1.3,86.0,54.0
LBElgFrst60LtnClOvrCap,OK,1.602,1.593,0.6,86.0,54.0
GBElgFrst60AnSpGl,OK,1.602,1.593,0.6,86.0,54.0
GBElgFrst60AnSpTslGl,OK,1.612,1.593,1.2,86.0,54.0
GBElgFrst60AnSpIvyGl,OK,1.602,1.593,0.6,86.0,54.0
GBElgFrst60AnSpIvySl,OK,1.602,1.593,0.6,86.0,54.0
GBElgFrst60AnSpTslIvyGl,OK,1.612,1.593,1.2,86.0,54.0
GBElgFrst60AnSpTslIvySl,OK,1.612,1.593,1.2,86.0,54.0
GBElgFrst60AnSpLvn,OK,1.602,1.593,0.6,86.0,54.0
GBElgFrst60AnSpTslLvn,OK,1.602,1.593,0.6,86.0,54.0
LBElgFrst60LtnCu,OK,1.602,1.593,0.6,86.0,54.0
GBElgFrst60SpryCu,OK,1.602,1.593,0.6,86.0,54.0
LBElgFrst60LtnMtGl,OK,1.602,1.593,0.6,86.0,54.0
GBElgFrst60SpryMtGl,OK,1.602,1.593,0.6,86.0,54.0
LBElgFrst60LtnMtSl,OK,1.602,1.593,0.6,86.0,54.0
GBElgFrst60SpryMtSl,OK,1.602,1.593,0.6,86.0,54.0
GBElgFrst60AnSpMtSl,OK,1.602,1.593,0.6,86.0,54.0
GBElgFrst60AnSpTslMtSl,OK,1.612,1.593,1.2,86.0,54.0
GBElgFrst60AnSpPnk,OK,1.602,1.593,0.6,86.0,54.0
GBElgFrst60AnSpTslPnk,OK,1.612,1.593,1.2,86.0,54.0
GBElgFrst60AnSpRed,OK,1.602,1.593,0.6,86.0,54.0
GBElgFrst60AnSpTslRed,OK,1.612,1.593,1.2,86.0,54.0
GBElgFrst60RdcrBlkLthr,OK,1.602,1.593,0.6,86.0,54.0
GBElgFrst60RdcrShnBlk,OK,1.602,1.593,0.6,86.0,54.0
GBElgFrst60RdcrBrwnLthr,OK,1.605,1.593,0.8,86.0,54.0
GBElgFrst60RdcrIvyLthr,OK,1.602,1.593,0.6,86.0,54.0
GBElgFrst60RdcrLBrwnLthr,OK,1.602,1.593,0.6,86.0,54.0
GBElgFrst60RdcrPnkLthr,OK,1.602,1.593,0.6,86.0,54.0
GBElgFrst60RdcrShnGl,OK,1.602,1.593,0.6,86.0,54.0
GBElgFrst60RdcrShnSl,OK,1.602,1.593,0.6,86.0,54.0
GBElgFrst60RdcrMtSl,OK,1.602,1.593,0.6,86.0,54.0
GBElgFrst60RdcrShnBlkTall,OK,1.602,1.593,0.6,86.0,54.0
GBElgFrst60RdcrMtSlTall,OK,1.602,1.593,0.6,86.0,54.0
GBElgFrst60RdcrWht,OK,1.602,1.593,0.6,86.0,54.0
LBElgFrst60LtnShnBlk,OK,1.602,1.593,0.6,86.0,54.0
GBElgFrst60SpryShnBlk,OK,1.602,1.593,0.6,86.0,54.0
LBElgFrst60LtnShnGl,OK,1.602,1.593,0.6,86.0,54.0
GBElgFrst60SpryShnGl,OK,1.602,1.593,0.6,86.0,54.0
LBElgFrst60LtnShnSl,OK,1.602,1.593,0.6,86.0,54.0
GBElgFrst60SpryShnSl,OK,1.602,1.593,0.6,86.0,54.0
GBElgFrst60DrpCu,ASPECT,1.284,1.593,-19.4,86.0,54.0
GBElgFrst60DrpGl,ASPECT,1.284,1.593,-19.4,86.0,54.0
GBElgFrst60DrpSl,ASPECT,1.284,1.593,-19.4,86.0,54.0
LBElgFrst60WhtClOvrCp,OK,1.602,1.593,0.6,86.0,54.0
GBElgFrst60AnSpWht,OK,1.602,1.593,0.6,86.0,54.0
GBElgFrst60AnSpTslWht,OK,1.612,1.593,1.2,86.0,54.0
GBElg60AnSpBlk,OK,1.539,1.593,-3.4,86.0,54.0
GBElg60AnSpTslBlk,OK,1.551,1.593,-2.6,86.0,54.0
LBElg60LtnClrOvrCap,OK,1.523,1.593,-4.4,86.0,54.0
GBElg60AnSpGl,OK,1.537,1.593,-3.5,86.0,54.0
GBElg60AnSpTslGl,OK,1.551,1.593,-2.6,86.0,54.0
GBElg60AnSpIvyGl,OK,1.537,1.593,-3.5,86.0,54.0
GBElg60AnSpIvySl,OK,1.537,1.593,-3.5,86.0,54.0
GBElg60AnSpTslIvyGl,OK,1.542,1.593,-3.2,86.0,54.0
GBElg60AnSpTslIvySl,OK,1.544,1.593,-3.0,86.0,54.0
GBElg60AnSpLvn,OK,1.534,1.593,-3.7,86.0,54.0
GBElg60AnSpTslLvn,OK,1.541,1.593,-3.2,86.0,54.0
LBElg60LtnCu,OK,1.523,1.593,-4.4,86.0,54.0
GBElg60SpryCu,OK,1.523,1.593,-4.4,86.0,54.0
LBElg60LtnMtGl,OK,1.523,1.593,-4.4,86.0,54.0
GBElg60SpryMtGl,OK,1.523,1.593,-4.4,86.0,54.0
LBElg60LtnMtSl,OK,1.523,1.593,-4.4,86.0,54.0
GBElg60SpryMtSl,OK,1.523,1.593,-4.4,86.0,54.0
GBElg60AnSpMtSl,OK,1.537,1.593,-3.5,86.0,54.0
GBElg60AnSpTslMtSl,OK,1.551,1.593,-2.6,86.0,54.0
GBElg60AnSpPnk,OK,1.534,1.593,-3.7,86.0,54.0
GBElg60AnSpTslPnk,OK,1.55,1.593,-2.7,86.0,54.0
GBElg60AnSpRed,OK,1.539,1.593,-3.4,86.0,54.0
GBElg60AnSpTslRed,OK,1.55,1.593,-2.7,86.0,54.0
GBElg60RdcrBlkLthr,OK,1.523,1.593,-4.4,86.0,54.0
GBElg60RdcrShnBlk,OK,1.523,1.593,-4.4,86.0,54.0
GBElg60RdcrBrwnLthr,OK,1.523,1.593,-4.4,86.0,54.0
GBElg60RdcrIvyLthr,OK,1.553,1.593,-2.5,86.0,54.0
GBElg60RdcrLBrwnLthr,OK,1.523,1.593,-4.4,86.0,54.0
GBElg60RdcrPnkLthr,OK,1.553,1.593,-2.5,86.0,54.0
GBElg60RdcrShnGl,OK,1.523,1.593,-4.4,86.0,54.0
GBElg60RdcrShnSl,OK,1.523,1.593,-4.4,86.0,54.0
GBElg60RdcrMtSl,OK,1.523,1.593,-4.4,86.0,54.0
GBElg60RdcrShnBlkTall,OK,1.523,1.593,-4.4,86.0,54.0
GBElg60RdcrMtSlTall,OK,1.523,1.593,-4.4,86.0,54.0
GBElg60RdcrWht,OK,1.523,1.593,-4.4,86.0,54.0
LBElg60LtnShnBlk,OK,1.523,1.593,-4.4,86.0,54.0
GBElg60SpryShnBlk,OK,1.523,1.593,-4.4,86.0,54.0
LBElg60LtnShnGl,OK,1.523,1.593,-4.4,86.0,54.0
GBElg60SpryShnGl,OK,1.523,1.593,-4.4,86.0,54.0
LBElg60LtnShnSl,OK,1.523,1.593,-4.4,86.0,54.0
GBElg60SpryShnSl,OK,1.523,1.593,-4.4,86.0,54.0
GBElg60DrpCu,OK,1.553,1.593,-2.5,86.0,54.0
GBElg60DrpGl,OK,1.549,1.593,-2.7,86.0,54.0
GBElg60DrpSl,OK,1.549,1.593,-2.7,86.0,54.0
LBElg60WhtClOvrCp,OK,1.523,1.593,-4.4,86.0,54.0
GBElg60AnSpWht,OK,1.539,1.593,-3.4,86.0,54.0
GBElg60AnSpTslWht,OK,1.546,1.593,-2.9,86.0,54.0
GBEmp100AnSpBlk,OK,2.176,2.326,-6.5,107.0,46.0
GBEmp100AnSpTslBlk,OK,2.176,2.326,-6.5,107.0,46.0
LBEmp100LtnClOvrCap,OK,2.176,2.326,-6.5,107.0,46.0
GBEmp100AnSpGl,OK,2.176,2.326,-6.5,107.0,46.0
GBEmp100AnSpTslGl,OK,2.176,2.326,-6.5,107.0,46.0
GBEmp100AnSpIvyGl,OK,2.176,2.326,-6.5,107.0,46.0
GBEmp100AnSpIvySl,OK,2.176,2.326,-6.5,107.0,46.0
GBEmp100AnSpTslIvyGl,OK,2.176,2.326,-6.5,107.0,46.0
GBEmp100AnSpTslIvySl,OK,2.176,2.326,-6.5,107.0,46.0
GBEmp100AnSpLvn,OK,2.176,2.326,-6.5,107.0,46.0
GBEmp100AnSpTslLvn,OK,2.176,2.326,-6.5,107.0,46.0
LBEmp100LtnCu,OK,2.177,2.326,-6.4,107.0,46.0
GBEmp100SpryCu,OK,2.177,2.326,-6.4,107.0,46.0
LBEmp100LtnMtGl,OK,2.176,2.326,-6.5,107.0,46.0
GBEmp100SpryMtGl,OK,2.176,2.326,-6.5,107.0,46.0
LBEmp100LtnMtSl,OK,2.176,2.326,-6.5,107.0,46.0
GBEmp100SpryMtSl,OK,2.176,2.326,-6.5,107.0,46.0
GBEmp100AnSpMtSl,OK,2.176,2.326,-6.5,107.0,46.0
GBEmp100AnSpTslMtSl,OK,2.176,2.326,-6.5,107.0,46.0
GBEmp100AnSpPnk,OK,2.176,2.326,-6.5,107.0,46.0
GBEmp100AnSpTslPnk,OK,2.176,2.326,-6.5,107.0,46.0
GBEmp100AnSpRed,OK,2.176,2.326,-6.5,107.0,46.0
GBEmp100AnSpTslRed,OK,2.176,2.326,-6.5,107.0,46.0
GBEmp100RdcrBlkLthr,OK,2.176,2.326,-6.5,107.0,46.0
GBEmp100RdcrShnBlk,OK,2.176,2.326,-6.5,107.0,46.0
GBEmp100RdcrBrwnLthr,OK,2.176,2.326,-6.5,107.0,46.0
GBEmp100RdcrIvyLthr,OK,2.176,2.326,-6.5,107.0,46.0
GBEmp100RdcrLBrwnLthr,OK,2.176,2.326,-6.5,107.0,46.0
GBEmp100RdcrPnkLthr,OK,2.176,2.326,-6.5,107.0,46.0
GBEmp100RdcrShnGl,OK,2.176,2.326,-6.5,107.0,46.0
GBEmp100RdcrShnSl,OK,2.176,2.326,-6.5,107.0,46.0
GBEmp100RdcrMtSl,OK,2.176,2.326,-6.5,107.0,46.0
GBEmp100RdcrShnBlkTall,OK,2.176,2.326,-6.5,107.0,46.0
GBEmp100RdcrMtSlTall,OK,2.176,2.326,-6.5,107.0,46.0
GBEmp100RdcrWht,OK,2.176,2.326,-6.5,107.0,46.0
LBEmp100LtnShnBlk,OK,2.176,2.326,-6.5,107.0,46.0
GBEmp100SpryShnBlk,OK,2.176,2.326,-6.5,107.0,46.0
LBEmp100LtnShnGl,OK,2.176,2.326,-6.5,107.0,46.0
GBEmp100SpryShnGl,OK,2.176,2.326,-6.5,107.0,46.0
LBEmp100LtnShnSl,OK,2.176,2.326,-6.5,107.0,46.0
GBEmp100SpryShnSl,OK,2.176,2.326,-6.5,107.0,46.0
LBEmp100WhtClOvrCp,OK,2.176,2.326,-6.5,107.0,46.0
GBEmp100AnSpWht,OK,2.176,2.326,-6.5,107.0,46.0
GBEmp100AnSpTslWht,OK,2.176,2.326,-6.5,107.0,46.0
GBEmp50AnSpBlk,OK,2.405,2.378,1.1,88.0,37.0
GBEmp50AnSpTslBlk,OK,2.405,2.378,1.1,88.0,37.0
LBEmp50LtnClOvrCap,OK,2.405,2.378,1.1,88.0,37.0
GBEmp50AnSpGl,OK,2.405,2.378,1.1,88.0,37.0
GBEmp50AnSpTslGl,OK,2.405,2.378,1.1,88.0,37.0
GBEmp50AnSpIvyGl,OK,2.405,2.378,1.1,88.0,37.0
GBEmp50AnSpIvySl,OK,2.405,2.378,1.1,88.0,37.0
GBEmp50AnSpTslIvyGl,OK,2.405,2.378,1.1,88.0,37.0
GBEmp50AnSpTslIvySl,OK,2.405,2.378,1.1,88.0,37.0
GBEmp50AnSpLvn,OK,2.405,2.378,1.1,88.0,37.0
GBEmp50AnSpTslLvn,OK,2.405,2.378,1.1,88.0,37.0
LBEmp50LtnCu,OK,2.41,2.378,1.3,88.0,37.0
GBEmp50SpryCu,OK,2.41,2.378,1.3,88.0,37.0
LBEmp50LtnMtGl,OK,2.405,2.378,1.1,88.0,37.0
GBEmp50SpryMtGl,OK,2.405,2.378,1.1,88.0,37.0
LBEmp50LtnMtSl,OK,2.405,2.378,1.1,88.0,37.0
GBEmp50SpryMtSl,OK,2.405,2.378,1.1,88.0,37.0
GBEmp50AnSpMtSl,OK,2.405,2.378,1.1,88.0,37.0
GBEmp50AnSpTslMtSl,OK,2.405,2.378,1.1,88.0,37.0
GBEmp50AnSpPnk,OK,2.405,2.378,1.1,88.0,37.0
GBEmp50AnSpTslPnk,OK,2.405,2.378,1.1,88.0,37.0
GBEmp50AnSpRed,OK,2.405,2.378,1.1,88.0,37.0
GBEmp50AnSpTslRed,OK,2.405,2.378,1.1,88.0,37.0
GBEmp50RdcrBlkLthr,OK,2.405,2.378,1.1,88.0,37.0
GBEmp50RdcrShnBlk,OK,2.405,2.378,1.1,88.0,37.0
GBEmp50RdcrBrwnLthr,OK,2.405,2.378,1.1,88.0,37.0
GBEmp50RdcrIvyLthr,OK,2.41,2.378,1.3,88.0,37.0
GBEmp50RdcrLBrwnLthr,OK,2.405,2.378,1.1,88.0,37.0
GBEmp50RdcrPnkLthr,OK,2.41,2.378,1.3,88.0,37.0
GBEmp50RdcrShnGl,OK,2.405,2.378,1.1,88.0,37.0
GBEmp50RdcrShnSl,OK,2.405,2.378,1.1,88.0,37.0
GBEmp50RdcrMtSl,OK,2.405,2.378,1.1,88.0,37.0
GBEmp50RdcrShnBlkTall,OK,2.405,2.378,1.1,88.0,37.0
GBEmp50RdcrMtSlTall,OK,2.405,2.378,1.1,88.0,37.0
GBEmp50RdcrWht,OK,2.405,2.378,1.1,88.0,37.0
LBEmp50LtnShnBlk,OK,2.405,2.378,1.1,88.0,37.0
GBEmp50SpryShnBlk,OK,2.405,2.378,1.1,88.0,37.0
LBEmp50LtnShnGl,OK,2.149,2.378,-9.6,88.0,37.0
GBEmp50SpryShnGl,OK,2.405,2.378,1.1,88.0,37.0
LBEmp50LtnShnSl,OK,2.405,2.378,1.1,88.0,37.0
GBEmp50SpryShnSl,OK,2.405,2.378,1.1,88.0,37.0
GBEmp50DrpCu,OK,2.41,2.378,1.3,88.0,37.0
GBEmp50DrpGl,OK,2.41,2.378,1.3,88.0,37.0
GBEmp50DrpSl,OK,2.41,2.378,1.3,88.0,37.0
LBEmp50WhtClOvrCp,OK,2.41,2.378,1.3,88.0,37.0
GBEmp50AnSpWht,OK,2.405,2.378,1.1,88.0,37.0
GBEmp50AnSpTslWht,OK,2.405,2.378,1.1,88.0,37.0
GBFlair15RollBlkSh,OK,1.517,1.366,11.1,56.0,41.0
GBFlair15RollBlkDot,OK,1.517,1.366,11.1,56.0,41.0
GBFlair15RollPinkDot,OK,1.517,1.366,11.1,56.0,41.0
GBFlair15RollGlSh,OK,1.517,1.366,11.1,56.0,41.0
GBFlair15RollSlSh,OK,1.517,1.366,11.1,56.0,41.0
GBFlair15RollSlDot,OK,1.517,1.366,11.1,56.0,41.0
GBFlair15SpryBlkSh,OK,1.517,1.366,11.1,56.0,41.0
GBFlair15SpryGlSh,OK,1.517,1.366,11.1,56.0,41.0
GBFlair15SprySlSh,CAPPED?,1.872,1.366,37.0,56.0,41.0
GBFlair15BlkSht,OK,1.517,1.366,11.1,56.0,41.0
GBFlair15WhtSht,OK,1.517,1.366,11.1,56.0,41.0
GBRect10RollBlkSh,OK,1.835,1.724,6.4,50.0,29.0
GBRect10RollBlkDot,OK,1.835,1.724,6.4,50.0,29.0
GBRect10RollPinkDot,OK,1.835,1.724,6.4,50.0,29.0
GBRect10RollGlSh,OK,1.835,1.724,6.4,50.0,29.0
GBRect10RollSlSh,OK,1.835,1.724,6.4,50.0,29.0
GBRect10RollSlDot,OK,1.835,1.724,6.4,50.0,29.0
GBRect10SpryBlkSh,OK,1.835,1.724,6.4,50.0,29.0
GBRect10SpryGlSh,OK,1.835,1.724,6.4,50.0,29.0
GBRect10SprySlSh,OK,1.835,1.724,6.4,50.0,29.0
GBRect10BlkSht,OK,1.835,1.724,6.4,50.0,29.0
GBRect10WhtSht,OK,1.835,1.724,6.4,50.0,29.0
GBAtom10Gl,OK,3.476,3.565,-2.5,82.0,23.0
GBAtom5Gl,OK,4.191,4.222,-0.7,76.0,18.0
GBAtom5SlimGl,OK,6.468,6.133,5.5,92.0,15.0
GBGrce55AnSpBlk,OK,2.286,2.173,5.2,113.0,52.0
GBGrce55AnSpTslBlk,OK,2.286,2.173,5.2,113.0,52.0
LBGrce55LtnClOvrCap,OK,2.286,2.173,5.2,113.0,52.0
GBGrce55AnSpGl,OK,2.286,2.173,5.2,113.0,52.0
GBGrce55AnSpTslGl,OK,2.286,2.173,5.2,113.0,52.0
GBGrce55AnSpIvyGl,OK,2.286,2.173,5.2,113.0,52.0
GBGrce55AnSpIvySl,OK,2.286,2.173,5.2,113.0,52.0
GBGrce55AnSpTslIvyGl,OK,2.286,2.173,5.2,113.0,52.0
GBGrce55AnSpTslIvySl,OK,2.286,2.173,5.2,113.0,52.0
GBGrce55AnSpLvn,OK,2.286,2.173,5.2,113.0,52.0
GBGrce55AnSpTslLvn,OK,2.286,2.173,5.2,113.0,52.0
LBGrce55LtnCu,OK,2.286,2.173,5.2,113.0,52.0
GBGrce55SpryCu,OK,2.286,2.173,5.2,113.0,52.0
LBGrce55LtnMtGl,OK,2.286,2.173,5.2,113.0,52.0
GBGrce55SpryMtGl,OK,2.286,2.173,5.2,113.0,52.0
LBGrce55LtnMtSl,OK,2.286,2.173,5.2,113.0,52.0
GBGrce55SpryMtSl,OK,2.286,2.173,5.2,113.0,52.0
GBGrce55AnSpMtSl,OK,2.286,2.173,5.2,113.0,52.0
GBGrce55AnSpTslMtSl,OK,2.286,2.173,5.2,113.0,52.0
GBGrce55AnSpPnk,OK,2.286,2.173,5.2,113.0,52.0
GBGrce55AnSpTslPnk,OK,2.286,2.173,5.2,113.0,52.0
GBGrce55AnSpRed,OK,2.286,2.173,5.2,113.0,52.0
GBGrce55AnSpTslRed,OK,2.286,2.173,5.2,113.0,52.0
GBGrce55RdcrBlkLthr,OK,2.286,2.173,5.2,113.0,52.0
GBGrce55RdcrShnBlk,OK,2.286,2.173,5.2,113.0,52.0
GBGrce55RdcrBrwnLthr,OK,2.286,2.173,5.2,113.0,52.0
GBGrce55RdcrIvyLthr,OK,2.286,2.173,5.2,113.0,52.0
GBGrce55RdcrLBrwnLthr,OK,2.286,2.173,5.2,113.0,52.0
GBGrce55RdcrPnkLthr,OK,2.286,2.173,5.2,113.0,52.0
GBGrce55RdcrShnGl,OK,2.286,2.173,5.2,113.0,52.0
GBGrce55RdcrShnSl,OK,2.286,2.173,5.2,113.0,52.0
GBGrce55RdcrMtSl,OK,2.286,2.173,5.2,113.0,52.0
GBGrce55RdcrShnBlkTall,OK,2.286,2.173,5.2,113.0,52.0
GBGrce55RdcrMtSlTall,OK,2.286,2.173,5.2,113.0,52.0
GBGrce55RdcrWht,OK,2.286,2.173,5.2,113.0,52.0
LBGrce55LtnShnBlk,OK,2.286,2.173,5.2,113.0,52.0
GBGrce55SpryShnBlk,OK,2.286,2.173,5.2,113.0,52.0
LBGrce55LtnShnGl,OK,2.286,2.173,5.2,113.0,52.0
GBGrce55SpryShnGl,OK,2.286,2.173,5.2,113.0,52.0
LBGrce55LtnShnSl,OK,2.286,2.173,5.2,113.0,52.0
GBGrce55SpryShnSl,OK,2.286,2.173,5.2,113.0,52.0
GBGrce55AnSpWht,OK,2.286,2.173,5.2,113.0,52.0
GBGrce55AnSpTslWht,OK,2.286,2.173,5.2,113.0,52.0
GBAtom10Gr,ASPECT,3.111,3.565,-12.7,82.0,23.0
GBAtom10Lv,OK,3.355,3.565,-5.9,82.0,23.0
GBAtom10Pnk,OK,3.291,3.565,-7.7,82.0,23.0
GBAtom5PnkDot,OK,3.824,4.222,-9.4,76.0,18.0
GBAtom10Red,ASPECT,3.111,3.565,-12.7,82.0,23.0
GBAtom5Red,OK,3.825,4.222,-9.4,76.0,18.0
GBRndFrst128AnSpBlk,OK,1.237,1.203,2.8,83.0,69.0
GBRndFrst128AnSpTslBlk,OK,1.229,1.203,2.2,83.0,69.0
GBRndFrst128AnSpGl,OK,1.237,1.203,2.8,83.0,69.0
GBRndFrst128AnSpTslGl,OK,1.153,1.203,-4.2,83.0,69.0
GBRndFrst128AnSpIvyGl,OK,1.237,1.203,2.8,83.0,69.0
GBRndFrst128AnSpIvySl,OK,1.237,1.203,2.8,83.0,69.0
GBRndFrst128AnSpTslIvyGl,OK,1.202,1.203,-0.1,83.0,69.0
GBRndFrst128AnSpTslIvySl,OK,1.203,1.203,-0.0,83.0,69.0
GBRndFrst128AnSpLvn,OK,1.236,1.203,2.7,83.0,69.0
GBRndFrst128AnSpTslLvn,OK,1.081,1.203,-10.1,83.0,69.0
LBRndFrst128LtnCu,OK,1.237,1.203,2.8,83.0,69.0
GBRndFrst128SpryCu,OK,1.237,1.203,2.8,83.0,69.0
LBRndFrst128LtnMtGl,OK,1.117,1.203,-7.1,83.0,69.0
GBRndFrst128SpryMtGl,OK,1.235,1.203,2.7,83.0,69.0
LBRndFrst128LtnMtSl,OK,1.234,1.203,2.6,83.0,69.0
GBRndFrst128SpryMtSl,OK,1.234,1.203,2.6,83.0,69.0
GBRndFrst128AnSpMtSl,OK,1.237,1.203,2.8,83.0,69.0
GBRndFrst128AnSpTslMtSl,OK,1.136,1.203,-5.6,83.0,69.0
GBRndFrst128AnSpPnk,OK,1.236,1.203,2.7,83.0,69.0
GBRndFrst128AnSpTslPnk,OK,1.161,1.203,-3.5,83.0,69.0
GBRndFrst128AnSpRed,OK,1.237,1.203,2.8,83.0,69.0
GBRndFrst128AnSpTslRed,OK,1.199,1.203,-0.3,83.0,69.0
GBRndFrst128RdcrBlkLthr,OK,1.235,1.203,2.7,83.0,69.0
GBRndFrst128RdcrShnBlk,OK,1.235,1.203,2.7,83.0,69.0
GBRndFrst128RdcrBrwnLthr,OK,1.235,1.203,2.7,83.0,69.0
GBRndFrst128RdcrIvyLthr,OK,1.234,1.203,2.6,83.0,69.0
GBRndFrst128RdcrLBrwnLthr,OK,1.235,1.203,2.7,83.0,69.0
GBRndFrst128RdcrPnkLthr,OK,1.234,1.203,2.6,83.0,69.0
GBRndFrst128RdcrShnGl,OK,1.235,1.203,2.7,83.0,69.0
GBRndFrst128RdcrShnSl,OK,1.235,1.203,2.7,83.0,69.0
GBRndFrst128RdcrMtSl,OK,1.235,1.203,2.7,83.0,69.0
GBRndFrst128RdcrShnBlkTall,OK,1.235,1.203,2.7,83.0,69.0
GBRndFrst128RdcrMtSlTall,OK,1.235,1.203,2.7,83.0,69.0
GBRndFrst128RdcrWht,OK,1.235,1.203,2.7,83.0,69.0
LBRndFrst128LtnShnBlk,OK,1.234,1.203,2.6,83.0,69.0
GBRndFrst128SpryShnBlk,OK,1.234,1.203,2.6,83.0,69.0
LBRndFrst128LtnShnGl,OK,1.235,1.203,2.7,83.0,69.0
GBRndFrst128SpryShnGl,OK,1.235,1.203,2.7,83.0,69.0
GBRndFrst128DrpCu,OK,1.235,1.203,2.7,83.0,69.0
GBRndFrst128DrpGl,OK,1.235,1.203,2.7,83.0,69.0
GBRndFrst128DrpSl,OK,1.235,1.203,2.7,83.0,69.0
GBRndFrst128AnSpWht,OK,1.237,1.203,2.8,83.0,69.0
GBRndFrst128AnSpTslWht,OK,1.238,1.203,3.0,83.0,69.0
GBRnd128AnSpBlk,OK,1.189,1.203,-1.2,83.0,69.0
GBRnd128AnSpTslBlk,OK,1.154,1.203,-4.0,83.0,69.0
LBRnd128LtnClOvrCap,OK,1.189,1.203,-1.2,83.0,69.0
GBRnd128AnSpGl,OK,1.189,1.203,-1.2,83.0,69.0
GBRnd128AnSpTslGl,OK,1.128,1.203,-6.2,83.0,69.0
GBRnd128AnSpIvyGl,OK,1.189,1.203,-1.2,83.0,69.0
GBRnd128AnSpIvySl,OK,1.189,1.203,-1.2,83.0,69.0
GBRnd128AnSpTslIvyGl,OK,1.134,1.203,-5.7,83.0,69.0
GBRnd128AnSpTslIvySl,OK,1.152,1.203,-4.3,83.0,69.0
GBRnd128AnSpLvn,OK,1.189,1.203,-1.2,83.0,69.0
GBRnd128AnSpTslLvn,OK,1.117,1.203,-7.1,83.0,69.0
LBRnd128LtnCu,OK,1.189,1.203,-1.2,83.0,69.0
GBRnd128SpryCu,OK,1.19,1.203,-1.1,83.0,69.0
LBRnd128LtnMtGl,OK,1.189,1.203,-1.1,83.0,69.0
GBRnd128SpryMtGl,OK,1.19,1.203,-1.0,83.0,69.0
LBRnd128LtnMtSl,OK,1.189,1.203,-1.2,83.0,69.0
GBRnd128SpryMtSl,OK,1.19,1.203,-1.1,83.0,69.0
GBRnd128AnSpMtSl,OK,1.189,1.203,-1.2,83.0,69.0
GBRnd128AnSpTslMtSl,OK,1.137,1.203,-5.4,83.0,69.0
GBRnd128AnSpPnk,OK,1.189,1.203,-1.2,83.0,69.0
GBRnd128AnSpTslPnk,OK,1.215,1.203,1.0,83.0,69.0
GBRnd128AnSpRed,OK,1.189,1.203,-1.2,83.0,69.0
GBRnd128AnSpTslRed,OK,1.16,1.203,-3.6,83.0,69.0
GBRnd128RdcrBlkLthr,OK,1.188,1.203,-1.2,83.0,69.0
GBRnd128RdcrShnBlk,OK,1.188,1.203,-1.2,83.0,69.0
GBRnd128RdcrBrwnLthr,OK,1.189,1.203,-1.1,83.0,69.0
GBRnd128RdcrIvyLthr,OK,1.188,1.203,-1.2,83.0,69.0
GBRnd128RdcrLBrwnLthr,OK,1.188,1.203,-1.2,83.0,69.0
GBRnd128RdcrPnkLthr,OK,1.188,1.203,-1.2,83.0,69.0
GBRnd128RdcrShnGl,OK,1.188,1.203,-1.2,83.0,69.0
GBRnd128RdcrShnSl,OK,1.188,1.203,-1.2,83.0,69.0
GBRnd128RdcrMtSl,OK,1.188,1.203,-1.2,83.0,69.0
GBRnd128RdcrShnBlkTall,OK,1.188,1.203,-1.2,83.0,69.0
GBRnd128RdcrMtSlTall,OK,1.188,1.203,-1.2,83.0,69.0
GBRnd128RdcrWht,OK,1.188,1.203,-1.2,83.0,69.0
LBRnd128LtnShnBlk,OK,1.189,1.203,-1.2,83.0,69.0
GBRnd128SpryShnBlk,OK,1.19,1.203,-1.1,83.0,69.0
LBRnd128LtnShnGl,OK,1.189,1.203,-1.1,83.0,69.0
GBRnd128SpryShnGl,OK,1.19,1.203,-1.1,83.0,69.0
LBRnd128LtnShnSl,OK,1.189,1.203,-1.2,83.0,69.0
GBRnd128SpryShnSl,OK,1.19,1.203,-1.1,83.0,69.0
GBRnd128DrpCu,OK,1.188,1.203,-1.2,83.0,69.0
GBRnd128DrpGl,OK,1.188,1.203,-1.2,83.0,69.0
GBRnd128DrpSl,OK,1.188,1.203,-1.2,83.0,69.0
GBRnd128AnSpWht,OK,1.189,1.203,-1.2,83.0,69.0
GBRnd128AnSpTslWht,OK,1.066,1.203,-11.4,83.0,69.0
GBRndFrst78AnSpBlk,OK,1.248,1.237,0.9,73.0,59.0
GBRndFrst78AnSpTslBlk,OK,1.103,1.237,-10.8,73.0,59.0
LBRndFrst78LtnClOvrCap,OK,1.222,1.237,-1.3,73.0,59.0
GBRndFrst78AnSpGl,OK,1.248,1.237,0.9,73.0,59.0
GBRndFrst78AnSpTslGl,OK,1.252,1.237,1.2,73.0,59.0
GBRndFrst78AnSpIvyGl,OK,1.248,1.237,0.9,73.0,59.0
GBRndFrst78AnSpIvySl,OK,1.248,1.237,0.9,73.0,59.0
GBRndFrst78AnSpTslIvyGl,OK,1.252,1.237,1.2,73.0,59.0
GBRndFrst78AnSpTslIvySl,CAPPED?,1.517,1.237,22.6,73.0,59.0
GBRndFrst78AnSpLvn,OK,1.248,1.237,0.9,73.0,59.0
GBRndFrst78AnSpTslLvn,OK,1.25,1.237,1.0,73.0,59.0
LBRndFrst78LtnCu,OK,1.212,1.237,-2.1,73.0,59.0
GBRndFrst78SpryCu,OK,1.212,1.237,-2.1,73.0,59.0
LBRndFrst78LtnMtGl,OK,1.222,1.237,-1.3,73.0,59.0
GBRndFrst78SpryMtGl,OK,1.222,1.237,-1.3,73.0,59.0
LBRndFrst78LtnMtSl,OK,1.222,1.237,-1.3,73.0,59.0
GBRndFrst78SpryMtSl,OK,1.222,1.237,-1.3,73.0,59.0
GBRndFrst78AnSpMtSl,OK,1.248,1.237,0.9,73.0,59.0
GBRndFrst78AnSpTslMtSl,OK,1.11,1.237,-10.3,73.0,59.0
GBRndFrst78AnSpPnk,OK,1.248,1.237,0.9,73.0,59.0
GBRndFrst78AnSpTslPnk,OK,1.248,1.237,0.9,73.0,59.0
GBRndFrst78AnSpRed,OK,1.248,1.237,0.9,73.0,59.0
GBRndFrst78AnSpTslRed,OK,1.248,1.237,0.9,73.0,59.0
GBRndFrst78RdcrBlkLthr,OK,1.248,1.237,0.9,73.0,59.0
GBRndFrst78RdcrShnBlk,OK,1.248,1.237,0.9,73.0,59.0
GBRndFrst78RdcrBrwnLthr,OK,1.248,1.237,0.9,73.0,59.0
GBRndFrst78RdcrIvyLthr,OK,1.248,1.237,0.9,73.0,59.0
GBRndFrst78RdcrLBrwnLthr,OK,1.248,1.237,0.9,73.0,59.0
GBRndFrst78RdcrPnkLthr,OK,1.248,1.237,0.9,73.0,59.0
GBRndFrst78RdcrShnGl,OK,1.248,1.237,0.9,73.0,59.0
GBRndFrst78RdcrShnSl,OK,1.248,1.237,0.9,73.0,59.0
GBRndFrst78RdcrMtSl,OK,1.248,1.237,0.9,73.0,59.0
GBRndFrst78RdcrShnBlkTall,OK,1.248,1.237,0.9,73.0,59.0
GBRndFrst78RdcrMtSlTall,OK,1.248,1.237,0.9,73.0,59.0
GBRndFrst78RdcrWht,OK,1.248,1.237,0.9,73.0,59.0
LBRndFrst78LtnShnBlk,OK,1.222,1.237,-1.3,73.0,59.0
GBRndFrst78SpryShnBlk,OK,1.222,1.237,-1.3,73.0,59.0
LBRndFrst78LtnShnGl,OK,1.222,1.237,-1.3,73.0,59.0
GBRndFrst78SpryShnGl,OK,1.222,1.237,-1.3,73.0,59.0
LBRndFrst78LtnShnSl,OK,1.212,1.237,-2.1,73.0,59.0
GBRndFrst78SpryShnSl,OK,1.212,1.237,-2.1,73.0,59.0
GBRndFrst78AnSpWht,OK,1.248,1.237,0.9,73.0,59.0
GBRndFrst78AnSpTslWht,OK,1.252,1.237,1.2,73.0,59.0
GBRnd78AnSpBlk,ASPECT,0.961,1.237,-22.4,73.0,59.0
GBRnd78AnSpTslBlk,OK,1.149,1.237,-7.2,73.0,59.0
LBRnd78LtnClOvrCap,OK,1.16,1.237,-6.3,73.0,59.0
GBRnd78AnSpGl,ASPECT,0.961,1.237,-22.4,73.0,59.0
GBRnd78AnSpTslGl,OK,1.153,1.237,-6.8,73.0,59.0
GBRnd78AnSpIvyGl,ASPECT,0.961,1.237,-22.4,73.0,59.0
GBRnd78AnSpIvySl,ASPECT,0.961,1.237,-22.4,73.0,59.0
GBRnd78AnSpTslIvyGl,OK,1.204,1.237,-2.7,73.0,59.0
GBRnd78AnSpTslIvySl,OK,1.204,1.237,-2.7,73.0,59.0
GBRnd78AnSpLvn,ASPECT,0.961,1.237,-22.4,73.0,59.0
GBRnd78AnSpTslLvn,ASPECT,1.037,1.237,-16.2,73.0,59.0
GBRnd78SpryCu,ASPECT,0.961,1.237,-22.4,73.0,59.0
LBRnd78LtnMtGl,ASPECT,0.961,1.237,-22.4,73.0,59.0
GBRnd78SpryMtGl,ASPECT,0.961,1.237,-22.4,73.0,59.0
LBRnd78LtnMtSl,ASPECT,0.961,1.237,-22.4,73.0,59.0
GBRnd78SpryMtSl,ASPECT,0.961,1.237,-22.4,73.0,59.0
GBRnd78AnSpMtSl,ASPECT,0.961,1.237,-22.4,73.0,59.0
GBRnd78AnSpTslMtSl,OK,1.135,1.237,-8.2,73.0,59.0
GBRnd78AnSpPnk,ASPECT,0.961,1.237,-22.4,73.0,59.0
GBRnd78AnSpTslPnk,OK,1.16,1.237,-6.2,73.0,59.0
GBRnd78AnSpRed,ASPECT,0.961,1.237,-22.4,73.0,59.0
GBRnd78AnSpTslRed,OK,1.171,1.237,-5.4,73.0,59.0
GBRnd78RdcrBlkLthr,OK,1.156,1.237,-6.6,73.0,59.0
GBRnd78RdcrShnBlk,ASPECT,0.961,1.237,-22.4,73.0,59.0
GBRnd78RdcrBrwnLthr,OK,1.171,1.237,-5.3,73.0,59.0
GBRnd78RdcrIvyLthr,ASPECT,1.075,1.237,-13.1,73.0,59.0
GBRnd78RdcrLBrwnLthr,OK,1.185,1.237,-4.2,73.0,59.0
GBRnd78RdcrPnkLthr,ASPECT,1.081,1.237,-12.7,73.0,59.0
GBRnd78RdcrShnGl,ASPECT,0.961,1.237,-22.4,73.0,59.0
GBRnd78RdcrShnSl,ASPECT,0.961,1.237,-22.4,73.0,59.0
GBRnd78RdcrMtSl,ASPECT,0.961,1.237,-22.4,73.0,59.0
GBRnd78RdcrShnBlkTall,OK,1.247,1.237,0.8,73.0,59.0
GBRnd78RdcrMtSlTall,OK,1.155,1.237,-6.7,73.0,59.0
GBRnd78RdcrWht,OK,1.227,1.237,-0.8,73.0,59.0
LBRnd78LtnShnBlk,ASPECT,0.961,1.237,-22.4,73.0,59.0
GBRnd78SpryShnBlk,ASPECT,0.961,1.237,-22.4,73.0,59.0
LBRnd78LtnShnGl,ASPECT,0.961,1.237,-22.4,73.0,59.0
GBRnd78SpryShnGl,ASPECT,0.961,1.237,-22.4,73.0,59.0
LBRnd78LtnShnSl,ASPECT,0.961,1.237,-22.4,73.0,59.0
GBRnd78SpryShnSl,ASPECT,0.961,1.237,-22.4,73.0,59.0
GBRnd78AnSpWht,ASPECT,0.961,1.237,-22.4,73.0,59.0
GBRnd78AnSpTslWht,ASPECT,1.001,1.237,-19.1,73.0,59.0
GBRoyal13RollBlkSh,OK,1.4,1.4,-0.0,56.0,40.0
GBRoyal13RollBlkDot,OK,1.4,1.4,-0.0,56.0,40.0
GBRoyal13RollPinkDot,OK,1.4,1.4,-0.0,56.0,40.0
GBRoyal13RollGlSh,OK,1.4,1.4,-0.0,56.0,40.0
GBRoyal13RollSlSh,OK,1.4,1.4,-0.0,56.0,40.0
GBRoyal13RollSlDot,OK,1.4,1.4,-0.0,56.0,40.0
GBRoyal13SpryBlkSh,OK,1.4,1.4,-0.0,56.0,40.0
GBRoyal13SpryGlSh,CAPPED?,1.717,1.4,22.7,56.0,40.0
GBRoyal13SprySlSh,OK,1.4,1.4,-0.0,56.0,40.0
GBRoyal13BlkSht,OK,1.4,1.4,-0.0,56.0,40.0
GBRoyal13WhtSht,OK,1.4,1.4,-0.0,56.0,40.0
GBAtom10Sl,OK,3.424,3.565,-4.0,82.0,23.0
GBAtom10SlDot,ASPECT,3.114,3.565,-12.6,82.0,23.0
GBAtom10SlStars,OK,3.421,3.565,-4.1,82.0,23.0
GBAtom5Sl,OK,4.255,4.222,0.8,76.0,18.0
GBAtom5SlDot,OK,3.824,4.222,-9.4,76.0,18.0
GBAtom5SlStars,OK,4.282,4.222,1.4,76.0,18.0
GBAtom5SlimSl,OK,6.757,6.133,10.2,92.0,15.0
GBSlk100AnSpBlk,OK,4.483,4.139,8.3,149.0,36.0
GBSlk100AnSpTslBlk,OK,4.483,4.139,8.3,149.0,36.0
LBSlk100LtnClOvrCap,OK,4.063,4.139,-1.8,149.0,36.0
GBSlk100AnSpGl,OK,4.483,4.139,8.3,149.0,36.0
GBSlk100AnSpTslGl,OK,4.483,4.139,8.3,149.0,36.0
GBSlk100AnSpIvyGl,OK,4.483,4.139,8.3,149.0,36.0
GBSlk100AnSpIvySl,OK,4.483,4.139,8.3,149.0,36.0
GBSlk100AnSpTslIvyGl,OK,4.483,4.139,8.3,149.0,36.0
GBSlk100AnSpTslIvySl,OK,4.483,4.139,8.3,149.0,36.0
GBSlk100AnSpLvn,OK,4.483,4.139,8.3,149.0,36.0
GBSlk100AnSpTslLvn,OK,4.483,4.139,8.3,149.0,36.0
LBSlk100LtnCu,OK,4.063,4.139,-1.8,149.0,36.0
GBSlk100SpryCu,OK,4.063,4.139,-1.8,149.0,36.0
LBSlk100LtnMtGl,OK,4.063,4.139,-1.8,149.0,36.0
GBSlk100SpryMtGl,OK,4.063,4.139,-1.8,149.0,36.0
LBSlk100LtnMtSl,OK,4.063,4.139,-1.8,149.0,36.0
GBSlk100SpryMtSl,OK,4.063,4.139,-1.8,149.0,36.0
GBSlk100AnSpMtSl,OK,4.483,4.139,8.3,149.0,36.0
GBSlk100AnSpTslMtSl,OK,4.483,4.139,8.3,149.0,36.0
GBSlk100AnSpPnk,OK,4.483,4.139,8.3,149.0,36.0
GBSlk100AnSpTslPnk,OK,4.483,4.139,8.3,149.0,36.0
GBSlk100AnSpRed,OK,4.483,4.139,8.3,149.0,36.0
GBSlk100AnSpTslRed,OK,4.483,4.139,8.3,149.0,36.0
GBSlk100RdcrBlkLthr,OK,4.063,4.139,-1.8,149.0,36.0
GBSlk100RdcrShnBlk,OK,4.063,4.139,-1.8,149.0,36.0
GBSlk100RdcrBrwnLthr,OK,4.063,4.139,-1.8,149.0,36.0
GBSlk100RdcrIvyLthr,OK,4.063,4.139,-1.8,149.0,36.0
GBSlk100RdcrLBrwnLthr,OK,4.063,4.139,-1.8,149.0,36.0
GBSlk100RdcrPnkLthr,OK,4.063,4.139,-1.8,149.0,36.0
GBSlk100RdcrShnGl,OK,4.063,4.139,-1.8,149.0,36.0
GBSlk100RdcrShnSl,OK,4.063,4.139,-1.8,149.0,36.0
GBSlk100RdcrMtSl,OK,4.063,4.139,-1.8,149.0,36.0
GBSlk100RdcrShnBlkTall,OK,4.063,4.139,-1.8,149.0,36.0
GBSlk100RdcrMtSlTall,OK,4.063,4.139,-1.8,149.0,36.0
GBSlk100RdcrWht,OK,4.063,4.139,-1.8,149.0,36.0
LBSlk100LtnShnBlk,OK,4.049,4.139,-2.2,149.0,36.0
GBSlk100SpryShnBlk,OK,4.049,4.139,-2.2,149.0,36.0
LBSlk100LtnShnGl,OK,4.063,4.139,-1.8,149.0,36.0
GBSlk100SpryShnGl,OK,4.063,4.139,-1.8,149.0,36.0
LBSlk100LtnShnSl,OK,4.063,4.139,-1.8,149.0,36.0
GBSlk100SpryShnSl,OK,4.063,4.139,-1.8,149.0,36.0
LBSlk100WhtRectClOverCap,OK,4.063,4.139,-1.8,149.0,36.0
GBSlk100AnSpWht,OK,4.483,4.139,8.3,149.0,36.0
GBSlk100AnSpTslWht,OK,4.483,4.139,8.3,149.0,36.0
GBSlk30AnSpBlk,OK,3.248,3.5,-7.2,98.0,28.0
LBSlk30LtnClOvrCap,ASPECT,2.758,3.5,-21.2,98.0,28.0
GBSlk30AnSpGl,OK,3.248,3.5,-7.2,98.0,28.0
GBSlk30AnSpIvyGl,OK,3.248,3.5,-7.2,98.0,28.0
GBSlk30AnSpIvySl,OK,3.248,3.5,-7.2,98.0,28.0
GBSlk30AnSpLvn,OK,3.248,3.5,-7.2,98.0,28.0
LBSlk30LtnCu,ASPECT,2.758,3.5,-21.2,98.0,28.0
GBSlk30SpryCu,ASPECT,2.758,3.5,-21.2,98.0,28.0
LBSlk30LtnMtGl,ASPECT,2.758,3.5,-21.2,98.0,28.0
GBSlk30SpryMtGl,ASPECT,2.758,3.5,-21.2,98.0,28.0
LBSlk30LtnMtSl,ASPECT,2.758,3.5,-21.2,98.0,28.0
GBSlk30SpryMtSl,ASPECT,2.758,3.5,-21.2,98.0,28.0
GBSlk30AnSpMtSl,OK,3.248,3.5,-7.2,98.0,28.0
GBSlk30AnSpPnk,OK,3.248,3.5,-7.2,98.0,28.0
GBSlk30AnSpRed,OK,3.248,3.5,-7.2,98.0,28.0
GBSlk30RdcrBlkLthr,OK,3.248,3.5,-7.2,98.0,28.0
GBSlk30RdcrShnBlk,OK,3.248,3.5,-7.2,98.0,28.0
GBSlk30RdcrBrwnLthr,OK,3.248,3.5,-7.2,98.0,28.0
GBSlk30RdcrIvyLthr,OK,3.248,3.5,-7.2,98.0,28.0
GBSlk30RdcrLBrwnLthr,OK,3.248,3.5,-7.2,98.0,28.0
GBSlk30RdcrPnkLthr,OK,3.248,3.5,-7.2,98.0,28.0
GBSlk30RdcrShnGl,OK,3.248,3.5,-7.2,98.0,28.0
GBSlk30RdcrShnSl,OK,3.248,3.5,-7.2,98.0,28.0
GBSlk30RdcrMtSl,OK,3.248,3.5,-7.2,98.0,28.0
GBSlk30RdcrShnBlkTall,OK,3.248,3.5,-7.2,98.0,28.0
GBSlk30RdcrMtSlTall,OK,3.248,3.5,-7.2,98.0,28.0
GBSlk30RdcrWht,OK,3.248,3.5,-7.2,98.0,28.0
LBSlk30LtnShnBlk,ASPECT,2.758,3.5,-21.2,98.0,28.0
GBSlk30SpryShnBlk,ASPECT,2.758,3.5,-21.2,98.0,28.0
LBSlk30LtnShnGl,ASPECT,2.758,3.5,-21.2,98.0,28.0
GBSlk30SpryShnGl,ASPECT,2.758,3.5,-21.2,98.0,28.0
LBSlk30LtnShnSl,ASPECT,2.758,3.5,-21.2,98.0,28.0
GBSlk30SpryShnSl,ASPECT,2.758,3.5,-21.2,98.0,28.0
GBSlk30DrpCu,OK,3.248,3.5,-7.2,98.0,28.0
GBSlk30DrpGl,OK,3.248,3.5,-7.2,98.0,28.0
GBSlk30DrpSl,OK,3.248,3.5,-7.2,98.0,28.0
LBSlk30WhtRectClOverCap,ASPECT,2.758,3.5,-21.2,98.0,28.0
GBSlk30AnSpWht,OK,3.248,3.5,-7.2,98.0,28.0
GBSlk50AnSpBlk,CAPPED?,6.506,4.964,31.0,139.0,28.0
GBSlk50AnSpTslBlk,CAPPED?,6.246,4.964,25.8,139.0,28.0
LBSlk50LtnClOvrCap,ASPECT,3.313,4.964,-33.3,139.0,28.0
GBSlk50AnSpGl,CAPPED?,6.506,4.964,31.0,139.0,28.0
GBSlk50AnSpTslGl,CAPPED?,6.481,4.964,30.6,139.0,28.0
GBSlk50AnSpIvyGl,CAPPED?,6.506,4.964,31.0,139.0,28.0
GBSlk50AnSpIvySl,CAPPED?,6.506,4.964,31.0,139.0,28.0
GBSlk50AnSpTslIvyGl,CAPPED?,6.506,4.964,31.0,139.0,28.0
GBSlk50AnSpTslIvySl,CAPPED?,6.506,4.964,31.0,139.0,28.0
GBSlk50AnSpLvn,CAPPED?,6.506,4.964,31.0,139.0,28.0
GBSlk50AnSpTslLvn,CAPPED?,6.506,4.964,31.0,139.0,28.0
LBSlk50LtnCu,ASPECT,3.313,4.964,-33.3,139.0,28.0
GBSlk50SpryCu,ASPECT,3.313,4.964,-33.3,139.0,28.0
LBSlk50LtnMtGl,CAPPED?,5.877,4.964,18.4,139.0,28.0
GBSlk50SpryMtGl,ASPECT,3.313,4.964,-33.3,139.0,28.0
LBSlk50LtnMtSl,ASPECT,3.313,4.964,-33.3,139.0,28.0
GBSlk50SpryMtSl,ASPECT,3.313,4.964,-33.3,139.0,28.0
GBSlk50AnSpMtSl,CAPPED?,6.506,4.964,31.0,139.0,28.0
GBSlk50AnSpTslMtSl,CAPPED?,6.481,4.964,30.6,139.0,28.0
GBSlk50AnSpPnk,CAPPED?,6.506,4.964,31.0,139.0,28.0
GBSlk50AnSpTslPnk,CAPPED?,6.506,4.964,31.0,139.0,28.0
GBSlk50AnSpRed,CAPPED?,6.506,4.964,31.0,139.0,28.0
GBSlk50AnSpTslRed,CAPPED?,6.535,4.964,31.6,139.0,28.0
GBSlk50RdcrBlkLthr,ASPECT,3.313,4.964,-33.3,139.0,28.0
GBSlk50RdcrShnBlk,ASPECT,3.313,4.964,-33.3,139.0,28.0
GBSlk50RdcrBrwnLthr,ASPECT,3.313,4.964,-33.3,139.0,28.0
GBSlk50RdcrIvyLthr,ASPECT,3.313,4.964,-33.3,139.0,28.0
GBSlk50RdcrLBrwnLthr,ASPECT,3.313,4.964,-33.3,139.0,28.0
GBSlk50RdcrPnkLthr,ASPECT,3.313,4.964,-33.3,139.0,28.0
GBSlk50RdcrShnGl,ASPECT,3.313,4.964,-33.3,139.0,28.0
GBSlk50RdcrShnSl,ASPECT,3.313,4.964,-33.3,139.0,28.0
GBSlk50RdcrMtSl,ASPECT,3.313,4.964,-33.3,139.0,28.0
GBSlk50RdcrShnBlkTall,ASPECT,3.313,4.964,-33.3,139.0,28.0
GBSlk50RdcrMtSlTall,ASPECT,3.313,4.964,-33.3,139.0,28.0
GBSlk50RdcrWht,ASPECT,3.313,4.964,-33.3,139.0,28.0
LBSlk50LtnShnBlk,ASPECT,3.313,4.964,-33.3,139.0,28.0
GBSlk50SpryShnBlk,ASPECT,3.313,4.964,-33.3,139.0,28.0
LBSlk50LtnShnGl,ASPECT,3.313,4.964,-33.3,139.0,28.0
GBSlk50SpryShnGl,ASPECT,3.313,4.964,-33.3,139.0,28.0
LBSlk50LtnShnSl,ASPECT,3.313,4.964,-33.3,139.0,28.0
GBSlk50SpryShnSl,ASPECT,3.313,4.964,-33.3,139.0,28.0
LBSlk50WhtRectClOverCap,ASPECT,3.313,4.964,-33.3,139.0,28.0
GBSlk50AnSpWht,CAPPED?,6.506,4.964,31.0,139.0,28.0
GBSlk50AnSpTslWht,CAPPED?,6.506,4.964,31.0,139.0,28.0
GBSleek5RollBlkSh,ASPECT,2.158,2.647,-18.5,45.0,17.0
GBSleek5RollBlkDot,ASPECT,2.158,2.647,-18.5,45.0,17.0
GBSleek5RollPinkDot,ASPECT,1.399,2.647,-47.2,45.0,17.0
GBSleek5RollGlSh,ASPECT,2.158,2.647,-18.5,45.0,17.0
GBSleek5RollSlSh,ASPECT,2.158,2.647,-18.5,45.0,17.0
GBSleek5RollSlDot,ASPECT,1.918,2.647,-27.5,45.0,17.0
GBSleek5SpryBlkSh,ASPECT,2.293,2.647,-13.4,45.0,17.0
GBSleek5SpryGlSh,ASPECT,2.294,2.647,-13.3,45.0,17.0
GBSleek5SprySlSh,ASPECT,1.919,2.647,-27.5,45.0,17.0
GBSleek5BlkSht,ASPECT,1.826,2.647,-31.0,45.0,17.0
GBSleek5WhtSht,ASPECT,1.826,2.647,-31.0,45.0,17.0
GBSleek8RollBlkSh,OK,3.722,3.882,-4.1,66.0,17.0
GBSleek8RollBlkDot,OK,3.722,3.882,-4.1,66.0,17.0
GBSleek8RollPinkDot,OK,3.722,3.882,-4.1,66.0,17.0
GBSleek8RollGlSh,OK,3.722,3.882,-4.1,66.0,17.0
GBSleek8RollSlSh,OK,3.722,3.882,-4.1,66.0,17.0
GBSleek8RollSlDot,OK,3.722,3.882,-4.1,66.0,17.0
GBSleek8SpryBlkSh,CAPPED?,4.656,3.882,19.9,66.0,17.0
GBSleek8SpryGlSh,CAPPED?,4.636,3.882,19.4,66.0,17.0
GBSleek8SprySlSh,CAPPED?,4.579,3.882,17.9,66.0,17.0
GBSleek8BlkSht,OK,3.722,3.882,-4.1,66.0,17.0
GBSleek8WhtSht,OK,3.722,3.882,-4.1,66.0,17.0
GBSlm100AnSpBlk,CAPPED?,4.867,4.162,16.9,154.0,37.0
GBSlm100AnSpTslBlk,CAPPED?,4.867,4.162,16.9,154.0,37.0
LBSlm100MtSlClOvrCap,CAPPED?,4.879,4.162,17.2,154.0,37.0
GBSlm100AnSpGl,CAPPED?,4.87,4.162,17.0,154.0,37.0
GBSlm100AnSpTslGl,CAPPED?,4.867,4.162,16.9,154.0,37.0
GBSlm100AnSpIvyGl,CAPPED?,4.87,4.162,17.0,154.0,37.0
GBSlm100AnSpIvySl,CAPPED?,4.87,4.162,17.0,154.0,37.0
GBSlm100AnSpTslIvyGl,CAPPED?,4.87,4.162,17.0,154.0,37.0
GBSlm100AnSpTslIvySl,CAPPED?,4.865,4.162,16.9,154.0,37.0
GBSlm100AnSpLvn,CAPPED?,4.87,4.162,17.0,154.0,37.0
GBSlm100AnSpTslLvn,CAPPED?,4.87,4.162,17.0,154.0,37.0
LBSlm100LtnCu,CAPPED?,4.879,4.162,17.2,154.0,37.0
GBSlm100SpryCu,CAPPED?,4.879,4.162,17.2,154.0,37.0
LBSlm100LtnMtGl,CAPPED?,4.879,4.162,17.2,154.0,37.0
GBSlm100SpryMtGl,CAPPED?,4.879,4.162,17.2,154.0,37.0
LBSlm100LtnMtSl,CAPPED?,4.879,4.162,17.2,154.0,37.0
GBSlm100SpryMtSl,CAPPED?,4.872,4.162,17.1,154.0,37.0
GBSlm100AnSpMtSl,CAPPED?,4.87,4.162,17.0,154.0,37.0
GBSlm100AnSpTslMtSl,CAPPED?,4.865,4.162,16.9,154.0,37.0
GBSlm100AnSpPnk,CAPPED?,4.87,4.162,17.0,154.0,37.0
GBSlm100AnSpTslPnk,CAPPED?,4.87,4.162,17.0,154.0,37.0
GBSlm100AnSpRed,CAPPED?,4.87,4.162,17.0,154.0,37.0
GBSlm100AnSpTslRed,CAPPED?,4.87,4.162,17.0,154.0,37.0
GBSlm100RdcrBlkLthr,CAPPED?,4.876,4.162,17.2,154.0,37.0
GBSlm100RdcrShnBlk,CAPPED?,4.876,4.162,17.2,154.0,37.0
GBSlm100RdcrBrwnLthr,CAPPED?,4.876,4.162,17.2,154.0,37.0
GBSlm100RdcrIvyLthr,CAPPED?,4.867,4.162,16.9,154.0,37.0
GBSlm100RdcrLBrwnLthr,CAPPED?,4.876,4.162,17.2,154.0,37.0
GBSlm100RdcrPnkLthr,CAPPED?,4.87,4.162,17.0,154.0,37.0
GBSlm100RdcrShnGl,CAPPED?,4.876,4.162,17.2,154.0,37.0
GBSlm100RdcrShnSl,CAPPED?,4.876,4.162,17.2,154.0,37.0
GBSlm100RdcrMtSl,CAPPED?,4.876,4.162,17.2,154.0,37.0
GBSlm100RdcrShnBlkTall,CAPPED?,4.876,4.162,17.2,154.0,37.0
GBSlm100RdcrMtSlTall,CAPPED?,4.876,4.162,17.2,154.0,37.0
GBSlm100RdcrWht,CAPPED?,4.876,4.162,17.2,154.0,37.0
LBSlm100LtnShnBlk,CAPPED?,4.879,4.162,17.2,154.0,37.0
GBSlm100SpryShnBlk,CAPPED?,4.879,4.162,17.2,154.0,37.0
LBSlm100LtnShnGl,CAPPED?,4.879,4.162,17.2,154.0,37.0
GBSlm100SpryShnGl,CAPPED?,4.879,4.162,17.2,154.0,37.0
LBSlm100LtnShnSl,CAPPED?,4.879,4.162,17.2,154.0,37.0
GBSlm100SpryShnSl,CAPPED?,4.879,4.162,17.2,154.0,37.0
GBSlm100AnSpWht,CAPPED?,4.87,4.162,17.0,154.0,37.0
GBSlm100AnSpTslWht,CAPPED?,4.87,4.162,17.0,154.0,37.0
GBSlm30AnSpBlk,OK,3.017,2.9,4.0,87.0,30.0
LBSlm30LtnClOvrCap,OK,3.017,2.9,4.0,87.0,30.0
GBSlm30AnSpGl,OK,3.025,2.9,4.3,87.0,30.0
GBSlm30AnSpIvyGl,OK,3.017,2.9,4.0,87.0,30.0
GBSlm30AnSpIvySl,OK,3.017,2.9,4.0,87.0,30.0
GBSlm30AnSpLvn,OK,3.017,2.9,4.0,87.0,30.0
LBSlm30LtnCu,OK,3.04,2.9,4.8,87.0,30.0
GBSlm30SpryCu,OK,3.047,2.9,5.1,87.0,30.0
LBSlm30LtnMtGl,OK,3.017,2.9,4.0,87.0,30.0
GBSlm30SpryMtGl,OK,3.017,2.9,4.0,87.0,30.0
LBSlm30LtnMtSl,OK,3.017,2.9,4.0,87.0,30.0
GBSlm30SpryMtSl,OK,3.017,2.9,4.0,87.0,30.0
GBSlm30AnSpMtSl,OK,3.025,2.9,4.3,87.0,30.0
GBSlm30AnSpPnk,OK,3.032,2.9,4.6,87.0,30.0
GBSlm30AnSpRed,OK,3.017,2.9,4.0,87.0,30.0
GBSlm30RdcrBlkLthr,OK,3.017,2.9,4.0,87.0,30.0
GBSlm30RdcrShnBlk,OK,3.017,2.9,4.0,87.0,30.0
GBSlm30RdcrBrwnLthr,OK,3.017,2.9,4.0,87.0,30.0
GBSlm30RdcrIvyLthr,OK,3.047,2.9,5.1,87.0,30.0
GBSlm30RdcrLBrwnLthr,OK,3.017,2.9,4.0,87.0,30.0
GBSlm30RdcrPnkLthr,OK,3.04,2.9,4.8,87.0,30.0
GBSlm30RdcrShnGl,OK,3.017,2.9,4.0,87.0,30.0
GBSlm30RdcrShnSl,OK,3.017,2.9,4.0,87.0,30.0
GBSlm30RdcrMtSl,OK,3.017,2.9,4.0,87.0,30.0
GBSlm30RdcrShnBlkTall,OK,3.017,2.9,4.0,87.0,30.0
GBSlm30RdcrMtSlTall,OK,3.017,2.9,4.0,87.0,30.0
GBSlm30RdcrWht,OK,3.017,2.9,4.0,87.0,30.0
LBSlm30LtnShnBlk,OK,3.017,2.9,4.0,87.0,30.0
GBSlm30SpryShnBlk,OK,3.017,2.9,4.0,87.0,30.0
LBSlm30LtnShnGl,OK,3.017,2.9,4.0,87.0,30.0
GBSlm30SpryShnGl,OK,3.017,2.9,4.0,87.0,30.0
LBSlm30LtnShnSl,OK,3.032,2.9,4.6,87.0,30.0
GBSlm30SpryShnSl,OK,3.017,2.9,4.0,87.0,30.0
GBSlm30DrpCu,OK,3.04,2.9,4.8,87.0,30.0
GBSlm30DrpGl,OK,3.032,2.9,4.6,87.0,30.0
GBSlm30DrpSl,OK,3.032,2.9,4.6,87.0,30.0
GBSlm30AnSpWht,OK,3.017,2.9,4.0,87.0,30.0
GBSlm50AnSpBlk,OK,3.493,3.903,-10.5,121.0,31.0
GBSlm50AnSpTslBlk,OK,3.535,3.903,-9.4,121.0,31.0
LBSlm50LtnClOvrCap,OK,3.485,3.903,-10.7,121.0,31.0
GBSlm50AnSpGl,OK,3.493,3.903,-10.5,121.0,31.0
GBSlm50AnSpTslGl,OK,3.543,3.903,-9.2,121.0,31.0
GBSlm50AnSpIvyGl,OK,3.493,3.903,-10.5,121.0,31.0
GBSlm50AnSpIvySl,OK,3.493,3.903,-10.5,121.0,31.0
GBSlm50AnSpTslIvyGl,OK,3.51,3.903,-10.1,121.0,31.0
GBSlm50AnSpTslIvySl,OK,3.51,3.903,-10.1,121.0,31.0
GBSlm50AnSpLvn,OK,3.493,3.903,-10.5,121.0,31.0
GBSlm50AnSpTslLvn,OK,3.51,3.903,-10.1,121.0,31.0
LBSlm50LtnCu,OK,3.535,3.903,-9.4,121.0,31.0
GBSlm50SpryCu,OK,3.543,3.903,-9.2,121.0,31.0
LBSlm50LtnMtGl,OK,3.485,3.903,-10.7,121.0,31.0
GBSlm50SpryMtGl,OK,3.485,3.903,-10.7,121.0,31.0
LBSlm50LtnMtSl,OK,3.485,3.903,-10.7,121.0,31.0
GBSlm50SpryMtSl,OK,3.493,3.903,-10.5,121.0,31.0
GBSlm50AnSpMtSl,OK,3.493,3.903,-10.5,121.0,31.0
GBSlm50AnSpTslMtSl,OK,3.543,3.903,-9.2,121.0,31.0
GBSlm50AnSpPnk,OK,3.501,3.903,-10.3,121.0,31.0
GBSlm50AnSpTslPnk,OK,3.51,3.903,-10.1,121.0,31.0
GBSlm50AnSpRed,OK,3.493,3.903,-10.5,121.0,31.0
GBSlm50AnSpTslRed,OK,3.526,3.903,-9.7,121.0,31.0
GBSlm50RdcrBlkLthr,OK,3.485,3.903,-10.7,121.0,31.0
GBSlm50RdcrShnBlk,OK,3.485,3.903,-10.7,121.0,31.0
GBSlm50RdcrBrwnLthr,OK,3.485,3.903,-10.7,121.0,31.0
GBSlm50RdcrIvyLthr,OK,3.535,3.903,-9.4,121.0,31.0
GBSlm50RdcrLBrwnLthr,OK,3.485,3.903,-10.7,121.0,31.0
GBSlm50RdcrPnkLthr,OK,3.535,3.903,-9.4,121.0,31.0
GBSlm50RdcrShnGl,OK,3.485,3.903,-10.7,121.0,31.0
GBSlm50RdcrShnSl,OK,3.485,3.903,-10.7,121.0,31.0
GBSlm50RdcrMtSl,OK,3.485,3.903,-10.7,121.0,31.0
GBSlm50RdcrShnBlkTall,OK,3.485,3.903,-10.7,121.0,31.0
GBSlm50RdcrMtSlTall,OK,3.485,3.903,-10.7,121.0,31.0
GBSlm50RdcrWht,OK,3.485,3.903,-10.7,121.0,31.0
LBSlm50LtnShnBlk,OK,3.485,3.903,-10.7,121.0,31.0
GBSlm50SpryShnBlk,OK,3.485,3.903,-10.7,121.0,31.0
LBSlm50LtnShnGl,OK,3.485,3.903,-10.7,121.0,31.0
GBSlm50SpryShnGl,OK,3.485,3.903,-10.7,121.0,31.0
LBSlm50LtnShnSl,OK,3.493,3.903,-10.5,121.0,31.0
GBSlm50SpryShnSl,OK,3.501,3.903,-10.3,121.0,31.0
GBSlm50AnSpWht,OK,3.493,3.903,-10.5,121.0,31.0
GBSlm50AnSpTslWht,OK,3.51,3.903,-10.1,121.0,31.0
GBSqr15RollBlkSh,OK,1.937,2.0,-3.1,52.0,26.0
GBSqr15RollBlkDot,OK,1.937,2.0,-3.1,52.0,26.0
GBSqr15RollPinkDot,OK,1.937,2.0,-3.1,52.0,26.0
GBSqr15RollGlSh,OK,1.937,2.0,-3.1,52.0,26.0
GBSqr15RollSlSh,OK,1.937,2.0,-3.1,52.0,26.0
GBSqr15RollSlDot,OK,1.937,2.0,-3.1,52.0,26.0
GBSqr15SpryBlkSh,OK,1.937,2.0,-3.1,52.0,26.0
GBSqr15SpryGlSh,OK,1.937,2.0,-3.1,52.0,26.0
GBSqr15SprySlSh,OK,1.937,2.0,-3.1,52.0,26.0
GBSqr15BlkSht,OK,1.937,2.0,-3.1,52.0,26.0
GBSqr15WhtSht,OK,1.937,2.0,-3.1,52.0,26.0
GBTallCyl9RollBlkSh,OK,5.352,5.889,-9.1,106.0,18.0
GBTallCyl9RollBlkDot,OK,5.352,5.889,-9.1,106.0,18.0
GBTallCyl9RollPinkDot,OK,5.352,5.889,-9.1,106.0,18.0
GBTallCyl9RollGlSh,OK,5.352,5.889,-9.1,106.0,18.0
GBTallCyl9RollSlSh,OK,5.352,5.889,-9.1,106.0,18.0
GBTallCyl9RollSlDot,OK,5.352,5.889,-9.1,106.0,18.0
GBTallCyl9SpryBlkSh,OK,6.18,5.889,4.9,106.0,18.0
GBTallCyl9SpryGlSh,OK,6.197,5.889,5.2,106.0,18.0
GBTallCyl9SprySlSh,OK,5.352,5.889,-9.1,106.0,18.0
GBTallCyl9BlkSht,OK,5.352,5.889,-9.1,106.0,18.0
GBTallCyl9WhtSht,OK,5.352,5.889,-9.1,106.0,18.0
GBTallRect10RollBlkSh,OK,5.763,5.941,-3.0,101.0,17.0
GBTallRect10RollBlkDot,OK,5.763,5.941,-3.0,101.0,17.0
GBTallRect10RollPinkDot,OK,5.763,5.941,-3.0,101.0,17.0
GBTallRect10RollGlSh,OK,5.763,5.941,-3.0,101.0,17.0
GBTallRect10RollSlSh,OK,5.763,5.941,-3.0,101.0,17.0
GBTallRect10RollSlDot,OK,5.763,5.941,-3.0,101.0,17.0
GBTallRect10SpryBlkSh,CAPPED?,6.691,5.941,12.6,101.0,17.0
GBTallRect10SpryGlSh,CAPPED?,6.676,5.941,12.4,101.0,17.0
GBTallRect10SprySlSh,CAPPED?,6.657,5.941,12.0,101.0,17.0
GBTallRect10BlkSht,OK,5.763,5.941,-3.0,101.0,17.0
GBTallRect10WhtSht,OK,5.763,5.941,-3.0,101.0,17.0
GBTulipAmb5RollBlkSh,OK,1.907,1.957,-2.5,45.0,23.0
GBTulipAmb5RollPinkDot,OK,1.907,1.957,-2.5,45.0,23.0
GBTulipAmb5RollGlSh,OK,1.907,1.957,-2.5,45.0,23.0
GBTulipAmb5RollSlSh,OK,1.907,1.957,-2.5,45.0,23.0
GBTulipAmb5RollSlDot,OK,1.907,1.957,-2.5,45.0,23.0
GBTulipAmb5SpryBlkSh,OK,1.907,1.957,-2.5,45.0,23.0
GBTulipAmb5SpryGlSh,OK,1.907,1.957,-2.5,45.0,23.0
GBTulipAmb5SprySlSh,OK,1.907,1.957,-2.5,45.0,23.0
GBTulipAmb5BlkSht,OK,1.907,1.957,-2.5,45.0,23.0
GBTulipAmb5WhtSht,OK,1.907,1.957,-2.5,45.0,23.0
GBTulip6RollBlkDot,ASPECT,1.407,1.957,-28.1,45.0,23.0
