grace_sku,body_id,neck_finish,shape
GBEternalFlameClear,EternalFlame-unknown-na-44x63,,unknown
CJFrstdPlsBlkPls2oz,dPlsBlkPls-round-na-51x59,,round
Alu65mlLotionPumpBlack,LotionPumpBl-round-20-410-94x36,20-410,round
Alu65mlLotionPumpWhite,LotionPumpBl-round-20-410-94x36,20-410,round
GBHeartFrst4KeyGld,Heart-boxy-na-46x32x12,,boxy
GBHeartFrst4TslRed,Heart-boxy-na-46x32x12,,boxy
GB1ozGenieBl,GenieBl-round-na-77x42,,round
GB1ozGenieCl,GenieBl-round-na-77x42,,round
GBSQSTBlue,SQSTe-unknown-na-47x24,,unknown
GBSQSTGREEN,SQSTe-unknown-na-47x24,,unknown
GBTRDPClear,TRDP-unknown-na-43x31,,unknown
PB1ozClearcap,cap-unknown-13-415-68x28,13-415,unknown
GBVAmb1DrmBlkDropper,V-round-13-425-45x15,13-425,round
GBVAmb1DrmBlackCapSht,V-round-13-425-45x15,13-425,round
GBVAmb1DrmWhtCapSht,V-round-13-425-45x15,13-425,round
GBVBlu1DrmBlkDropper,V-round-13-425-45x15,13-425,round
GBVBlu1DrmBlackCapSht,V-round-13-425-45x15,13-425,round
GBVBlu1DrmWhtCapSht,V-round-13-425-45x15,13-425,round
GBV1DrmBlkDropper,V-round-13-425-45x15,13-425,round
GBVial1DrmBlackCapSht,V-round-13-425-45x15,13-425,round
GBVial1DrmWhtCapSht,V-round-13-425-45x15,13-425,round
GBVGr1DrmBlkDropper,V-round-13-425-45x15,13-425,round
GBVGr1DrmBlackCapSht,V-round-13-425-45x15,13-425,round
GBVGr1DrmWhtCapSht,V-round-13-425-45x15,13-425,round
GBVAmb1o5WhtCapSht,V-round-13-425-22x16,13-425,round
GBVAmb2BlackCap,V-round-8-425-35x12,8-425,round
GBVAmb2WhtCap,V-round-8-425-35x12,8-425,round
GBVClr2mlBlackCap,V-round-8-425-35x12,8-425,round
GBVClr2mlWhtCap,V-round-8-425-35x12,8-425,round
GBAtom10Blk,Atom-round-na-82x23,,round
GBAtom10BlkDot,Atom-round-na-82x23,,round
GBAtom10Blu,Atom-round-na-82x23,,round
GBAtom10Gl,Atom-round-na-82x23,,round
GBAtom10Lv,Atom-round-na-82x23,,round
GBAtom10Pnk,Atom-round-na-82x23,,round
GBAtom10Sl,Atom-round-na-82x23,,round
GBAtom10SlStars,Atom-round-na-82x23,,round
GBAtom5SlimBlk,Atom-round-na-92x15,,round
GBAtom5SlimGl,Atom-round-na-92x15,,round
GBAtom5SlimSl,Atom-round-na-92x15,,round
GBAtom5Blu,Atom-round-na-76x18,,round
GBAtom5Gl,Atom-round-na-76x18,,round
GBAtom5PnkDot,Atom-round-na-76x18,,round
GBAtom5Red,Atom-round-na-76x18,,round
GBAtom5Sl,Atom-round-na-76x18,,round
GBAtom5SlDot,Atom-round-na-76x18,,round
GBAtom5SlStars,Atom-round-na-76x18,,round
GBCrclFrst100AnSpBlk,Cr-boxy-18-415-105x89x29,18-415,boxy
LBCrclFrst100LtnClOvrCap,Cr-boxy-18-415-105x89x29,18-415,boxy
GBCrclFrst100AnSpGl,Cr-boxy-18-415-105x89x29,18-415,boxy
GBCrclFrst100AnSpTslGl,Cr-boxy-18-415-105x89x29,18-415,boxy
GBCrclFrst100AnSpIvyGl,Cr-boxy-18-415-105x89x29,18-415,boxy
GBCrclFrst100AnSpIvySl,Cr-boxy-18-415-105x89x29,18-415,boxy
GBCrclFrst100AnSpTslIvyGl,Cr-boxy-18-415-105x89x29,18-415,boxy
GBCrclFrst100AnSpTslIvySl,Cr-boxy-18-415-105x89x29,18-415,boxy
GBCrclFrst100AnSpLvn,Cr-boxy-18-415-105x89x29,18-415,boxy
GBCrclFrst100AnSpTslLvn,Cr-boxy-18-415-105x89x29,18-415,boxy
LBCrclFrst100LtnCu,Cr-boxy-18-415-105x89x29,18-415,boxy
GBCrclFrst100SpryCu,Cr-boxy-18-415-105x89x29,18-415,boxy
LBCrclFrst100LtnMtGl,Cr-boxy-18-415-105x89x29,18-415,boxy
GBCrclFrst100SpryMtGl,Cr-boxy-18-415-105x89x29,18-415,boxy
LBCrclFrst100LtnMtSl,Cr-boxy-18-415-105x89x29,18-415,boxy
GBCrclFrst100SpryMtSl,Cr-boxy-18-415-105x89x29,18-415,boxy
GBCrclFrst100AnSpMtSl,Cr-boxy-18-415-105x89x29,18-415,boxy
GBCrclFrst100AnSpTslMtSl,Cr-boxy-18-415-105x89x29,18-415,boxy
GBCrclFrst100AnSpPnk,Cr-boxy-18-415-105x89x29,18-415,boxy
GBCrclFrst100AnSpTslPnk,Cr-boxy-18-415-105x89x29,18-415,boxy
GBCrclFrst100AnSpRed,Cr-boxy-18-415-105x89x29,18-415,boxy
GBCrclFrst100RdcrBlkLthr,Cr-boxy-18-415-105x89x29,18-415,boxy
GBCrclFrst100RdcrShnBlk,Cr-boxy-18-415-105x89x29,18-415,boxy
GBCrclFrst100RdcrBrwnLthr,Cr-boxy-18-415-105x89x29,18-415,boxy
GBCrclFrst100RdcrIvyLthr,Cr-boxy-18-415-105x89x29,18-415,boxy
GBCrclFrst100RdcrLBrwnLthr,Cr-boxy-18-415-105x89x29,18-415,boxy
GBCrclFrst100RdcrPnkLthr,Cr-boxy-18-415-105x89x29,18-415,boxy
GBCrclFrst100RdcrShnGl,Cr-boxy-18-415-105x89x29,18-415,boxy
GBCrclFrst100RdcrShnSl,Cr-boxy-18-415-105x89x29,18-415,boxy
GBCrclFrst100RdcrMtSl,Cr-boxy-18-415-105x89x29,18-415,boxy
GBCrclFrst100RdcrShnBlkTall,Cr-boxy-18-415-105x89x29,18-415,boxy
GBCrclFrst100RdcrMtSlTall,Cr-boxy-18-415-105x89x29,18-415,boxy
GBCrclFrst100RdcrWht,Cr-boxy-18-415-105x89x29,18-415,boxy
LBCrclFrst100LtnShnBlk,Cr-boxy-18-415-105x89x29,18-415,boxy
GBCrclFrst100SpryShnBlk,Cr-boxy-18-415-105x89x29,18-415,boxy
LBCrclFrst100LtnShnGl,Cr-boxy-18-415-105x89x29,18-415,boxy
GBCrclFrst100SpryShnGl,Cr-boxy-18-415-105x89x29,18-415,boxy
LBCrclFrst100LtnShnSl,Cr-boxy-18-415-105x89x29,18-415,boxy
GBCrclFrst100SpryShnSl,Cr-boxy-18-415-105x89x29,18-415,boxy
GBCrclFrst100AnSpWht,Cr-boxy-18-415-105x89x29,18-415,boxy
GBCrclFrst100AnSpTslWht,Cr-boxy-18-415-105x89x29,18-415,boxy
GBCrcl100AnSpBlk,Cr-boxy-18-415-105x89x29,18-415,boxy
GBCrcl100AnSpTslBlk,Cr-boxy-18-415-105x89x29,18-415,boxy
LBCrcl100LtnClOvrCap,Cr-boxy-18-415-105x89x29,18-415,boxy
GBCrcl100AnSpGl,Cr-boxy-18-415-105x89x29,18-415,boxy
GBCrcl100AnSpTslGl,Cr-boxy-18-415-105x89x29,18-415,boxy
GBCrcl100AnSpIvyGl,Cr-boxy-18-415-105x89x29,18-415,boxy
GBCrcl100AnSpIvySl,Cr-boxy-18-415-105x89x29,18-415,boxy
GBCrcl100AnSpTslIvyGl,Cr-boxy-18-415-105x89x29,18-415,boxy
GBCrcl100AnSpTslIvySl,Cr-boxy-18-415-105x89x29,18-415,boxy
GBCrcl100AnSpLvn,Cr-boxy-18-415-105x89x29,18-415,boxy
GBCrcl100AnSpTslLvn,Cr-boxy-18-415-105x89x29,18-415,boxy
LBCrcl100LtnCu,Cr-boxy-18-415-105x89x29,18-415,boxy
GBCrcl100SpryCu,Cr-boxy-18-415-105x89x29,18-415,boxy
LBCrcl100LtnMtGl,Cr-boxy-18-415-105x89x29,18-415,boxy
GBCrcl100SpryMtGl,Cr-boxy-18-415-105x89x29,18-415,boxy
LBCrcl100LtnMtSl,Cr-boxy-18-415-105x89x29,18-415,boxy
GBCrcl100SpryMtSl,Cr-boxy-18-415-105x89x29,18-415,boxy
GBCrcl100AnSpMtSl,Cr-boxy-18-415-105x89x29,18-415,boxy
GBCrcl100AnSpTslMtSl,Cr-boxy-18-415-105x89x29,18-415,boxy
GBCrcl100AnSpPnk,Cr-boxy-18-415-105x89x29,18-415,boxy
GBCrcl100AnSpTslPnk,Cr-boxy-18-415-105x89x29,18-415,boxy
GBCrcl100AnSpRed,Cr-boxy-18-415-105x89x29,18-415,boxy
GBCrcl100AnSpTslRed,Cr-boxy-18-415-105x89x29,18-415,boxy
GBCrcl100RdcrBlkLthr,Cr-boxy-18-415-105x89x29,18-415,boxy
GBCrcl100RdcrShnBlk,Cr-boxy-18-415-105x89x29,18-415,boxy
GBCrcl100RdcrBrwnLthr,Cr-boxy-18-415-105x89x29,18-415,boxy
GBCrcl100RdcrIvyLthr,Cr-boxy-18-415-105x89x29,18-415,boxy
GBCrcl100RdcrLBrwnLthr,Cr-boxy-18-415-105x89x29,18-415,boxy
GBCrcl100RdcrPnkLthr,Cr-boxy-18-415-105x89x29,18-415,boxy
GBCrcl100RdcrShnGl,Cr-boxy-18-415-105x89x29,18-415,boxy
GBCrcl100RdcrShnSl,Cr-boxy-18-415-105x89x29,18-415,boxy
GBCrcl100RdcrMtSl,Cr-boxy-18-415-105x89x29,18-415,boxy
GBCrcl100RdcrShnBlkTall,Cr-boxy-18-415-105x89x29,18-415,boxy
GBCrcl100RdcrMtSlTall,Cr-boxy-18-415-105x89x29,18-415,boxy
GBCrcl100RdcrWht,Cr-boxy-18-415-105x89x29,18-415,boxy
LBCrcl100LtnShnBlk,Cr-boxy-18-415-105x89x29,18-415,boxy
GBCrcl100SpryShnBlk,Cr-boxy-18-415-105x89x29,18-415,boxy
LBCrcl100LtnShnGl,Cr-boxy-18-415-105x89x29,18-415,boxy
GBCrcl100SpryShnGl,Cr-boxy-18-415-105x89x29,18-415,boxy
LBCrcl100LtnShnSl,Cr-boxy-18-415-105x89x29,18-415,boxy
GBCrcl100SpryShnSl,Cr-boxy-18-415-105x89x29,18-415,boxy
GBCrcl100AnSpWht,Cr-boxy-18-415-105x89x29,18-415,boxy
GBCrcl100AnSpTslWht,Cr-boxy-18-415-105x89x29,18-415,boxy
GBCrcl15RollBlkSh,Cr-round-13-415-60x50x17,13-415,round
GBCrcl15RollBlkDot,Cr-round-13-415-60x50x17,13-415,round
GBCrcl15RollPinkDot,Cr-round-13-415-60x50x17,13-415,round
GBCrcl15RollGlSh,Cr-round-13-415-60x50x17,13-415,round
GBCrcl15RollSlSh,Cr-round-13-415-60x50x17,13-415,round
GBCrcl15RollSlDot,Cr-round-13-415-60x50x17,13-415,round
GBCrcl15SpryBlkSh,Cr-round-13-415-60x50x17,13-415,round
GBCrcl15SpryGlSh,Cr-round-13-415-60x50x17,13-415,round
GBCrcl15SprySlSh,Cr-round-13-415-60x50x17,13-415,round
GBCrcl15BlkSht,Cr-round-13-415-60x50x17,13-415,round
GBCrcl15WhtSht,Cr-round-13-415-60x50x17,13-415,round
GBCrcl30GlCap,Cr-boxy-15-415-74x60x20,15-415,boxy
GBCrcl30SlCap,Cr-boxy-15-415-74x60x20,15-415,boxy
GBCrcl30SpryBlk,Cr-boxy-15-415-74x60x20,15-415,boxy
GBCrcl30SpryMattGl,Cr-boxy-15-415-74x60x20,15-415,boxy
GBCrcl30SpryMattSl,Cr-boxy-15-415-74x60x20,15-415,boxy
GBCrcl30SpryShnGl,Cr-boxy-15-415-74x60x20,15-415,boxy
GBCrcl30SpryShSl,Cr-boxy-15-415-74x60x20,15-415,boxy
GBCrclFrst50AnSpBlk,Cr-boxy-18-415-87x72x23,18-415,boxy
GBCrclFrst50AnSpGl,Cr-boxy-18-415-87x72x23,18-415,boxy
GBCrclFrst50AnSpIvyGl,Cr-boxy-18-415-87x72x23,18-415,boxy
GBCrclFrst50AnSpIvySl,Cr-boxy-18-415-87x72x23,18-415,boxy
GBCrclFrst50AnSpLvn,Cr-boxy-18-415-87x72x23,18-415,boxy
GBCrclFrst50SpryCu,Cr-boxy-18-415-87x72x23,18-415,boxy
GBCrclFrst50SpryMtGl,Cr-boxy-18-415-87x72x23,18-415,boxy
GBCrclFrst50SpryMtSl,Cr-boxy-18-415-87x72x23,18-415,boxy
GBCrclFrst50AnSpMtSl,Cr-boxy-18-415-87x72x23,18-415,boxy
GBCrclFrst50AnSpPnk,Cr-boxy-18-415-87x72x23,18-415,boxy
GBCrclFrst50AnSpRed,Cr-boxy-18-415-87x72x23,18-415,boxy
GBCrclFrst50RdcrBlkLthr,Cr-boxy-18-415-87x72x23,18-415,boxy
GBCrclFrst50RdcrShnBlk,Cr-boxy-18-415-87x72x23,18-415,boxy
GBCrclFrst50RdcrBrwnLthr,Cr-boxy-18-415-87x72x23,18-415,boxy
GBCrclFrst50RdcrLBrwnLthr,Cr-boxy-18-415-87x72x23,18-415,boxy
GBCrclFrst50RdcrPnkLthr,Cr-boxy-18-415-87x72x23,18-415,boxy
GBCrclFrst50RdcrShnGl,Cr-boxy-18-415-87x72x23,18-415,boxy
GBCrclFrst50RdcrShnSl,Cr-boxy-18-415-87x72x23,18-415,boxy
GBCrclFrst50RdcrShnBlkTall,Cr-boxy-18-415-87x72x23,18-415,boxy
GBCrclFrst50RdcrMtSl,Cr-boxy-18-415-87x72x23,18-415,boxy
GBCrclFrst50RdcrWht,Cr-boxy-18-415-87x72x23,18-415,boxy
GBCrclFrst50SpryShnBlk,Cr-boxy-18-415-87x72x23,18-415,boxy
GBCrclFrst50SpryShnGl,Cr-boxy-18-415-87x72x23,18-415,boxy
GBCrclFrst50SpryShnSl,Cr-boxy-18-415-87x72x23,18-415,boxy
GBCrclFrst50DrpCu,Cr-boxy-18-415-87x72x23,18-415,boxy
GBCrclFrst50DrpGl,Cr-boxy-18-415-87x72x23,18-415,boxy
GBCrclFrst50DrpSl,Cr-boxy-18-415-87x72x23,18-415,boxy
GBCrclFrst50AnSpWht,Cr-boxy-18-415-87x72x23,18-415,boxy
GBCrcl50AnSpBlk,Cr-boxy-18-415-87x72x23,18-415,boxy
GBCrcl50AnSpTslBlk,Cr-boxy-18-415-87x72x23,18-415,boxy
LBCrcl50LtnClOvrCap,Cr-boxy-18-415-87x72x23,18-415,boxy
GBCrcl50AnSpGl,Cr-boxy-18-415-87x72x23,18-415,boxy
GBCrcl50AnSpTslGl,Cr-boxy-18-415-87x72x23,18-415,boxy
GBCrcl50AnSpIvyGl,Cr-boxy-18-415-87x72x23,18-415,boxy
GBCrcl50AnSpIvySl,Cr-boxy-18-415-87x72x23,18-415,boxy
GBCrcl50AnSpTslIvyGl,Cr-boxy-18-415-87x72x23,18-415,boxy
GBCrcl50AnSpTslIvySl,Cr-boxy-18-415-87x72x23,18-415,boxy
GBCrcl50AnSpLvn,Cr-boxy-18-415-87x72x23,18-415,boxy
GBCrcl50AnSpTslLvn,Cr-boxy-18-415-87x72x23,18-415,boxy
LBCrcl50LtnCu,Cr-boxy-18-415-87x72x23,18-415,boxy
GBCrcl50SpryCu,Cr-boxy-18-415-87x72x23,18-415,boxy
LBCrcl50LtnMtGl,Cr-boxy-18-415-87x72x23,18-415,boxy
GBCrcl50SpryMtGl,Cr-boxy-18-415-87x72x23,18-415,boxy
LBCrcl50LtnMtSl,Cr-boxy-18-415-87x72x23,18-415,boxy
GBCrcl50SpryMtSl,Cr-boxy-18-415-87x72x23,18-415,boxy
GBCrcl50AnSpMtSl,Cr-boxy-18-415-87x72x23,18-415,boxy
GBCrcl50AnSpTslMtSl,Cr-boxy-18-415-87x72x23,18-415,boxy
GBCrcl50AnSpPnk,Cr-boxy-18-415-87x72x23,18-415,boxy
GBCrcl50AnSpTslPnk,Cr-boxy-18-415-87x72x23,18-415,boxy
GBCrcl50AnSpRed,Cr-boxy-18-415-87x72x23,18-415,boxy
GBCrcl50AnSpTslRed,Cr-boxy-18-415-87x72x23,18-415,boxy
GBCrcl50RdcrBlkLthr,Cr-boxy-18-415-87x72x23,18-415,boxy
GBCrcl50RdcrShnBlk,Cr-boxy-18-415-87x72x23,18-415,boxy
GBCrcl50RdcrBrwnLthr,Cr-boxy-18-415-87x72x23,18-415,boxy
GBCrcl50RdcrIvyLthr,Cr-boxy-18-415-87x72x23,18-415,boxy
GBCrcl50RdcrLBrwnLthr,Cr-boxy-18-415-87x72x23,18-415,boxy
GBCrcl50RdcrPnkLthr,Cr-boxy-18-415-87x72x23,18-415,boxy
GBCrcl50RdcrShnGl,Cr-boxy-18-415-87x72x23,18-415,boxy
GBCrcl50RdcrShnSl,Cr-boxy-18-415-87x72x23,18-415,boxy
GBCrcl50RdcrMtSl,Cr-boxy-18-415-87x72x23,18-415,boxy
GBCrcl50RdcrShnBlkTall,Cr-boxy-18-415-87x72x23,18-415,boxy
GBCrcl50RdcrMtSlTall,Cr-boxy-18-415-87x72x23,18-415,boxy
GBCrcl50RdcrWht,Cr-boxy-18-415-87x72x23,18-415,boxy
LBCrcl50LtnShnBlk,Cr-boxy-18-415-87x72x23,18-415,boxy
GBCrcl50SpryShnBlk,Cr-boxy-18-415-87x72x23,18-415,boxy
LBCrcl50LtnShnGl,Cr-boxy-18-415-87x72x23,18-415,boxy
GBCrcl50SpryShnGl,Cr-boxy-18-415-87x72x23,18-415,boxy
LBCrcl50LtnShnSl,Cr-boxy-18-415-87x72x23,18-415,boxy
GBCrcl50SpryShnSl,Cr-boxy-18-415-87x72x23,18-415,boxy
GBCrcl50DrpCu,Cr-boxy-18-415-87x72x23,18-415,boxy
GBCrcl50DrpGl,Cr-boxy-18-415-87x72x23,18-415,boxy
GBCrcl50DrpSl,Cr-boxy-18-415-87x72x23,18-415,boxy
GBCrcl50AnSpWht,Cr-boxy-18-415-87x72x23,18-415,boxy
GBCrcl50AnSpTslWht,Cr-boxy-18-415-87x72x23,18-415,boxy
LBCrclFrst50LtnClOvrCap,Cr-round-18-415-87x72x23,18-415,round
LBCrclFrst50LtnCu,Cr-round-18-415-87x72x23,18-415,round
LBCrclFrst50LtnMtGl,Cr-round-18-415-87x72x23,18-415,round
LBCrclFrst50LtnMtSl,Cr-round-18-415-87x72x23,18-415,round
LBCrclFrst50LtnShnBlk,Cr-round-18-415-87x72x23,18-415,round
LBCrclFrst50LtnShnGl,Cr-round-18-415-87x72x23,18-415,round
LBCrclFrst50LtnShnSl,Cr-round-18-415-87x72x23,18-415,round
GBCrclFrst50RdcrIvyLthr,Cr-boxy-18-400-87x72x23,18-400,boxy
CJClr3,Clr-round-na-22x33,,round
GBCyl100AnSpBlk,Cyl-round-18-415-154x35,18-415,round
GBCyl100AnSpTslBlk,Cyl-round-18-415-154x35,18-415,round
LBCyl100LtnClOvrCap,Cyl-round-18-415-154x35,18-415,round
GBCyl100AnSpGl,Cyl-round-18-415-154x35,18-415,round
GBCyl100AnSpTslGl,Cyl-round-18-415-154x35,18-415,round
GBCyl100AnSpIvyGl,Cyl-round-18-415-154x35,18-415,round
GBCyl100AnSpIvySl,Cyl-round-18-415-154x35,18-415,round
GBCyl100AnSpTslIvyGl,Cyl-round-18-415-154x35,18-415,round
GBCyl100AnSpTslIvySl,Cyl-round-18-415-154x35,18-415,round
GBCyl100AnSpLvn,Cyl-round-18-415-154x35,18-415,round
GBCyl100AnSpTslLvn,Cyl-round-18-415-154x35,18-415,round
LBCyl100LtnCu,Cyl-round-18-415-154x35,18-415,round
GBCyl100SpryCu,Cyl-round-18-415-154x35,18-415,round
LBCyl100LtnMtGl,Cyl-round-18-415-154x35,18-415,round
GBCyl100SpryMtGl,Cyl-round-18-415-154x35,18-415,round
LBCyl100LtnMtSl,Cyl-round-18-415-154x35,18-415,round
GBCyl100SpryMtSl,Cyl-round-18-415-154x35,18-415,round
GBCyl100AnSpMtSl,Cyl-round-18-415-154x35,18-415,round
GBCyl100AnSpTslMtSl,Cyl-round-18-415-154x35,18-415,round
GBCyl100AnSpPnk,Cyl-round-18-415-154x35,18-415,round
GBCyl100AnSpTslPnk,Cyl-round-18-415-154x35,18-415,round
GBCyl100AnSpRed,Cyl-round-18-415-154x35,18-415,round
GBCyl100AnSpTslRed,Cyl-round-18-415-154x35,18-415,round
GBCyl100RdcrBlkLthr,Cyl-round-18-415-154x35,18-415,round
GBCyl100RdcrShnBlk,Cyl-round-18-415-154x35,18-415,round
GBCyl100RdcrBrwnLthr,Cyl-round-18-415-154x35,18-415,round
GBCyl100RdcrIvyLthr,Cyl-round-18-415-154x35,18-415,round
GBCyl100RdcrLBrwnLthr,Cyl-round-18-415-154x35,18-415,round
GBCyl100RdcrPnkLthr,Cyl-round-18-415-154x35,18-415,round
GBCyl100RdcrShnGl,Cyl-round-18-415-154x35,18-415,round
GBCyl100RdcrShnSl,Cyl-round-18-415-154x35,18-415,round
GBCyl100RdcrMtSl,Cyl-round-18-415-154x35,18-415,round
GBCyl100RdcrShnBlkTall,Cyl-round-18-415-154x35,18-415,round
GBCyl100RdcrMtSlTall,Cyl-round-18-415-154x35,18-415,round
GBCyl100RdcrWht,Cyl-round-18-415-154x35,18-415,round
LBCyl100LtnShnBlk,Cyl-round-18-415-154x35,18-415,round
GBCyl100SpryShnBlk,Cyl-round-18-415-154x35,18-415,round
LBCyl100LtnShnGl,Cyl-round-18-415-154x35,18-415,round
GBCyl100SpryShnGl,Cyl-round-18-415-154x35,18-415,round
LBCyl100LtnShnSl,Cyl-round-18-415-154x35,18-415,round
GBCyl100SpryShnSl,Cyl-round-18-415-154x35,18-415,round
GBCyl100AnSpWht,Cyl-round-18-415-154x35,18-415,round
GBCyl100AnSpTslWht,Cyl-round-18-415-154x35,18-415,round
GBCyl50AnSpBlk,Cyl-round-18-415-117x32,18-415,round
GBCyl50AnSpTslBlk,Cyl-round-18-415-117x32,18-415,round
LBCyl50LtnClOvrCap,Cyl-round-18-415-117x32,18-415,round
GBCyl50AnSpGl,Cyl-round-18-415-117x32,18-415,round
GBCyl50AnSpTslGl,Cyl-round-18-415-117x32,18-415,round
GBCyl50AnSpIvyGl,Cyl-round-18-415-117x32,18-415,round
GBCyl50AnSpIvySl,Cyl-round-18-415-117x32,18-415,round
GBCyl50AnSpTslIvyGl,Cyl-round-18-415-117x32,18-415,round
GBCyl50AnSpTslIvySl,Cyl-round-18-415-117x32,18-415,round
GBCyl50AnSpLvn,Cyl-round-18-415-117x32,18-415,round
GBCyl50AnSpTslLvn,Cyl-round-18-415-117x32,18-415,round
LBCyl50LtnCu,Cyl-round-18-415-117x32,18-415,round
GBCyl50SpryCu,Cyl-round-18-415-117x32,18-415,round
LBCyl50LtnMtGl,Cyl-round-18-415-117x32,18-415,round
GBCyl50SpryMtGl,Cyl-round-18-415-117x32,18-415,round
LBCyl50LtnMtSl,Cyl-round-18-415-117x32,18-415,round
GBCyl50SpryMtSl,Cyl-round-18-415-117x32,18-415,round
GBCyl50AnSpMtSl,Cyl-round-18-415-117x32,18-415,round
GBCyl50AnSpTslMtSl,Cyl-round-18-415-117x32,18-415,round
GBCyl50AnSpPnk,Cyl-round-18-415-117x32,18-415,round
GBCyl50AnSpTslPnk,Cyl-round-18-415-117x32,18-415,round
GBCyl50AnSpRed,Cyl-round-18-415-117x32,18-415,round
GBCyl50AnSpTslRed,Cyl-round-18-415-117x32,18-415,round
GBCyl50RdcrBlkLthr,Cyl-round-18-415-117x32,18-415,round
GBCyl50RdcrShnBlk,Cyl-round-18-415-117x32,18-415,round
GBCyl50RdcrBrwnLthr,Cyl-round-18-415-117x32,18-415,round
GBCyl50RdcrIvyLthr,Cyl-round-18-415-117x32,18-415,round
GBCyl50RdcrLBrwnLthr,Cyl-round-18-415-117x32,18-415,round
GBCyl50RdcrPnkLthr,Cyl-round-18-415-117x32,18-415,round
GBCyl50RdcrShnGl,Cyl-round-18-415-117x32,18-415,round
GBCyl50RdcrShnSl,Cyl-round-18-415-117x32,18-415,round
GBCyl50RdcrMtSl,Cyl-round-18-415-117x32,18-415,round
GBCyl50RdcrShnBlkTall,Cyl-round-18-415-117x32,18-415,round
GBCyl50RdcrMtSlTall,Cyl-round-18-415-117x32,18-415,round
GBCyl50RdcrWht,Cyl-round-18-415-117x32,18-415,round
LBCyl50LtnShnBlk,Cyl-round-18-415-117x32,18-415,round
GBCyl50SpryShnBlk,Cyl-round-18-415-117x32,18-415,round
LBCyl50LtnShnGl,Cyl-round-18-415-117x32,18-415,round
GBCyl50SpryShnGl,Cyl-round-18-415-117x32,18-415,round
LBCyl50LtnShnSl,Cyl-round-18-415-117x32,18-415,round
GBCyl50SpryShnSl,Cyl-round-18-415-117x32,18-415,round
GBCyl50AnSpWht,Cyl-round-18-415-117x32,18-415,round
GBCyl50AnSpTslWht,Cyl-round-18-415-117x32,18-415,round
GBCylBlu5SpryBlkSh,Cyl-round-13-415-53x17,13-415,round
GBCylBlu5SpryGlSh,Cyl-round-13-415-53x17,13-415,round
GBCylBlu5BlkSht,Cyl-round-13-415-53x17,13-415,round
GBCylBlu5WhtSht,Cyl-round-13-415-53x17,13-415,round
GBCyl5RollBlkSh,Cyl-round-13-415-53x17,13-415,round
GBCyl5RollGlSh,Cyl-round-13-415-53x17,13-415,round
GBCyl5RollSlSh,Cyl-round-13-415-53x17,13-415,round
GBCyl5SpryBlkSh,Cyl-round-13-415-53x17,13-415,round
GBCyl5SpryGlSh,Cyl-round-13-415-53x17,13-415,round
GBCyl5BlkSht,Cyl-round-13-415-53x17,13-415,round
GBCyl5WhtSht,Cyl-round-13-415-53x17,13-415,round
LBCylAmb9LtnBlk,Cyl-round-17-415-70x20,17-415,round
LBCylAmb9LtnGl,Cyl-round-17-415-70x20,17-415,round
LBCylAmb9LtnMtSl,Cyl-round-17-415-70x20,17-415,round
GBCylAmb9MtlRollBlkDot,Cyl-round-17-415-70x20,17-415,round
GBCylAmb9MtlRollMattCu,Cyl-round-17-415-70x20,17-415,round
GBCylAmb9MtlRollMattGl,Cyl-round-17-415-70x20,17-415,round
GBCylAmb9MtlRollMattSl,Cyl-round-17-415-70x20,17-415,round
GBCylAmb9MtlRollPnkDot,Cyl-round-17-415-70x20,17-415,round
GBCylAmb9MtlRollShBlk,Cyl-round-17-415-70x20,17-415,round
GBCylAmb9MtlRollShnGl,Cyl-round-17-415-70x20,17-415,round
GBCylAmb9MtlRollShnSl,Cyl-round-17-415-70x20,17-415,round
GBCylAmb9MtlRollSlDot,Cyl-round-17-415-70x20,17-415,round
GBCylAmb9MtlRollWht,Cyl-round-17-415-70x20,17-415,round
GBCylAmb9RollBlkDot,Cyl-round-17-415-70x20,17-415,round
GBCylAmb9RollMattCu,Cyl-round-17-415-70x20,17-415,round
GBCylAmb9RollMattGl,Cyl-round-17-415-70x20,17-415,round
GBCylAmb9RollMattSl,Cyl-round-17-415-70x20,17-415,round
GBCylAmb9RollPnkDot,Cyl-round-17-415-70x20,17-415,round
GBCylAmb9RollShBlk,Cyl-round-17-415-70x20,17-415,round
GBCylAmb9RollShnGl,Cyl-round-17-415-70x20,17-415,round
GBCylAmb9RollShnSl,Cyl-round-17-415-70x20,17-415,round
GBCylAmb9RollSlDot,Cyl-round-17-415-70x20,17-415,round
GBCylAmb9RollWht,Cyl-round-17-415-70x20,17-415,round
GBCylAmb9SpryBlk,Cyl-round-17-415-70x20,17-415,round
GBCylAmb9SpryGl,Cyl-round-17-415-70x20,17-415,round
GBCylAmb9SpryMattSl,Cyl-round-17-415-70x20,17-415,round
GBCylAmb9SpryRd,Cyl-round-17-415-70x20,17-415,round
GBCylAmb9SpryShSl,Cyl-round-17-415-70x20,17-415,round
GBCylAmb9SpryTur,Cyl-round-17-415-70x20,17-415,round
LBCyl9LtnBlk,Cyl-round-17-415-70x20,17-415,round
LBCyl9LtnGl,Cyl-round-17-415-70x20,17-415,round
LBCyl9LtnMtSl,Cyl-round-17-415-70x20,17-415,round
GBCyl9MtlRollBlkDot,Cyl-round-17-415-70x20,17-415,round
GBCyl9MtlRollMattCu,Cyl-round-17-415-70x20,17-415,round
GBCyl9MtlRollMattGl,Cyl-round-17-415-70x20,17-415,round
GBCyl9MtlRollMattSl,Cyl-round-17-415-70x20,17-415,round
GBCyl9MtlRollPnkDot,Cyl-round-17-415-70x20,17-415,round
GBCyl9MtlRollShBlk,Cyl-round-17-415-70x20,17-415,round
GBCyl9MtlRollShnGl,Cyl-round-17-415-70x20,17-415,round
GBCyl9MtlRollShnSl,Cyl-round-17-415-70x20,17-415,round
GBCyl9MtlRollSlDot,Cyl-round-17-415-70x20,17-415,round
GBCyl9MtlRollWht,Cyl-round-17-415-70x20,17-415,round
GBCyl9RollBlkDot,Cyl-round-17-415-70x20,17-415,round
GBCyl9RollMattCu,Cyl-round-17-415-70x20,17-415,round
GBCyl9RollMattGl,Cyl-round-17-415-70x20,17-415,round
GBCyl9RollMattSl,Cyl-round-17-415-70x20,17-415,round
GBCyl9RollPnkDot,Cyl-round-17-415-70x20,17-415,round
GBCyl9RollShBlk,Cyl-round-17-415-70x20,17-415,round
GBCyl9RollShnGl,Cyl-round-17-415-70x20,17-415,round
GBCyl9RollShnSl,Cyl-round-17-415-70x20,17-415,round
GBCyl9RollSlDot,Cyl-round-17-415-70x20,17-415,round
GBCyl9RollWht,Cyl-round-17-415-70x20,17-415,round
GBCyl9SpryBlk,Cyl-round-17-415-70x20,17-415,round
GBCyl9SpryGl,Cyl-round-17-415-70x20,17-415,round
GBCyl9SpryMattSl,Cyl-round-17-415-70x20,17-415,round
GBCyl9SpryRd,Cyl-round-17-415-70x20,17-415,round
GBCyl9SpryShSl,Cyl-round-17-415-70x20,17-415,round
GBCyl9SpryTur,Cyl-round-17-415-70x20,17-415,round
LBCylBlu9LtnBlk,Cyl-round-17-415-70x20,17-415,round
LBCylBlu9LtnGl,Cyl-round-17-415-70x20,17-415,round
LBCylBlu9LtnMattSl,Cyl-round-17-415-70x20,17-415,round
GBCylBlu9MtlRollBlkDot,Cyl-round-17-415-70x20,17-415,round
GBCylBlu9MtlRollMattCu,Cyl-round-17-415-70x20,17-415,round
GBCylBlu9MtlRollMattGl,Cyl-round-17-415-70x20,17-415,round
GBCylBlu9MtlRollMattSl,Cyl-round-17-415-70x20,17-415,round
GBCylBlu9MtlRollPnkDot,Cyl-round-17-415-70x20,17-415,round
GBCylBlu9MtlRollShBlk,Cyl-round-17-415-70x20,17-415,round
GBCylBlu9MtlRollShnGl,Cyl-round-17-415-70x20,17-415,round
GBCylBlu9MtlRollShnSl,Cyl-round-17-415-70x20,17-415,round
GBCylBlu9MtlRollSlDot,Cyl-round-17-415-70x20,17-415,round
GBCylBlu9MtlRollWht,Cyl-round-17-415-70x20,17-415,round
GBCylBlu9RollBlkDot,Cyl-round-17-415-70x20,17-415,round
GBCylBlu9RollMattCu,Cyl-round-17-415-70x20,17-415,round
GBCylBlu9RollMattGl,Cyl-round-17-415-70x20,17-415,round
GBCylBlu9RollMattSl,Cyl-round-17-415-70x20,17-415,round
GBCylBlu9RollPnkDot,Cyl-round-17-415-70x20,17-415,round
GBCylBlu9RollShBlk,Cyl-round-17-415-70x20,17-415,round
GBCylBlu9RollShnGl,Cyl-round-17-415-70x20,17-415,round
GBCylBlu9RollShnSl,Cyl-round-17-415-70x20,17-415,round
GBCylBlu9RollSlDot,Cyl-round-17-415-70x20,17-415,round
GBCylBlu9RollWht,Cyl-round-17-415-70x20,17-415,round
GBCylBlu9SpryBlk,Cyl-round-17-415-70x20,17-415,round
GBCylBlu9SpryGl,Cyl-round-17-415-70x20,17-415,round
GBCylBlu9SpryMattSl,Cyl-round-17-415-70x20,17-415,round
GBCylBlu9SpryRd,Cyl-round-17-415-70x20,17-415,round
GBCylBlu9SpryShSl,Cyl-round-17-415-70x20,17-415,round
GBCylBlu9SpryTur,Cyl-round-17-415-70x20,17-415,round
LBCylFrst9LtnBlk,Cyl-round-17-415-74x20,17-415,round
LBCylFrst9LtnGl,Cyl-round-17-415-74x20,17-415,round
LBCylFrst9LtnMtSl,Cyl-round-17-415-74x20,17-415,round
GBCylFrst9SpryBlk,Cyl-round-17-415-74x20,17-415,round
GBCylFrst9SpryGl,Cyl-round-17-415-74x20,17-415,round
GBCylFrst9SpryMattSl,Cyl-round-17-415-74x20,17-415,round
GBCylFrst9SpryRd,Cyl-round-17-415-74x20,17-415,round
GBCylFrst9SpryShSl,Cyl-round-17-415-74x20,17-415,round
GBCylFrst9SpryTur,Cyl-round-17-415-74x20,17-415,round
GBCylFrst9MtlRollBlkDot,CylSwrl-round-17-415-74x21,17-415,round
GBCylFrst9MtlRollMattCu,CylSwrl-round-17-415-74x21,17-415,round
GBCylFrst9MtlRollMattGl,CylSwrl-round-17-415-74x21,17-415,round
GBCylFrst9MtlRollMattSl,CylSwrl-round-17-415-74x21,17-415,round
GBCylFrst9MtlRollPnkDot,CylSwrl-round-17-415-74x21,17-415,round
GBCylFrst9MtlRollShBlk,CylSwrl-round-17-415-74x21,17-415,round
GBCylFrst9MtlRollShnGl,CylSwrl-round-17-415-74x21,17-415,round
GBCylFrst9MtlRollShnSl,CylSwrl-round-17-415-74x21,17-415,round
GBCylFrst9MtlRollSlDot,CylSwrl-round-17-415-74x21,17-415,round
GBCylFrst9MtlRollWht,CylSwrl-round-17-415-74x21,17-415,round
GBCylFrst9RollBlkDot,CylSwrl-round-17-415-74x21,17-415,round
GBCylFrst9RollMattCu,CylSwrl-round-17-415-74x21,17-415,round
GBCylFrst9RollMattGl,CylSwrl-round-17-415-74x21,17-415,round
GBCylFrst9RollMattSl,CylSwrl-round-17-415-74x21,17-415,round
GBCylFrst9RollPnkDot,CylSwrl-round-17-415-74x21,17-415,round
GBCylFrst9RollShBlk,CylSwrl-round-17-415-74x21,17-415,round
GBCylFrst9RollShnGl,CylSwrl-round-17-415-74x21,17-415,round
GBCylFrst9RollShnSl,CylSwrl-round-17-415-74x21,17-415,round
GBCylFrst9RollSlDot,CylSwrl-round-17-415-74x21,17-415,round
GBCylFrst9RollWht,CylSwrl-round-17-415-74x21,17-415,round
LBCylSwrl9LtnBlk,CylSwrl-round-17-415-74x21,17-415,round
LBCylSwrl9LtnGl,CylSwrl-round-17-415-74x21,17-415,round
LBCylSwrl9LtnMtSl,CylSwrl-round-17-415-74x21,17-415,round
GBCylSwrl9MtlRollBlkDot,CylSwrl-round-17-415-74x21,17-415,round
GBCylSwrl9MtlRollMattCu,CylSwrl-round-17-415-74x21,17-415,round
GBCylSwrl9MtlRollMattGl,CylSwrl-round-17-415-74x21,17-415,round
GBCylSwrl9MtlRollMattSl,CylSwrl-round-17-415-74x21,17-415,round
GBCylSwrl9MtlRollPnkDot,CylSwrl-round-17-415-74x21,17-415,round
GBCylSwrl9MtlRollShBlk,CylSwrl-round-17-415-74x21,17-415,round
GBCylSwrl9MtlRollShnGl,CylSwrl-round-17-415-74x21,17-415,round
GBCylSwrl9MtlRollShnSl,CylSwrl-round-17-415-74x21,17-415,round
GBCylSwrl9MtlRollSlDot,CylSwrl-round-17-415-74x21,17-415,round
GBCylSwrl9MtlRollWht,CylSwrl-round-17-415-74x21,17-415,round
GBCylSwrl9RollBlkDot,CylSwrl-round-17-415-74x21,17-415,round
GBCylSwrl9RollMattCu,CylSwrl-round-17-415-74x21,17-415,round
GBCylSwrl9RollMattGl,CylSwrl-round-17-415-74x21,17-415,round
GBCylSwrl9RollMattSl,CylSwrl-round-17-415-74x21,17-415,round
GBCylSwrl9RollPnkDot,CylSwrl-round-17-415-74x21,17-415,round
GBCylSwrl9RollShBlk,CylSwrl-round-17-415-74x21,17-415,round
GBCylSwrl9RollShnGl,CylSwrl-round-17-415-74x21,17-415,round
GBCylSwrl9RollShnSl,CylSwrl-round-17-415-74x21,17-415,round
GBCylSwrl9RollSlDot,CylSwrl-round-17-415-74x21,17-415,round
GBCylSwrl9RollWht,CylSwrl-round-17-415-74x21,17-415,round
GBCylSwrl9SpryBlk,CylSwrl-round-17-415-74x21,17-415,round
GBCylSwrl9SpryGl,CylSwrl-round-17-415-74x21,17-415,round
GBCylSwrl9SpryMattSl,CylSwrl-round-17-415-74x21,17-415,round
GBCylSwrl9SpryRd,CylSwrl-round-17-415-74x21,17-415,round
GBCylSwrl9SpryShSl,CylSwrl-round-17-415-74x21,17-415,round
GBCylSwrl9SpryTur,CylSwrl-round-17-415-74x21,17-415,round
GBCyl28MtlRollBlk,Cyl-round-na-81x31,,round
GBCyl28MtlRollWht,Cyl-round-na-81x31,,round
GBCyl28RollBlk,Cyl-round-na-81x31,,round
GBCyl28RollWht,Cyl-round-na-81x31,,round
GBCyl50MtlRollBlk,Cyl-round-na-98x37,,round
GBCyl50MtlRollWht,Cyl-round-na-98x37,,round
GBCyl50RollBlk,Cyl-round-na-98x37,,round
GBCyl50RollWht,Cyl-round-na-98x37,,round
GBDmnd2ozAnSpBlk,Dmnd-unknown-18-415-88x41,18-415,sculpted
GBDmnd2ozAnSpTslBlk,Dmnd-unknown-18-415-88x41,18-415,sculpted
GBDmnd2ozAnSpGl,Dmnd-unknown-18-415-88x41,18-415,sculpted
GBDmnd2ozAnSpTslGl,Dmnd-unknown-18-415-88x41,18-415,sculpted
GBDmnd2ozAnSpIvyGl,Dmnd-unknown-18-415-88x41,18-415,sculpted
GBDmnd2ozAnSpIvySl,Dmnd-unknown-18-415-88x41,18-415,sculpted
GBDmnd2ozAnSpTslIvyGl,Dmnd-unknown-18-415-88x41,18-415,sculpted
GBDmnd2ozAnSpTslIvySl,Dmnd-unknown-18-415-88x41,18-415,sculpted
GBDmnd2ozAnSpLvn,Dmnd-unknown-18-415-88x41,18-415,sculpted
GBDmnd2ozAnSpTslLvn,Dmnd-unknown-18-415-88x41,18-415,sculpted
GBDmnd2ozSpryCu,Dmnd-unknown-18-415-88x41,18-415,sculpted
GBDmnd2ozSpryMtGl,Dmnd-unknown-18-415-88x41,18-415,sculpted
GBDmnd2ozSpryMtSl,Dmnd-unknown-18-415-88x41,18-415,sculpted
GBDmnd2ozAnSpMtSl,Dmnd-unknown-18-415-88x41,18-415,sculpted
GBDmnd2ozAnSpTslMtSl,Dmnd-unknown-18-415-88x41,18-415,sculpted
GBDmnd2ozAnSpPnk,Dmnd-unknown-18-415-88x41,18-415,sculpted
GBDmnd2ozAnSpTslPnk,Dmnd-unknown-18-415-88x41,18-415,sculpted
GBDmnd2ozAnSpRed,Dmnd-unknown-18-415-88x41,18-415,sculpted
GBDmnd2ozAnSpTslRed,Dmnd-unknown-18-415-88x41,18-415,sculpted
GBDmnd2ozRdcrBlkLthr,Dmnd-unknown-18-415-88x41,18-415,sculpted
GBDmnd2ozRdcrShnBlk,Dmnd-unknown-18-415-88x41,18-415,sculpted
GBDmnd2ozRdcrBrwnLthr,Dmnd-unknown-18-415-88x41,18-415,sculpted
GBDmnd2ozRdcrIvyLthr,Dmnd-unknown-18-415-88x41,18-415,sculpted
GBDmnd2ozRdcrLBrwnLthr,Dmnd-unknown-18-415-88x41,18-415,sculpted
GBDmnd2ozRdcrPnkLthr,Dmnd-unknown-18-415-88x41,18-415,sculpted
GBDmnd2ozRdcrShnGl,Dmnd-unknown-18-415-88x41,18-415,sculpted
GBDmnd2ozRdcrShnSl,Dmnd-unknown-18-415-88x41,18-415,sculpted
GBDmnd2ozRdcrMtSl,Dmnd-unknown-18-415-88x41,18-415,sculpted
GBDmnd2ozRdcrShnBlkTall,Dmnd-unknown-18-415-88x41,18-415,sculpted
GBDmnd2ozRdcrMtSlTall,Dmnd-unknown-18-415-88x41,18-415,sculpted
GBDmnd2ozRdcrWht,Dmnd-unknown-18-415-88x41,18-415,sculpted
GBDmnd2ozSpryShnBlk,Dmnd-unknown-18-415-88x41,18-415,sculpted
GBDmnd2ozSpryShnGl,Dmnd-unknown-18-415-88x41,18-415,sculpted
GBDmnd2ozSpryShnSl,Dmnd-unknown-18-415-88x41,18-415,sculpted
GBDmnd2ozAnSpWht,Dmnd-unknown-18-415-88x41,18-415,sculpted
GBDmnd2ozAnSpTslWht,Dmnd-unknown-18-415-88x41,18-415,sculpted
LBDiva100LtnCu,Diva-round-18-415-113x64,18-415,sculpted
GBDiva100SpryCu,Diva-round-18-415-113x64,18-415,sculpted
LBDiva100LtnMtGl,Diva-round-18-415-113x64,18-415,sculpted
GBDiva100SpryMtGl,Diva-round-18-415-113x64,18-415,sculpted
LBDiva100LtnMtSl,Diva-round-18-415-113x64,18-415,sculpted
GBDiva100SpryMtSl,Diva-round-18-415-113x64,18-415,sculpted
GBDiva100AnSpTslMtSl,Diva-round-18-415-113x64,18-415,sculpted
GBDiva100RdcrBlkLthr,Diva-round-18-415-113x64,18-415,sculpted
LBDiva100LtnShnBlk,Diva-round-18-415-113x64,18-415,sculpted
GBDiva100SpryShnBlk,Diva-round-18-415-113x64,18-415,sculpted
LBDiva100LtnShnGl,Diva-round-18-415-113x64,18-415,sculpted
GBDiva100SpryShnGl,Diva-round-18-415-113x64,18-415,sculpted
LBDiva100LtnShnSl,Diva-round-18-415-113x64,18-415,sculpted
GBDiva100SpryShnSl,Diva-round-18-415-113x64,18-415,sculpted
GBDiva30AnSpBlk,Diva-round-18-415-81x43,18-415,sculpted
LBDiva30LtnClOvrCap,Diva-round-18-415-81x43,18-415,sculpted
GBDiva30AnSpGl,Diva-round-18-415-81x43,18-415,sculpted
GBDiva30AnSpIvyGl,Diva-round-18-415-81x43,18-415,sculpted
GBDiva30AnSpIvySl,Diva-round-18-415-81x43,18-415,sculpted
GBDiva30AnSpLvn,Diva-round-18-415-81x43,18-415,sculpted
LBDiva30LtnCu,Diva-round-18-415-81x43,18-415,sculpted
GBDiva30SpryCu,Diva-round-18-415-81x43,18-415,sculpted
LBDiva30LtnMtGl,Diva-round-18-415-81x43,18-415,sculpted
GBDiva30SpryMtGl,Diva-round-18-415-81x43,18-415,sculpted
LBDiva30LtnMtSl,Diva-round-18-415-81x43,18-415,sculpted
GBDiva30SpryMtSl,Diva-round-18-415-81x43,18-415,sculpted
GBDiva30AnSpMtSl,Diva-round-18-415-81x43,18-415,sculpted
GBDiva30AnSpPnk,Diva-round-18-415-81x43,18-415,sculpted
GBDiva30AnSpRed,Diva-round-18-415-81x43,18-415,sculpted
GBDiva30RdcrBlkLthr,Diva-round-18-415-81x43,18-415,sculpted
GBDiva30RdcrShnBlk,Diva-round-18-415-81x43,18-415,sculpted
GBDiva30RdcrBrwnLthr,Diva-round-18-415-81x43,18-415,sculpted
GBDiva30RdcrIvyLthr,Diva-round-18-415-81x43,18-415,sculpted
GBDiva30RdcrLBrwnLthr,Diva-round-18-415-81x43,18-415,sculpted
GBDiva30RdcrPnkLthr,Diva-round-18-415-81x43,18-415,sculpted
GBDiva30RdcrShnGl,Diva-round-18-415-81x43,18-415,sculpted
GBDiva30RdcrShnSl,Diva-round-18-415-81x43,18-415,sculpted
GBDiva30RdcrMtSl,Diva-round-18-415-81x43,18-415,sculpted
GBDiva30RdcrShnBlkTall,Diva-round-18-415-81x43,18-415,sculpted
GBDiva30RdcrMtSlTall,Diva-round-18-415-81x43,18-415,sculpted
GBDiva30RdcrWht,Diva-round-18-415-81x43,18-415,sculpted
LBDiva30LtnShnBlk,Diva-round-18-415-81x43,18-415,sculpted
GBDiva30SpryShnBlk,Diva-round-18-415-81x43,18-415,sculpted
LBDiva30LtnShnGl,Diva-round-18-415-81x43,18-415,sculpted
GBDiva30SpryShnGl,Diva-round-18-415-81x43,18-415,sculpted
LBDiva30LtnShnSl,Diva-round-18-415-81x43,18-415,sculpted
GBDiva30SpryShnSl,Diva-round-18-415-81x43,18-415,sculpted
GBDiva30AnSpWht,Diva-round-18-415-81x43,18-415,sculpted
GBDivaFrst46AnSpBlk,Diva-round-18-415-89x49,18-415,sculpted
GBDivaFrst46AnSpTslBlk,Diva-round-18-415-89x49,18-415,sculpted
LBDivaFrst46LtnClOvrCap,Diva-round-18-415-89x49,18-415,sculpted
GBDivaFrst46AnSpGl,Diva-round-18-415-89x49,18-415,sculpted
GBDivaFrst46AnSpTslGl,Diva-round-18-415-89x49,18-415,sculpted
GBDivaFrst46AnSpIvyGl,Diva-round-18-415-89x49,18-415,sculpted
GBDivaFrst46AnSpIvySl,Diva-round-18-415-89x49,18-415,sculpted
GBDivaFrst46AnSpTslIvyGl,Diva-round-18-415-89x49,18-415,sculpted
GBDivaFrst46AnSpTslIvySl,Diva-round-18-415-89x49,18-415,sculpted
GBDivaFrst46AnSpLvn,Diva-round-18-415-89x49,18-415,sculpted
GBDivaFrst46AnSpTslLvn,Diva-round-18-415-89x49,18-415,sculpted
LBDivaFrst46LtnCu,Diva-round-18-415-89x49,18-415,sculpted
GBDivaFrst46SpryCu,Diva-round-18-415-89x49,18-415,sculpted
LBDivaFrst46LtnMtGl,Diva-round-18-415-89x49,18-415,sculpted
GBDivaFrst46SpryMtGl,Diva-round-18-415-89x49,18-415,sculpted
LBDivaFrst46LtnMtSl,Diva-round-18-415-89x49,18-415,sculpted
GBDivaFrst46SpryMtSl,Diva-round-18-415-89x49,18-415,sculpted
GBDivaFrst46AnSpMtSl,Diva-round-18-415-89x49,18-415,sculpted
GBDivaFrst46AnSpTslMtSl,Diva-round-18-415-89x49,18-415,sculpted
GBDivaFrst46AnSpPnk,Diva-round-18-415-89x49,18-415,sculpted
GBDivaFrst46AnSpTslPnk,Diva-round-18-415-89x49,18-415,sculpted
GBDivaFrst46AnSpRed,Diva-round-18-415-89x49,18-415,sculpted
GBDivaFrst46AnSpTslRed,Diva-round-18-415-89x49,18-415,sculpted
GBDivaFrst46RdcrBlkLthr,Diva-round-18-415-89x49,18-415,sculpted
GBDivaFrst46RdcrShnBlk,Diva-round-18-415-89x49,18-415,sculpted
GBDivaFrst46RdcrBrwnLthr,Diva-round-18-415-89x49,18-415,sculpted
GBDivaFrst46RdcrIvyLthr,Diva-round-18-415-89x49,18-415,sculpted
GBDivaFrst46RdcrLBrwnLthr,Diva-round-18-415-89x49,18-415,sculpted
GBDivaFrst46RdcrPnkLthr,Diva-round-18-415-89x49,18-415,sculpted
GBDivaFrst46RdcrShnGl,Diva-round-18-415-89x49,18-415,sculpted
GBDivaFrst46RdcrShnSl,Diva-round-18-415-89x49,18-415,sculpted
GBDivaFrst46RdcrMtSl,Diva-round-18-415-89x49,18-415,sculpted
GBDivaFrst46RdcrShnBlkTall,Diva-round-18-415-89x49,18-415,sculpted
GBDivaFrst46RdcrMtSlTall,Diva-round-18-415-89x49,18-415,sculpted
GBDivaFrst46RdcrWht,Diva-round-18-415-89x49,18-415,sculpted
LBDivaFrst46LtnShnBlk,Diva-round-18-415-89x49,18-415,sculpted
GBDivaFrst46SpryShnBlk,Diva-round-18-415-89x49,18-415,sculpted
LBDivaFrst46LtnShnGl,Diva-round-18-415-89x49,18-415,sculpted
GBDivaFrst46SpryShnGl,Diva-round-18-415-89x49,18-415,sculpted
LBDivaFrst46LtnShnSl,Diva-round-18-415-89x49,18-415,sculpted
GBDivaFrst46SpryShnSl,Diva-round-18-415-89x49,18-415,sculpted
GBDivaFrst46AnSpWht,Diva-round-18-415-89x49,18-415,sculpted
GBDivaFrst46AnSpTslWht,Diva-round-18-415-89x49,18-415,sculpted
GBDiva46AnSpBlk,Diva-round-18-415-89x49,18-415,sculpted
LBDiva46LtnClOvrCap,Diva-round-18-415-89x49,18-415,sculpted
GBDiva46AnSpGl,Diva-round-18-415-89x49,18-415,sculpted
GBDiva46AnSpIvySl,Diva-round-18-415-89x49,18-415,sculpted
GBDiva46AnSpIvyGl,Diva-round-18-415-89x49,18-415,sculpted
GBDiva46AnSpLvn,Diva-round-18-415-89x49,18-415,sculpted
GBDiva46AnSpTslLvn,Diva-round-18-415-89x49,18-415,sculpted
LBDiva46LtnCu,Diva-round-18-415-89x49,18-415,sculpted
GBDiva46SpryCu,Diva-round-18-415-89x49,18-415,sculpted
LBDiva46LtnMtGl,Diva-round-18-415-89x49,18-415,sculpted
GBDiva46SpryMtGl,Diva-round-18-415-89x49,18-415,sculpted
LBDiva46LtnMtSl,Diva-round-18-415-89x49,18-415,sculpted
GBDiva46SpryMtSl,Diva-round-18-415-89x49,18-415,sculpted
GBDiva46AnSpMtSl,Diva-round-18-415-89x49,18-415,sculpted
GBDiva46AnSpPnk,Diva-round-18-415-89x49,18-415,sculpted
GBDiva46AnSpRed,Diva-round-18-415-89x49,18-415,sculpted
GBDiva46RdcrBlkLthr,Diva-round-18-415-89x49,18-415,sculpted
GBDiva46RdcrShnBlk,Diva-round-18-415-89x49,18-415,sculpted
GBDiva46RdcrBrwnLthr,Diva-round-18-415-89x49,18-415,sculpted
GBDiva46RdcrIvyLthr,Diva-round-18-415-89x49,18-415,sculpted
GBDiva46RdcrLBrwnLthr,Diva-round-18-415-89x49,18-415,sculpted
GBDiva46RdcrPnkLthr,Diva-round-18-415-89x49,18-415,sculpted
GBDiva46RdcrShnGl,Diva-round-18-415-89x49,18-415,sculpted
GBDiva46RdcrShnSl,Diva-round-18-415-89x49,18-415,sculpted
GBDiva46RdcrMtSl,Diva-round-18-415-89x49,18-415,sculpted
GBDiva46RdcrShnBlkTall,Diva-round-18-415-89x49,18-415,sculpted
GBDiva46RdcrMtSlTall,Diva-round-18-415-89x49,18-415,sculpted
GBDiva46RdcrWht,Diva-round-18-415-89x49,18-415,sculpted
LBDiva46LtnShnBlk,Diva-round-18-415-89x49,18-415,sculpted
GBDiva46SpryShnBlk,Diva-round-18-415-89x49,18-415,sculpted
LBDiva46LtnShnGl,Diva-round-18-415-89x49,18-415,sculpted
GBDiva46SpryShnGl,Diva-round-18-415-89x49,18-415,sculpted
LBDiva46LtnShnSl,Diva-round-18-415-89x49,18-415,sculpted
GBDiva46SpryShnSl,Diva-round-18-415-89x49,18-415,sculpted
GBDiva46DrpCu,Diva-round-18-415-89x49,18-415,sculpted
GBDiva46DrpGl,Diva-round-18-415-89x49,18-415,sculpted
GBDiva46DrpSl,Diva-round-18-415-89x49,18-415,sculpted
GBDiva46AnSpWht,Diva-round-18-415-89x49,18-415,sculpted
GBDiva46AnSpWhtRng,Diva-round-18-415-89x49,18-415,sculpted
GBElgFrst100AnSpBlk,Elg-boxy-18-415-109x61x30,18-415,boxy
GBElgFrst100AnSpTslBlk,Elg-boxy-18-415-109x61x30,18-415,boxy
LBElgFrst100LtnClOvrCap,Elg-boxy-18-415-109x61x30,18-415,boxy
GBElgFrst100AnSpGl,Elg-boxy-18-415-109x61x30,18-415,boxy
GBElgFrst100AnSpTslGl,Elg-boxy-18-415-109x61x30,18-415,boxy
GBElgFrst100AnSpIvyGl,Elg-boxy-18-415-109x61x30,18-415,boxy
GBElgFrst100AnSpIvySl,Elg-boxy-18-415-109x61x30,18-415,boxy
GBElgFrst100AnSpTslIvyGl,Elg-boxy-18-415-109x61x30,18-415,boxy
GBElgFrst100AnSpTslIvySl,Elg-boxy-18-415-109x61x30,18-415,boxy
GBElgFrst100AnSpLvn,Elg-boxy-18-415-109x61x30,18-415,boxy
GBElgFrst100AnSpTslLvn,Elg-boxy-18-415-109x61x30,18-415,boxy
LBElgFrst100LtnCu,Elg-boxy-18-415-109x61x30,18-415,boxy
GBElgFrst100SpryCu,Elg-boxy-18-415-109x61x30,18-415,boxy
LBElgFrst100LtnMtGl,Elg-boxy-18-415-109x61x30,18-415,boxy
GBElgFrst100SpryMtGl,Elg-boxy-18-415-109x61x30,18-415,boxy
LBElgFrst100LtnMtSl,Elg-boxy-18-415-109x61x30,18-415,boxy
GBElgFrst100SpryMtSl,Elg-boxy-18-415-109x61x30,18-415,boxy
GBElgFrst100AnSpMtSl,Elg-boxy-18-415-109x61x30,18-415,boxy
GBElgFrst100AnSpTslMtSl,Elg-boxy-18-415-109x61x30,18-415,boxy
GBElgFrst100AnSpPnk,Elg-boxy-18-415-109x61x30,18-415,boxy
GBElgFrst100AnSpTslPnk,Elg-boxy-18-415-109x61x30,18-415,boxy
GBElgFrst100AnSpRed,Elg-boxy-18-415-109x61x30,18-415,boxy
GBElgFrst100AnSpTslRed,Elg-boxy-18-415-109x61x30,18-415,boxy
GBElgFrst100RdcrBlkLthr,Elg-boxy-18-415-109x61x30,18-415,boxy
GBElgFrst100RdcrShnBlk,Elg-boxy-18-415-109x61x30,18-415,boxy
GBElgFrst100RdcrBrwnLthr,Elg-boxy-18-415-109x61x30,18-415,boxy
GBElgFrst100RdcrIvyLthr,Elg-boxy-18-415-109x61x30,18-415,boxy
GBElgFrst100RdcrLBrwnLthr,Elg-boxy-18-415-109x61x30,18-415,boxy
GBElgFrst100RdcrPnkLthr,Elg-boxy-18-415-109x61x30,18-415,boxy
GBElgFrst100RdcrShnGl,Elg-boxy-18-415-109x61x30,18-415,boxy
GBElgFrst100RdcrShnSl,Elg-boxy-18-415-109x61x30,18-415,boxy
GBElgFrst100RdcrShnBlkTall,Elg-boxy-18-415-109x61x30,18-415,boxy
GBElgFrst100RdcrMtSlTall,Elg-boxy-18-415-109x61x30,18-415,boxy
GBElgFrst100RdcrWht,Elg-boxy-18-415-109x61x30,18-415,boxy
LBElgFrst100LtnShnBlk,Elg-boxy-18-415-109x61x30,18-415,boxy
GBElgFrst100SpryShnBlk,Elg-boxy-18-415-109x61x30,18-415,boxy
LBElgFrst100LtnShnGl,Elg-boxy-18-415-109x61x30,18-415,boxy
GBElgFrst100SpryShnGl,Elg-boxy-18-415-109x61x30,18-415,boxy
LBElgFrst100LtnShnSl,Elg-boxy-18-415-109x61x30,18-415,boxy
GBElgFrst100SpryShnSl,Elg-boxy-18-415-109x61x30,18-415,boxy
GBElgFrst100AnSpWht,Elg-boxy-18-415-109x61x30,18-415,boxy
GBElgFrst100AnSpTslWht,Elg-boxy-18-415-109x61x30,18-415,boxy
GBElg100AnSpBlk,Elg-boxy-18-415-109x61x30,18-415,boxy
GBElg100AnSpTslBlk,Elg-boxy-18-415-109x61x30,18-415,boxy
LBElg100LtnClOvrCap,Elg-boxy-18-415-109x61x30,18-415,boxy
GBElg100AnSpGl,Elg-boxy-18-415-109x61x30,18-415,boxy
GBElg100AnSpTslGl,Elg-boxy-18-415-109x61x30,18-415,boxy
GBElg100AnSpIvyGl,Elg-boxy-18-415-109x61x30,18-415,boxy
GBElg100AnSpIvySl,Elg-boxy-18-415-109x61x30,18-415,boxy
GBElg100AnSpTslIvyGl,Elg-boxy-18-415-109x61x30,18-415,boxy
GBElg100AnSpTslIvySl,Elg-boxy-18-415-109x61x30,18-415,boxy
GBElg100AnSpLvn,Elg-boxy-18-415-109x61x30,18-415,boxy
GBElg100AnSpTslLvn,Elg-boxy-18-415-109x61x30,18-415,boxy
LBElg100LtnCu,Elg-boxy-18-415-109x61x30,18-415,boxy
GBElg100SpryCu,Elg-boxy-18-415-109x61x30,18-415,boxy
LBElg100LtnMtGl,Elg-boxy-18-415-109x61x30,18-415,boxy
GBElg100SpryMtGl,Elg-boxy-18-415-109x61x30,18-415,boxy
LBElg100LtnMtSl,Elg-boxy-18-415-109x61x30,18-415,boxy
GBElg100SpryMtSl,Elg-boxy-18-415-109x61x30,18-415,boxy
GBElg100AnSpMtSl,Elg-boxy-18-415-109x61x30,18-415,boxy
GBElg100AnSpTslMtSl,Elg-boxy-18-415-109x61x30,18-415,boxy
GBElg100AnSpPnk,Elg-boxy-18-415-109x61x30,18-415,boxy
GBElg100AnSpTslPnk,Elg-boxy-18-415-109x61x30,18-415,boxy
GBElg100AnSpRed,Elg-boxy-18-415-109x61x30,18-415,boxy
GBElg100AnSpTslRed,Elg-boxy-18-415-109x61x30,18-415,boxy
GBElg100RdcrBlkLthr,Elg-boxy-18-415-109x61x30,18-415,boxy
GBElg100RdcrShnBlk,Elg-boxy-18-415-109x61x30,18-415,boxy
GBElg100RdcrBrwnLthr,Elg-boxy-18-415-109x61x30,18-415,boxy
GBElg100RdcrIvyLthr,Elg-boxy-18-415-109x61x30,18-415,boxy
GBElg100RdcrLBrwnLthr,Elg-boxy-18-415-109x61x30,18-415,boxy
GBElg100RdcrPnkLthr,Elg-boxy-18-415-109x61x30,18-415,boxy
GBElg100RdcrShnGl,Elg-boxy-18-415-109x61x30,18-415,boxy
GBElg100RdcrShnSl,Elg-boxy-18-415-109x61x30,18-415,boxy
GBElg100RdcrMtSl,Elg-boxy-18-415-109x61x30,18-415,boxy
GBElg100RdcrShnBlkTall,Elg-boxy-18-415-109x61x30,18-415,boxy
GBElg100RdcrMtSlTall,Elg-boxy-18-415-109x61x30,18-415,boxy
GBElg100RdcrWht,Elg-boxy-18-415-109x61x30,18-415,boxy
LBElg100LtnShnBlk,Elg-boxy-18-415-109x61x30,18-415,boxy
GBElg100SpryShnBlk,Elg-boxy-18-415-109x61x30,18-415,boxy
LBElg100LtnShnGl,Elg-boxy-18-415-109x61x30,18-415,boxy
GBElg100SpryShnGl,Elg-boxy-18-415-109x61x30,18-415,boxy
LBElg100LtnShnSl,Elg-boxy-18-415-109x61x30,18-415,boxy
GBElg100SpryShnSl,Elg-boxy-18-415-109x61x30,18-415,boxy
GBElg100AnSpWht,Elg-boxy-18-415-109x61x30,18-415,boxy
GBElg100AnSpTslWht,Elg-boxy-18-415-109x61x30,18-415,boxy
LBElgFrst100WhtClOvrCp,Elg-unknown-18-415-109x61,18-415,unknown
GBElg15RollBlkSh,Elg-boxy-13-415-61x36x18,13-415,boxy
GBElg15RollBlkDot,Elg-boxy-13-415-61x36x18,13-415,boxy
GBElg15RollPinkDot,Elg-boxy-13-415-61x36x18,13-415,boxy
GBElg15RollGlSh,Elg-boxy-13-415-61x36x18,13-415,boxy
GBElg15RollSlSh,Elg-boxy-13-415-61x36x18,13-415,boxy
GBElg15RollSlDot,Elg-boxy-13-415-61x36x18,13-415,boxy
GBElg15SpryBlkSh,Elg-boxy-13-415-61x36x18,13-415,boxy
GBElg15SprySlSh,Elg-boxy-13-415-61x36x18,13-415,boxy
GBElg15BlkSht,Elg-boxy-13-415-61x36x18,13-415,boxy
GBElg15WhtSht,Elg-boxy-13-415-61x36x18,13-415,boxy
GBElg30GlCap,Elg-boxy-15-415-75x44x22,15-415,boxy
GBElg30SlCap,Elg-boxy-15-415-75x44x22,15-415,boxy
GBElgFrst30GlCap,Elg-boxy-15-415-75x44x22,15-415,boxy
GBElgFrst30SlCap,Elg-boxy-15-415-75x44x22,15-415,boxy
GBElgFrst60AnSpBlk,Elg-boxy-18-415-86x54x27,18-415,boxy
GBElgFrst60AnSpTslBlk,Elg-boxy-18-415-86x54x27,18-415,boxy
LBElgFrst60LtnClOvrCap,Elg-boxy-18-415-86x54x27,18-415,boxy
GBElgFrst60AnSpGl,Elg-boxy-18-415-86x54x27,18-415,boxy
GBElgFrst60AnSpTslGl,Elg-boxy-18-415-86x54x27,18-415,boxy
GBElgFrst60AnSpIvyGl,Elg-boxy-18-415-86x54x27,18-415,boxy
GBElgFrst60AnSpIvySl,Elg-boxy-18-415-86x54x27,18-415,boxy
GBElgFrst60AnSpTslIvyGl,Elg-boxy-18-415-86x54x27,18-415,boxy
GBElgFrst60AnSpTslIvySl,Elg-boxy-18-415-86x54x27,18-415,boxy
GBElgFrst60AnSpLvn,Elg-boxy-18-415-86x54x27,18-415,boxy
GBElgFrst60AnSpTslLvn,Elg-boxy-18-415-86x54x27,18-415,boxy
LBElgFrst60LtnCu,Elg-boxy-18-415-86x54x27,18-415,boxy
GBElgFrst60SpryCu,Elg-boxy-18-415-86x54x27,18-415,boxy
LBElgFrst60LtnMtGl,Elg-boxy-18-415-86x54x27,18-415,boxy
GBElgFrst60SpryMtGl,Elg-boxy-18-415-86x54x27,18-415,boxy
LBElgFrst60LtnMtSl,Elg-boxy-18-415-86x54x27,18-415,boxy
GBElgFrst60SpryMtSl,Elg-boxy-18-415-86x54x27,18-415,boxy
GBElgFrst60AnSpMtSl,Elg-boxy-18-415-86x54x27,18-415,boxy
GBElgFrst60AnSpTslMtSl,Elg-boxy-18-415-86x54x27,18-415,boxy
GBElgFrst60AnSpPnk,Elg-boxy-18-415-86x54x27,18-415,boxy
GBElgFrst60AnSpTslPnk,Elg-boxy-18-415-86x54x27,18-415,boxy
GBElgFrst60AnSpRed,Elg-boxy-18-415-86x54x27,18-415,boxy
GBElgFrst60AnSpTslRed,Elg-boxy-18-415-86x54x27,18-415,boxy
GBElgFrst60RdcrBlkLthr,Elg-boxy-18-415-86x54x27,18-415,boxy
GBElgFrst60RdcrShnBlk,Elg-boxy-18-415-86x54x27,18-415,boxy
GBElgFrst60RdcrBrwnLthr,Elg-boxy-18-415-86x54x27,18-415,boxy
GBElgFrst60RdcrIvyLthr,Elg-boxy-18-415-86x54x27,18-415,boxy
GBElgFrst60RdcrLBrwnLthr,Elg-boxy-18-415-86x54x27,18-415,boxy
GBElgFrst60RdcrPnkLthr,Elg-boxy-18-415-86x54x27,18-415,boxy
GBElgFrst60RdcrShnGl,Elg-boxy-18-415-86x54x27,18-415,boxy
GBElgFrst60RdcrShnSl,Elg-boxy-18-415-86x54x27,18-415,boxy
GBElgFrst60RdcrMtSl,Elg-boxy-18-415-86x54x27,18-415,boxy
GBElgFrst60RdcrShnBlkTall,Elg-boxy-18-415-86x54x27,18-415,boxy
GBElgFrst60RdcrMtSlTall,Elg-boxy-18-415-86x54x27,18-415,boxy
GBElgFrst60RdcrWht,Elg-boxy-18-415-86x54x27,18-415,boxy
LBElgFrst60LtnShnBlk,Elg-boxy-18-415-86x54x27,18-415,boxy
GBElgFrst60SpryShnBlk,Elg-boxy-18-415-86x54x27,18-415,boxy
LBElgFrst60LtnShnGl,Elg-boxy-18-415-86x54x27,18-415,boxy
GBElgFrst60SpryShnGl,Elg-boxy-18-415-86x54x27,18-415,boxy
LBElgFrst60LtnShnSl,Elg-boxy-18-415-86x54x27,18-415,boxy
GBElgFrst60SpryShnSl,Elg-boxy-18-415-86x54x27,18-415,boxy
LBElgFrst60WhtClOvrCp,Elg-boxy-18-415-86x54x27,18-415,boxy
GBElgFrst60AnSpWht,Elg-boxy-18-415-86x54x27,18-415,boxy
GBElgFrst60AnSpTslWht,Elg-boxy-18-415-86x54x27,18-415,boxy
GBElg60AnSpBlk,Elg-boxy-18-415-86x54x27,18-415,boxy
GBElg60AnSpTslBlk,Elg-boxy-18-415-86x54x27,18-415,boxy
LBElg60LtnClrOvrCap,Elg-boxy-18-415-86x54x27,18-415,boxy
GBElg60AnSpGl,Elg-boxy-18-415-86x54x27,18-415,boxy
GBElg60AnSpTslGl,Elg-boxy-18-415-86x54x27,18-415,boxy
GBElg60AnSpIvyGl,Elg-boxy-18-415-86x54x27,18-415,boxy
GBElg60AnSpIvySl,Elg-boxy-18-415-86x54x27,18-415,boxy
GBElg60AnSpTslIvyGl,Elg-boxy-18-415-86x54x27,18-415,boxy
GBElg60AnSpTslIvySl,Elg-boxy-18-415-86x54x27,18-415,boxy
GBElg60AnSpLvn,Elg-boxy-18-415-86x54x27,18-415,boxy
GBElg60AnSpTslLvn,Elg-boxy-18-415-86x54x27,18-415,boxy
LBElg60LtnCu,Elg-boxy-18-415-86x54x27,18-415,boxy
GBElg60SpryCu,Elg-boxy-18-415-86x54x27,18-415,boxy
LBElg60LtnMtGl,Elg-boxy-18-415-86x54x27,18-415,boxy
GBElg60SpryMtGl,Elg-boxy-18-415-86x54x27,18-415,boxy
LBElg60LtnMtSl,Elg-boxy-18-415-86x54x27,18-415,boxy
GBElg60SpryMtSl,Elg-boxy-18-415-86x54x27,18-415,boxy
GBElg60AnSpMtSl,Elg-boxy-18-415-86x54x27,18-415,boxy
GBElg60AnSpTslMtSl,Elg-boxy-18-415-86x54x27,18-415,boxy
GBElg60AnSpPnk,Elg-boxy-18-415-86x54x27,18-415,boxy
GBElg60AnSpTslPnk,Elg-boxy-18-415-86x54x27,18-415,boxy
GBElg60AnSpRed,Elg-boxy-18-415-86x54x27,18-415,boxy
GBElg60AnSpTslRed,Elg-boxy-18-415-86x54x27,18-415,boxy
GBElg60RdcrBlkLthr,Elg-boxy-18-415-86x54x27,18-415,boxy
GBElg60RdcrShnBlk,Elg-boxy-18-415-86x54x27,18-415,boxy
GBElg60RdcrBrwnLthr,Elg-boxy-18-415-86x54x27,18-415,boxy
GBElg60RdcrIvyLthr,Elg-boxy-18-415-86x54x27,18-415,boxy
GBElg60RdcrLBrwnLthr,Elg-boxy-18-415-86x54x27,18-415,boxy
GBElg60RdcrPnkLthr,Elg-boxy-18-415-86x54x27,18-415,boxy
GBElg60RdcrShnGl,Elg-boxy-18-415-86x54x27,18-415,boxy
GBElg60RdcrShnSl,Elg-boxy-18-415-86x54x27,18-415,boxy
GBElg60RdcrMtSl,Elg-boxy-18-415-86x54x27,18-415,boxy
GBElg60RdcrShnBlkTall,Elg-boxy-18-415-86x54x27,18-415,boxy
GBElg60RdcrMtSlTall,Elg-boxy-18-415-86x54x27,18-415,boxy
GBElg60RdcrWht,Elg-boxy-18-415-86x54x27,18-415,boxy
LBElg60LtnShnBlk,Elg-boxy-18-415-86x54x27,18-415,boxy
GBElg60SpryShnBlk,Elg-boxy-18-415-86x54x27,18-415,boxy
LBElg60LtnShnGl,Elg-boxy-18-415-86x54x27,18-415,boxy
GBElg60SpryShnGl,Elg-boxy-18-415-86x54x27,18-415,boxy
LBElg60LtnShnSl,Elg-boxy-18-415-86x54x27,18-415,boxy
GBElg60SpryShnSl,Elg-boxy-18-415-86x54x27,18-415,boxy
GBElg60DrpCu,Elg-boxy-18-415-86x54x27,18-415,boxy
GBElg60DrpGl,Elg-boxy-18-415-86x54x27,18-415,boxy
GBElg60DrpSl,Elg-boxy-18-415-86x54x27,18-415,boxy
GBElg60AnSpWht,Elg-boxy-18-415-86x54x27,18-415,boxy
GBElg60AnSpTslWht,Elg-boxy-18-415-86x54x27,18-415,boxy
LBElg60WhtClOvrCp,Elg-unknown-18-415-86x54,18-415,unknown
GBEmp100AnSpBlk,Emp-unknown-18-415-107x46,18-415,unknown
GBEmp100AnSpTslBlk,Emp-unknown-18-415-107x46,18-415,unknown
LBEmp100LtnClOvrCap,Emp-unknown-18-415-107x46,18-415,unknown
GBEmp100AnSpGl,Emp-unknown-18-415-107x46,18-415,unknown
GBEmp100AnSpTslGl,Emp-unknown-18-415-107x46,18-415,unknown
GBEmp100AnSpIvyGl,Emp-unknown-18-415-107x46,18-415,unknown
GBEmp100AnSpIvySl,Emp-unknown-18-415-107x46,18-415,unknown
GBEmp100AnSpTslIvyGl,Emp-unknown-18-415-107x46,18-415,unknown
GBEmp100AnSpTslIvySl,Emp-unknown-18-415-107x46,18-415,unknown
GBEmp100AnSpLvn,Emp-unknown-18-415-107x46,18-415,unknown
GBEmp100AnSpTslLvn,Emp-unknown-18-415-107x46,18-415,unknown
LBEmp100LtnCu,Emp-unknown-18-415-107x46,18-415,unknown
GBEmp100SpryCu,Emp-unknown-18-415-107x46,18-415,unknown
LBEmp100LtnMtGl,Emp-unknown-18-415-107x46,18-415,unknown
GBEmp100SpryMtGl,Emp-unknown-18-415-107x46,18-415,unknown
LBEmp100LtnMtSl,Emp-unknown-18-415-107x46,18-415,unknown
GBEmp100SpryMtSl,Emp-unknown-18-415-107x46,18-415,unknown
GBEmp100AnSpMtSl,Emp-unknown-18-415-107x46,18-415,unknown
GBEmp100AnSpTslMtSl,Emp-unknown-18-415-107x46,18-415,unknown
GBEmp100AnSpPnk,Emp-unknown-18-415-107x46,18-415,unknown
GBEmp100AnSpTslPnk,Emp-unknown-18-415-107x46,18-415,unknown
GBEmp100AnSpRed,Emp-unknown-18-415-107x46,18-415,unknown
GBEmp100AnSpTslRed,Emp-unknown-18-415-107x46,18-415,unknown
GBEmp100RdcrBlkLthr,Emp-unknown-18-415-107x46,18-415,unknown
GBEmp100RdcrShnBlk,Emp-unknown-18-415-107x46,18-415,unknown
GBEmp100RdcrBrwnLthr,Emp-unknown-18-415-107x46,18-415,unknown
GBEmp100RdcrIvyLthr,Emp-unknown-18-415-107x46,18-415,unknown
GBEmp100RdcrLBrwnLthr,Emp-unknown-18-415-107x46,18-415,unknown
GBEmp100RdcrPnkLthr,Emp-unknown-18-415-107x46,18-415,unknown
GBEmp100RdcrShnGl,Emp-unknown-18-415-107x46,18-415,unknown
GBEmp100RdcrShnSl,Emp-unknown-18-415-107x46,18-415,unknown
GBEmp100RdcrMtSl,Emp-unknown-18-415-107x46,18-415,unknown
GBEmp100RdcrShnBlkTall,Emp-unknown-18-415-107x46,18-415,unknown
GBEmp100RdcrMtSlTall,Emp-unknown-18-415-107x46,18-415,unknown
GBEmp100RdcrWht,Emp-unknown-18-415-107x46,18-415,unknown
LBEmp100LtnShnBlk,Emp-unknown-18-415-107x46,18-415,unknown
GBEmp100SpryShnBlk,Emp-unknown-18-415-107x46,18-415,unknown
LBEmp100LtnShnGl,Emp-unknown-18-415-107x46,18-415,unknown
GBEmp100SpryShnGl,Emp-unknown-18-415-107x46,18-415,unknown
LBEmp100LtnShnSl,Emp-unknown-18-415-107x46,18-415,unknown
GBEmp100SpryShnSl,Emp-unknown-18-415-107x46,18-415,unknown
LBEmp100WhtClOvrCp,Emp-unknown-18-415-107x46,18-415,unknown
GBEmp100AnSpWht,Emp-unknown-18-415-107x46,18-415,unknown
GBEmp100AnSpTslWht,Emp-unknown-18-415-107x46,18-415,unknown
GBEmp50AnSpBlk,Emp-unknown-18-415-88x37,18-415,unknown
GBEmp50AnSpTslBlk,Emp-unknown-18-415-88x37,18-415,unknown
LBEmp50LtnClOvrCap,Emp-unknown-18-415-88x37,18-415,unknown
GBEmp50AnSpGl,Emp-unknown-18-415-88x37,18-415,unknown
GBEmp50AnSpTslGl,Emp-unknown-18-415-88x37,18-415,unknown
GBEmp50AnSpIvyGl,Emp-unknown-18-415-88x37,18-415,unknown
GBEmp50AnSpIvySl,Emp-unknown-18-415-88x37,18-415,unknown
GBEmp50AnSpTslIvyGl,Emp-unknown-18-415-88x37,18-415,unknown
GBEmp50AnSpTslIvySl,Emp-unknown-18-415-88x37,18-415,unknown
GBEmp50AnSpLvn,Emp-unknown-18-415-88x37,18-415,unknown
GBEmp50AnSpTslLvn,Emp-unknown-18-415-88x37,18-415,unknown
LBEmp50LtnCu,Emp-unknown-18-415-88x37,18-415,unknown
GBEmp50SpryCu,Emp-unknown-18-415-88x37,18-415,unknown
LBEmp50LtnMtGl,Emp-unknown-18-415-88x37,18-415,unknown
GBEmp50SpryMtGl,Emp-unknown-18-415-88x37,18-415,unknown
LBEmp50LtnMtSl,Emp-unknown-18-415-88x37,18-415,unknown
GBEmp50SpryMtSl,Emp-unknown-18-415-88x37,18-415,unknown
GBEmp50AnSpMtSl,Emp-unknown-18-415-88x37,18-415,unknown
GBEmp50AnSpTslMtSl,Emp-unknown-18-415-88x37,18-415,unknown
GBEmp50AnSpPnk,Emp-unknown-18-415-88x37,18-415,unknown
GBEmp50AnSpTslPnk,Emp-unknown-18-415-88x37,18-415,unknown
GBEmp50AnSpRed,Emp-unknown-18-415-88x37,18-415,unknown
GBEmp50AnSpTslRed,Emp-unknown-18-415-88x37,18-415,unknown
GBEmp50RdcrBlkLthr,Emp-unknown-18-415-88x37,18-415,unknown
GBEmp50RdcrShnBlk,Emp-unknown-18-415-88x37,18-415,unknown
GBEmp50RdcrBrwnLthr,Emp-unknown-18-415-88x37,18-415,unknown
GBEmp50RdcrIvyLthr,Emp-unknown-18-415-88x37,18-415,unknown
GBEmp50RdcrLBrwnLthr,Emp-unknown-18-415-88x37,18-415,unknown
GBEmp50RdcrPnkLthr,Emp-unknown-18-415-88x37,18-415,unknown
GBEmp50RdcrShnGl,Emp-unknown-18-415-88x37,18-415,unknown
GBEmp50RdcrShnSl,Emp-unknown-18-415-88x37,18-415,unknown
GBEmp50RdcrMtSl,Emp-unknown-18-415-88x37,18-415,unknown
GBEmp50RdcrShnBlkTall,Emp-unknown-18-415-88x37,18-415,unknown
GBEmp50RdcrMtSlTall,Emp-unknown-18-415-88x37,18-415,unknown
GBEmp50RdcrWht,Emp-unknown-18-415-88x37,18-415,unknown
LBEmp50LtnShnBlk,Emp-unknown-18-415-88x37,18-415,unknown
GBEmp50SpryShnBlk,Emp-unknown-18-415-88x37,18-415,unknown
LBEmp50LtnShnGl,Emp-unknown-18-415-88x37,18-415,unknown
GBEmp50SpryShnGl,Emp-unknown-18-415-88x37,18-415,unknown
LBEmp50LtnShnSl,Emp-unknown-18-415-88x37,18-415,unknown
GBEmp50SpryShnSl,Emp-unknown-18-415-88x37,18-415,unknown
GBEmp50DrpCu,Emp-unknown-18-415-88x37,18-415,unknown
GBEmp50DrpGl,Emp-unknown-18-415-88x37,18-415,unknown
GBEmp50DrpSl,Emp-unknown-18-415-88x37,18-415,unknown
LBEmp50WhtClOvrCp,Emp-unknown-18-415-88x37,18-415,unknown
GBEmp50AnSpWht,Emp-unknown-18-415-88x37,18-415,unknown
GBEmp50AnSpTslWht,Emp-unknown-18-415-88x37,18-415,unknown
GBFlair15RollBlkSh,Flair-boxy-13-415-56x41x20,13-415,boxy
GBFlair15RollBlkDot,Flair-boxy-13-415-56x41x20,13-415,boxy
GBFlair15RollPinkDot,Flair-boxy-13-415-56x41x20,13-415,boxy
GBFlair15RollGlSh,Flair-boxy-13-415-56x41x20,13-415,boxy
GBFlair15RollSlSh,Flair-boxy-13-415-56x41x20,13-415,boxy
GBFlair15RollSlDot,Flair-boxy-13-415-56x41x20,13-415,boxy
GBFlair15SpryBlkSh,Flair-boxy-13-415-56x41x20,13-415,boxy
GBFlair15SpryGlSh,Flair-boxy-13-415-56x41x20,13-415,boxy
GBFlair15BlkSht,Flair-boxy-13-415-56x41x20,13-415,boxy
GBFlair15WhtSht,Flair-boxy-13-415-56x41x20,13-415,boxy
GBRect10RollBlkSh,Rect-boxy-13-415-50x29x19,13-415,boxy
GBRect10RollBlkDot,Rect-boxy-13-415-50x29x19,13-415,boxy
GBRect10RollPinkDot,Rect-boxy-13-415-50x29x19,13-415,boxy
GBRect10RollGlSh,Rect-boxy-13-415-50x29x19,13-415,boxy
GBRect10RollSlSh,Rect-boxy-13-415-50x29x19,13-415,boxy
GBRect10RollSlDot,Rect-boxy-13-415-50x29x19,13-415,boxy
GBRect10SpryBlkSh,Rect-boxy-13-415-50x29x19,13-415,boxy
GBRect10SpryGlSh,Rect-boxy-13-415-50x29x19,13-415,boxy
GBRect10SprySlSh,Rect-boxy-13-415-50x29x19,13-415,boxy
GBRect10BlkSht,Rect-boxy-13-415-50x29x19,13-415,boxy
GBRect10WhtSht,Rect-boxy-13-415-50x29x19,13-415,boxy
GBGrce55AnSpBlk,Grce-boxy-18-415-113x52x30,18-415,boxy
GBGrce55AnSpTslBlk,Grce-boxy-18-415-113x52x30,18-415,boxy
LBGrce55LtnClOvrCap,Grce-boxy-18-415-113x52x30,18-415,boxy
GBGrce55AnSpGl,Grce-boxy-18-415-113x52x30,18-415,boxy
GBGrce55AnSpTslGl,Grce-boxy-18-415-113x52x30,18-415,boxy
GBGrce55AnSpIvyGl,Grce-boxy-18-415-113x52x30,18-415,boxy
GBGrce55AnSpIvySl,Grce-boxy-18-415-113x52x30,18-415,boxy
GBGrce55AnSpTslIvyGl,Grce-boxy-18-415-113x52x30,18-415,boxy
GBGrce55AnSpTslIvySl,Grce-boxy-18-415-113x52x30,18-415,boxy
GBGrce55AnSpLvn,Grce-boxy-18-415-113x52x30,18-415,boxy
GBGrce55AnSpTslLvn,Grce-boxy-18-415-113x52x30,18-415,boxy
LBGrce55LtnCu,Grce-boxy-18-415-113x52x30,18-415,boxy
GBGrce55SpryCu,Grce-boxy-18-415-113x52x30,18-415,boxy
LBGrce55LtnMtGl,Grce-boxy-18-415-113x52x30,18-415,boxy
GBGrce55SpryMtGl,Grce-boxy-18-415-113x52x30,18-415,boxy
LBGrce55LtnMtSl,Grce-boxy-18-415-113x52x30,18-415,boxy
GBGrce55SpryMtSl,Grce-boxy-18-415-113x52x30,18-415,boxy
GBGrce55AnSpMtSl,Grce-boxy-18-415-113x52x30,18-415,boxy
GBGrce55AnSpTslMtSl,Grce-boxy-18-415-113x52x30,18-415,boxy
GBGrce55AnSpPnk,Grce-boxy-18-415-113x52x30,18-415,boxy
GBGrce55AnSpTslPnk,Grce-boxy-18-415-113x52x30,18-415,boxy
GBGrce55AnSpRed,Grce-boxy-18-415-113x52x30,18-415,boxy
GBGrce55AnSpTslRed,Grce-boxy-18-415-113x52x30,18-415,boxy
GBGrce55RdcrBlkLthr,Grce-boxy-18-415-113x52x30,18-415,boxy
GBGrce55RdcrShnBlk,Grce-boxy-18-415-113x52x30,18-415,boxy
GBGrce55RdcrBrwnLthr,Grce-boxy-18-415-113x52x30,18-415,boxy
GBGrce55RdcrIvyLthr,Grce-boxy-18-415-113x52x30,18-415,boxy
GBGrce55RdcrLBrwnLthr,Grce-boxy-18-415-113x52x30,18-415,boxy
GBGrce55RdcrPnkLthr,Grce-boxy-18-415-113x52x30,18-415,boxy
GBGrce55RdcrShnGl,Grce-boxy-18-415-113x52x30,18-415,boxy
GBGrce55RdcrShnSl,Grce-boxy-18-415-113x52x30,18-415,boxy
GBGrce55RdcrMtSl,Grce-boxy-18-415-113x52x30,18-415,boxy
GBGrce55RdcrShnBlkTall,Grce-boxy-18-415-113x52x30,18-415,boxy
GBGrce55RdcrMtSlTall,Grce-boxy-18-415-113x52x30,18-415,boxy
GBGrce55RdcrWht,Grce-boxy-18-415-113x52x30,18-415,boxy
LBGrce55LtnShnBlk,Grce-boxy-18-415-113x52x30,18-415,boxy
GBGrce55SpryShnBlk,Grce-boxy-18-415-113x52x30,18-415,boxy
LBGrce55LtnShnGl,Grce-boxy-18-415-113x52x30,18-415,boxy
GBGrce55SpryShnGl,Grce-boxy-18-415-113x52x30,18-415,boxy
LBGrce55LtnShnSl,Grce-boxy-18-415-113x52x30,18-415,boxy
GBGrce55SpryShnSl,Grce-boxy-18-415-113x52x30,18-415,boxy
GBGrce55AnSpWht,Grce-boxy-18-415-113x52x30,18-415,boxy
GBGrce55AnSpTslWht,Grce-boxy-18-415-113x52x30,18-415,boxy
GBRndFrst128AnSpBlk,Rnd-round-18-415-83x69,18-415,round
GBRndFrst128AnSpTslBlk,Rnd-round-18-415-83x69,18-415,round
GBRndFrst128AnSpGl,Rnd-round-18-415-83x69,18-415,round
GBRndFrst128AnSpTslGl,Rnd-round-18-415-83x69,18-415,round
GBRndFrst128AnSpIvyGl,Rnd-round-18-415-83x69,18-415,round
GBRndFrst128AnSpIvySl,Rnd-round-18-415-83x69,18-415,round
GBRndFrst128AnSpTslIvyGl,Rnd-round-18-415-83x69,18-415,round
GBRndFrst128AnSpTslIvySl,Rnd-round-18-415-83x69,18-415,round
GBRndFrst128AnSpLvn,Rnd-round-18-415-83x69,18-415,round
GBRndFrst128AnSpTslLvn,Rnd-round-18-415-83x69,18-415,round
LBRndFrst128LtnCu,Rnd-round-18-415-83x69,18-415,round
GBRndFrst128SpryCu,Rnd-round-18-415-83x69,18-415,round
LBRndFrst128LtnMtGl,Rnd-round-18-415-83x69,18-415,round
GBRndFrst128SpryMtGl,Rnd-round-18-415-83x69,18-415,round
LBRndFrst128LtnMtSl,Rnd-round-18-415-83x69,18-415,round
GBRndFrst128SpryMtSl,Rnd-round-18-415-83x69,18-415,round
GBRndFrst128AnSpMtSl,Rnd-round-18-415-83x69,18-415,round
GBRndFrst128AnSpTslMtSl,Rnd-round-18-415-83x69,18-415,round
GBRndFrst128AnSpPnk,Rnd-round-18-415-83x69,18-415,round
GBRndFrst128AnSpTslPnk,Rnd-round-18-415-83x69,18-415,round
GBRndFrst128AnSpRed,Rnd-round-18-415-83x69,18-415,round
GBRndFrst128AnSpTslRed,Rnd-round-18-415-83x69,18-415,round
GBRndFrst128RdcrBlkLthr,Rnd-round-18-415-83x69,18-415,round
GBRndFrst128RdcrShnBlk,Rnd-round-18-415-83x69,18-415,round
GBRndFrst128RdcrBrwnLthr,Rnd-round-18-415-83x69,18-415,round
GBRndFrst128RdcrIvyLthr,Rnd-round-18-415-83x69,18-415,round
GBRndFrst128RdcrLBrwnLthr,Rnd-round-18-415-83x69,18-415,round
GBRndFrst128RdcrPnkLthr,Rnd-round-18-415-83x69,18-415,round
GBRndFrst128RdcrShnGl,Rnd-round-18-415-83x69,18-415,round
GBRndFrst128RdcrShnSl,Rnd-round-18-415-83x69,18-415,round
GBRndFrst128RdcrMtSl,Rnd-round-18-415-83x69,18-415,round
GBRndFrst128RdcrShnBlkTall,Rnd-round-18-415-83x69,18-415,round
GBRndFrst128RdcrMtSlTall,Rnd-round-18-415-83x69,18-415,round
GBRndFrst128RdcrWht,Rnd-round-18-415-83x69,18-415,round
LBRndFrst128LtnShnBlk,Rnd-round-18-415-83x69,18-415,round
GBRndFrst128SpryShnBlk,Rnd-round-18-415-83x69,18-415,round
LBRndFrst128LtnShnGl,Rnd-round-18-415-83x69,18-415,round
GBRndFrst128SpryShnGl,Rnd-round-18-415-83x69,18-415,round
GBRndFrst128DrpCu,Rnd-round-18-415-83x69,18-415,round
GBRndFrst128DrpGl,Rnd-round-18-415-83x69,18-415,round
GBRndFrst128DrpSl,Rnd-round-18-415-83x69,18-415,round
GBRndFrst128AnSpWht,Rnd-round-18-415-83x69,18-415,round
GBRndFrst128AnSpTslWht,Rnd-round-18-415-83x69,18-415,round
GBRnd128AnSpBlk,Rnd-round-18-415-83x69,18-415,round
GBRnd128AnSpTslBlk,Rnd-round-18-415-83x69,18-415,round
LBRnd128LtnClOvrCap,Rnd-round-18-415-83x69,18-415,round
GBRnd128AnSpGl,Rnd-round-18-415-83x69,18-415,round
GBRnd128AnSpTslGl,Rnd-round-18-415-83x69,18-415,round
GBRnd128AnSpIvyGl,Rnd-round-18-415-83x69,18-415,round
GBRnd128AnSpIvySl,Rnd-round-18-415-83x69,18-415,round
GBRnd128AnSpTslIvyGl,Rnd-round-18-415-83x69,18-415,round
GBRnd128AnSpTslIvySl,Rnd-round-18-415-83x69,18-415,round
GBRnd128AnSpLvn,Rnd-round-18-415-83x69,18-415,round
GBRnd128AnSpTslLvn,Rnd-round-18-415-83x69,18-415,round
LBRnd128LtnCu,Rnd-round-18-415-83x69,18-415,round
GBRnd128SpryCu,Rnd-round-18-415-83x69,18-415,round
LBRnd128LtnMtGl,Rnd-round-18-415-83x69,18-415,round
GBRnd128SpryMtGl,Rnd-round-18-415-83x69,18-415,round
LBRnd128LtnMtSl,Rnd-round-18-415-83x69,18-415,round
GBRnd128SpryMtSl,Rnd-round-18-415-83x69,18-415,round
GBRnd128AnSpMtSl,Rnd-round-18-415-83x69,18-415,round
GBRnd128AnSpTslMtSl,Rnd-round-18-415-83x69,18-415,round
GBRnd128AnSpPnk,Rnd-round-18-415-83x69,18-415,round
GBRnd128AnSpTslPnk,Rnd-round-18-415-83x69,18-415,round
GBRnd128AnSpRed,Rnd-round-18-415-83x69,18-415,round
GBRnd128AnSpTslRed,Rnd-round-18-415-83x69,18-415,round
GBRnd128RdcrBlkLthr,Rnd-round-18-415-83x69,18-415,round
GBRnd128RdcrShnBlk,Rnd-round-18-415-83x69,18-415,round
GBRnd128RdcrBrwnLthr,Rnd-round-18-415-83x69,18-415,round
GBRnd128RdcrIvyLthr,Rnd-round-18-415-83x69,18-415,round
GBRnd128RdcrLBrwnLthr,Rnd-round-18-415-83x69,18-415,round
GBRnd128RdcrPnkLthr,Rnd-round-18-415-83x69,18-415,round
GBRnd128RdcrShnGl,Rnd-round-18-415-83x69,18-415,round
GBRnd128RdcrShnSl,Rnd-round-18-415-83x69,18-415,round
GBRnd128RdcrMtSl,Rnd-round-18-415-83x69,18-415,round
GBRnd128RdcrShnBlkTall,Rnd-round-18-415-83x69,18-415,round
GBRnd128RdcrMtSlTall,Rnd-round-18-415-83x69,18-415,round
GBRnd128RdcrWht,Rnd-round-18-415-83x69,18-415,round
LBRnd128LtnShnBlk,Rnd-round-18-415-83x69,18-415,round
GBRnd128SpryShnBlk,Rnd-round-18-415-83x69,18-415,round
LBRnd128LtnShnGl,Rnd-round-18-415-83x69,18-415,round
GBRnd128SpryShnGl,Rnd-round-18-415-83x69,18-415,round
LBRnd128LtnShnSl,Rnd-round-18-415-83x69,18-415,round
GBRnd128SpryShnSl,Rnd-round-18-415-83x69,18-415,round
GBRnd128DrpCu,Rnd-round-18-415-83x69,18-415,round
GBRnd128DrpGl,Rnd-round-18-415-83x69,18-415,round
GBRnd128DrpSl,Rnd-round-18-415-83x69,18-415,round
GBRnd128AnSpWht,Rnd-round-18-415-83x69,18-415,round
GBRnd128AnSpTslWht,Rnd-round-18-415-83x69,18-415,round
GBRndFrst78AnSpBlk,Rnd-round-18-415-73x59,18-415,round
GBRndFrst78AnSpTslBlk,Rnd-round-18-415-73x59,18-415,round
LBRndFrst78LtnClOvrCap,Rnd-round-18-415-73x59,18-415,round
GBRndFrst78AnSpGl,Rnd-round-18-415-73x59,18-415,round
GBRndFrst78AnSpTslGl,Rnd-round-18-415-73x59,18-415,round
GBRndFrst78AnSpIvyGl,Rnd-round-18-415-73x59,18-415,round
GBRndFrst78AnSpIvySl,Rnd-round-18-415-73x59,18-415,round
GBRndFrst78AnSpTslIvyGl,Rnd-round-18-415-73x59,18-415,round
GBRndFrst78AnSpLvn,Rnd-round-18-415-73x59,18-415,round
GBRndFrst78AnSpTslLvn,Rnd-round-18-415-73x59,18-415,round
LBRndFrst78LtnCu,Rnd-round-18-415-73x59,18-415,round
GBRndFrst78SpryCu,Rnd-round-18-415-73x59,18-415,round
LBRndFrst78LtnMtGl,Rnd-round-18-415-73x59,18-415,round
GBRndFrst78SpryMtGl,Rnd-round-18-415-73x59,18-415,round
LBRndFrst78LtnMtSl,Rnd-round-18-415-73x59,18-415,round
GBRndFrst78SpryMtSl,Rnd-round-18-415-73x59,18-415,round
GBRndFrst78AnSpMtSl,Rnd-round-18-415-73x59,18-415,round
GBRndFrst78AnSpTslMtSl,Rnd-round-18-415-73x59,18-415,round
GBRndFrst78AnSpPnk,Rnd-round-18-415-73x59,18-415,round
GBRndFrst78AnSpTslPnk,Rnd-round-18-415-73x59,18-415,round
GBRndFrst78AnSpRed,Rnd-round-18-415-73x59,18-415,round
GBRndFrst78AnSpTslRed,Rnd-round-18-415-73x59,18-415,round
GBRndFrst78RdcrBlkLthr,Rnd-round-18-415-73x59,18-415,round
GBRndFrst78RdcrShnBlk,Rnd-round-18-415-73x59,18-415,round
GBRndFrst78RdcrBrwnLthr,Rnd-round-18-415-73x59,18-415,round
GBRndFrst78RdcrIvyLthr,Rnd-round-18-415-73x59,18-415,round
GBRndFrst78RdcrLBrwnLthr,Rnd-round-18-415-73x59,18-415,round
GBRndFrst78RdcrPnkLthr,Rnd-round-18-415-73x59,18-415,round
GBRndFrst78RdcrShnGl,Rnd-round-18-415-73x59,18-415,round
GBRndFrst78RdcrShnSl,Rnd-round-18-415-73x59,18-415,round
GBRndFrst78RdcrMtSl,Rnd-round-18-415-73x59,18-415,round
GBRndFrst78RdcrShnBlkTall,Rnd-round-18-415-73x59,18-415,round
GBRndFrst78RdcrMtSlTall,Rnd-round-18-415-73x59,18-415,round
GBRndFrst78RdcrWht,Rnd-round-18-415-73x59,18-415,round
LBRndFrst78LtnShnBlk,Rnd-round-18-415-73x59,18-415,round
GBRndFrst78SpryShnBlk,Rnd-round-18-415-73x59,18-415,round
LBRndFrst78LtnShnGl,Rnd-round-18-415-73x59,18-415,round
GBRndFrst78SpryShnGl,Rnd-round-18-415-73x59,18-415,round
LBRndFrst78LtnShnSl,Rnd-round-18-415-73x59,18-415,round
GBRndFrst78SpryShnSl,Rnd-round-18-415-73x59,18-415,round
GBRndFrst78AnSpWht,Rnd-round-18-415-73x59,18-415,round
GBRndFrst78AnSpTslWht,Rnd-round-18-415-73x59,18-415,round
GBRnd78AnSpTslBlk,Rnd-round-18-415-73x59,18-415,round
LBRnd78LtnClOvrCap,Rnd-round-18-415-73x59,18-415,round
GBRnd78AnSpTslGl,Rnd-round-18-415-73x59,18-415,round
GBRnd78AnSpTslIvyGl,Rnd-round-18-415-73x59,18-415,round
GBRnd78AnSpTslIvySl,Rnd-round-18-415-73x59,18-415,round
GBRnd78AnSpTslMtSl,Rnd-round-18-415-73x59,18-415,round
GBRnd78AnSpTslPnk,Rnd-round-18-415-73x59,18-415,round
GBRnd78AnSpTslRed,Rnd-round-18-415-73x59,18-415,round
GBRnd78RdcrBlkLthr,Rnd-round-18-415-73x59,18-415,round
GBRnd78RdcrBrwnLthr,Rnd-round-18-415-73x59,18-415,round
GBRnd78RdcrLBrwnLthr,Rnd-round-18-415-73x59,18-415,round
GBRnd78RdcrShnBlkTall,Rnd-round-18-415-73x59,18-415,round
GBRnd78RdcrMtSlTall,Rnd-round-18-415-73x59,18-415,round
GBRnd78RdcrWht,Rnd-round-18-415-73x59,18-415,round
GBRoyal13RollBlkSh,Royal-boxy-13-415-56x40x21,13-415,boxy
GBRoyal13RollBlkDot,Royal-boxy-13-415-56x40x21,13-415,boxy
GBRoyal13RollPinkDot,Royal-boxy-13-415-56x40x21,13-415,boxy
GBRoyal13RollGlSh,Royal-boxy-13-415-56x40x21,13-415,boxy
GBRoyal13RollSlSh,Royal-boxy-13-415-56x40x21,13-415,boxy
GBRoyal13RollSlDot,Royal-boxy-13-415-56x40x21,13-415,boxy
GBRoyal13SpryBlkSh,Royal-boxy-13-415-56x40x21,13-415,boxy
GBRoyal13SprySlSh,Royal-boxy-13-415-56x40x21,13-415,boxy
GBRoyal13BlkSht,Royal-boxy-13-415-56x40x21,13-415,boxy
GBRoyal13WhtSht,Royal-boxy-13-415-56x40x21,13-415,boxy
GBSlk100AnSpBlk,Slk-unknown-18-415-149x36,18-415,unknown
GBSlk100AnSpTslBlk,Slk-unknown-18-415-149x36,18-415,unknown
LBSlk100LtnClOvrCap,Slk-unknown-18-415-149x36,18-415,unknown
GBSlk100AnSpGl,Slk-unknown-18-415-149x36,18-415,unknown
GBSlk100AnSpTslGl,Slk-unknown-18-415-149x36,18-415,unknown
GBSlk100AnSpIvyGl,Slk-unknown-18-415-149x36,18-415,unknown
GBSlk100AnSpIvySl,Slk-unknown-18-415-149x36,18-415,unknown
GBSlk100AnSpTslIvyGl,Slk-unknown-18-415-149x36,18-415,unknown
GBSlk100AnSpTslIvySl,Slk-unknown-18-415-149x36,18-415,unknown
GBSlk100AnSpLvn,Slk-unknown-18-415-149x36,18-415,unknown
GBSlk100AnSpTslLvn,Slk-unknown-18-415-149x36,18-415,unknown
LBSlk100LtnCu,Slk-unknown-18-415-149x36,18-415,unknown
GBSlk100SpryCu,Slk-unknown-18-415-149x36,18-415,unknown
LBSlk100LtnMtGl,Slk-unknown-18-415-149x36,18-415,unknown
GBSlk100SpryMtGl,Slk-unknown-18-415-149x36,18-415,unknown
LBSlk100LtnMtSl,Slk-unknown-18-415-149x36,18-415,unknown
GBSlk100SpryMtSl,Slk-unknown-18-415-149x36,18-415,unknown
GBSlk100AnSpMtSl,Slk-unknown-18-415-149x36,18-415,unknown
GBSlk100AnSpTslMtSl,Slk-unknown-18-415-149x36,18-415,unknown
GBSlk100AnSpPnk,Slk-unknown-18-415-149x36,18-415,unknown
GBSlk100AnSpTslPnk,Slk-unknown-18-415-149x36,18-415,unknown
GBSlk100AnSpRed,Slk-unknown-18-415-149x36,18-415,unknown
GBSlk100AnSpTslRed,Slk-unknown-18-415-149x36,18-415,unknown
GBSlk100RdcrBlkLthr,Slk-unknown-18-415-149x36,18-415,unknown
GBSlk100RdcrShnBlk,Slk-unknown-18-415-149x36,18-415,unknown
GBSlk100RdcrBrwnLthr,Slk-unknown-18-415-149x36,18-415,unknown
GBSlk100RdcrIvyLthr,Slk-unknown-18-415-149x36,18-415,unknown
GBSlk100RdcrLBrwnLthr,Slk-unknown-18-415-149x36,18-415,unknown
GBSlk100RdcrPnkLthr,Slk-unknown-18-415-149x36,18-415,unknown
GBSlk100RdcrShnGl,Slk-unknown-18-415-149x36,18-415,unknown
GBSlk100RdcrShnSl,Slk-unknown-18-415-149x36,18-415,unknown
GBSlk100RdcrMtSl,Slk-unknown-18-415-149x36,18-415,unknown
GBSlk100RdcrShnBlkTall,Slk-unknown-18-415-149x36,18-415,unknown
GBSlk100RdcrMtSlTall,Slk-unknown-18-415-149x36,18-415,unknown
GBSlk100RdcrWht,Slk-unknown-18-415-149x36,18-415,unknown
LBSlk100LtnShnBlk,Slk-unknown-18-415-149x36,18-415,unknown
GBSlk100SpryShnBlk,Slk-unknown-18-415-149x36,18-415,unknown
LBSlk100LtnShnGl,Slk-unknown-18-415-149x36,18-415,unknown
GBSlk100SpryShnGl,Slk-unknown-18-415-149x36,18-415,unknown
LBSlk100LtnShnSl,Slk-unknown-18-415-149x36,18-415,unknown
GBSlk100SpryShnSl,Slk-unknown-18-415-149x36,18-415,unknown
LBSlk100WhtRectClOverCap,Slk-unknown-18-415-149x36,18-415,unknown
GBSlk100AnSpWht,Slk-unknown-18-415-149x36,18-415,unknown
GBSlk100AnSpTslWht,Slk-unknown-18-415-149x36,18-415,unknown
GBSlk30AnSpBlk,Slk-unknown-18-415-98x28,18-415,unknown
GBSlk30AnSpGl,Slk-unknown-18-415-98x28,18-415,unknown
GBSlk30AnSpIvyGl,Slk-unknown-18-415-98x28,18-415,unknown
GBSlk30AnSpIvySl,Slk-unknown-18-415-98x28,18-415,unknown
GBSlk30AnSpLvn,Slk-unknown-18-415-98x28,18-415,unknown
GBSlk30AnSpMtSl,Slk-unknown-18-415-98x28,18-415,unknown
GBSlk30AnSpPnk,Slk-unknown-18-415-98x28,18-415,unknown
GBSlk30AnSpRed,Slk-unknown-18-415-98x28,18-415,unknown
GBSlk30RdcrBlkLthr,Slk-unknown-18-415-98x28,18-415,unknown
GBSlk30RdcrShnBlk,Slk-unknown-18-415-98x28,18-415,unknown
GBSlk30RdcrBrwnLthr,Slk-unknown-18-415-98x28,18-415,unknown
GBSlk30RdcrIvyLthr,Slk-unknown-18-415-98x28,18-415,unknown
GBSlk30RdcrLBrwnLthr,Slk-unknown-18-415-98x28,18-415,unknown
GBSlk30RdcrPnkLthr,Slk-unknown-18-415-98x28,18-415,unknown
GBSlk30RdcrShnGl,Slk-unknown-18-415-98x28,18-415,unknown
GBSlk30RdcrShnSl,Slk-unknown-18-415-98x28,18-415,unknown
GBSlk30RdcrMtSl,Slk-unknown-18-415-98x28,18-415,unknown
GBSlk30RdcrShnBlkTall,Slk-unknown-18-415-98x28,18-415,unknown
GBSlk30RdcrMtSlTall,Slk-unknown-18-415-98x28,18-415,unknown
GBSlk30RdcrWht,Slk-unknown-18-415-98x28,18-415,unknown
GBSlk30DrpCu,Slk-unknown-18-415-98x28,18-415,unknown
GBSlk30DrpGl,Slk-unknown-18-415-98x28,18-415,unknown
GBSlk30DrpSl,Slk-unknown-18-415-98x28,18-415,unknown
GBSlk30AnSpWht,Slk-unknown-18-415-98x28,18-415,unknown
GBSleek8RollBlkSh,Sleek-boxy-13-415-66x17x17,13-415,boxy
GBSleek8RollBlkDot,Sleek-boxy-13-415-66x17x17,13-415,boxy
GBSleek8RollPinkDot,Sleek-boxy-13-415-66x17x17,13-415,boxy
GBSleek8RollGlSh,Sleek-boxy-13-415-66x17x17,13-415,boxy
GBSleek8RollSlSh,Sleek-boxy-13-415-66x17x17,13-415,boxy
GBSleek8RollSlDot,Sleek-boxy-13-415-66x17x17,13-415,boxy
GBSleek8BlkSht,Sleek-boxy-13-415-66x17x17,13-415,boxy
GBSleek8WhtSht,Sleek-boxy-13-415-66x17x17,13-415,boxy
LBSlm30LtnClOvrCap,Slm-boxy-18-415-87x30x30,18-415,boxy
LBSlm30LtnCu,Slm-boxy-18-415-87x30x30,18-415,boxy
LBSlm30LtnMtGl,Slm-boxy-18-415-87x30x30,18-415,boxy
LBSlm30LtnMtSl,Slm-boxy-18-415-87x30x30,18-415,boxy
LBSlm30LtnShnBlk,Slm-boxy-18-415-87x30x30,18-415,boxy
LBSlm30LtnShnGl,Slm-boxy-18-415-87x30x30,18-415,boxy
LBSlm30LtnShnSl,Slm-boxy-18-415-87x30x30,18-415,boxy
GBSlm30AnSpBlk,Slm-boxy-18-415-87x30x30,18-415,boxy
GBSlm30AnSpGl,Slm-boxy-18-415-87x30x30,18-415,boxy
GBSlm30AnSpIvyGl,Slm-boxy-18-415-87x30x30,18-415,boxy
GBSlm30AnSpIvySl,Slm-boxy-18-415-87x30x30,18-415,boxy
GBSlm30AnSpLvn,Slm-boxy-18-415-87x30x30,18-415,boxy
GBSlm30SpryCu,Slm-boxy-18-415-87x30x30,18-415,boxy
GBSlm30SpryMtGl,Slm-boxy-18-415-87x30x30,18-415,boxy
GBSlm30SpryMtSl,Slm-boxy-18-415-87x30x30,18-415,boxy
GBSlm30AnSpMtSl,Slm-boxy-18-415-87x30x30,18-415,boxy
GBSlm30AnSpPnk,Slm-boxy-18-415-87x30x30,18-415,boxy
GBSlm30AnSpRed,Slm-boxy-18-415-87x30x30,18-415,boxy
GBSlm30RdcrBlkLthr,Slm-boxy-18-415-87x30x30,18-415,boxy
GBSlm30RdcrShnBlk,Slm-boxy-18-415-87x30x30,18-415,boxy
GBSlm30RdcrBrwnLthr,Slm-boxy-18-415-87x30x30,18-415,boxy
GBSlm30RdcrIvyLthr,Slm-boxy-18-415-87x30x30,18-415,boxy
GBSlm30RdcrLBrwnLthr,Slm-boxy-18-415-87x30x30,18-415,boxy
GBSlm30RdcrPnkLthr,Slm-boxy-18-415-87x30x30,18-415,boxy
GBSlm30RdcrShnGl,Slm-boxy-18-415-87x30x30,18-415,boxy
GBSlm30RdcrShnSl,Slm-boxy-18-415-87x30x30,18-415,boxy
GBSlm30RdcrMtSl,Slm-boxy-18-415-87x30x30,18-415,boxy
GBSlm30RdcrShnBlkTall,Slm-boxy-18-415-87x30x30,18-415,boxy
GBSlm30RdcrMtSlTall,Slm-boxy-18-415-87x30x30,18-415,boxy
GBSlm30RdcrWht,Slm-boxy-18-415-87x30x30,18-415,boxy
GBSlm30SpryShnBlk,Slm-boxy-18-415-87x30x30,18-415,boxy
GBSlm30SpryShnGl,Slm-boxy-18-415-87x30x30,18-415,boxy
GBSlm30SpryShnSl,Slm-boxy-18-415-87x30x30,18-415,boxy
GBSlm30DrpCu,Slm-boxy-18-415-87x30x30,18-415,boxy
GBSlm30DrpGl,Slm-boxy-18-415-87x30x30,18-415,boxy
GBSlm30DrpSl,Slm-boxy-18-415-87x30x30,18-415,boxy
GBSlm30AnSpWht,Slm-boxy-18-415-87x30x30,18-415,boxy
LBSlm50LtnClOvrCap,Slm-boxy-18-415-121x31x31,18-415,boxy
LBSlm50LtnCu,Slm-boxy-18-415-121x31x31,18-415,boxy
LBSlm50LtnMtGl,Slm-boxy-18-415-121x31x31,18-415,boxy
LBSlm50LtnMtSl,Slm-boxy-18-415-121x31x31,18-415,boxy
LBSlm50LtnShnBlk,Slm-boxy-18-415-121x31x31,18-415,boxy
LBSlm50LtnShnGl,Slm-boxy-18-415-121x31x31,18-415,boxy
LBSlm50LtnShnSl,Slm-boxy-18-415-121x31x31,18-415,boxy
GBSlm50AnSpBlk,Slm-boxy-18-415-121x31x31,18-415,boxy
GBSlm50AnSpTslBlk,Slm-boxy-18-415-121x31x31,18-415,boxy
GBSlm50AnSpGl,Slm-boxy-18-415-121x31x31,18-415,boxy
GBSlm50AnSpTslGl,Slm-boxy-18-415-121x31x31,18-415,boxy
GBSlm50AnSpIvyGl,Slm-boxy-18-415-121x31x31,18-415,boxy
GBSlm50AnSpIvySl,Slm-boxy-18-415-121x31x31,18-415,boxy
GBSlm50AnSpTslIvyGl,Slm-boxy-18-415-121x31x31,18-415,boxy
GBSlm50AnSpTslIvySl,Slm-boxy-18-415-121x31x31,18-415,boxy
GBSlm50AnSpLvn,Slm-boxy-18-415-121x31x31,18-415,boxy
GBSlm50AnSpTslLvn,Slm-boxy-18-415-121x31x31,18-415,boxy
GBSlm50SpryCu,Slm-boxy-18-415-121x31x31,18-415,boxy
GBSlm50SpryMtGl,Slm-boxy-18-415-121x31x31,18-415,boxy
GBSlm50SpryMtSl,Slm-boxy-18-415-121x31x31,18-415,boxy
GBSlm50AnSpMtSl,Slm-boxy-18-415-121x31x31,18-415,boxy
GBSlm50AnSpTslMtSl,Slm-boxy-18-415-121x31x31,18-415,boxy
GBSlm50AnSpPnk,Slm-boxy-18-415-121x31x31,18-415,boxy
GBSlm50AnSpTslPnk,Slm-boxy-18-415-121x31x31,18-415,boxy
GBSlm50AnSpRed,Slm-boxy-18-415-121x31x31,18-415,boxy
GBSlm50AnSpTslRed,Slm-boxy-18-415-121x31x31,18-415,boxy
GBSlm50RdcrBlkLthr,Slm-boxy-18-415-121x31x31,18-415,boxy
GBSlm50RdcrShnBlk,Slm-boxy-18-415-121x31x31,18-415,boxy
GBSlm50RdcrBrwnLthr,Slm-boxy-18-415-121x31x31,18-415,boxy
GBSlm50RdcrIvyLthr,Slm-boxy-18-415-121x31x31,18-415,boxy
GBSlm50RdcrLBrwnLthr,Slm-boxy-18-415-121x31x31,18-415,boxy
GBSlm50RdcrPnkLthr,Slm-boxy-18-415-121x31x31,18-415,boxy
GBSlm50RdcrShnGl,Slm-boxy-18-415-121x31x31,18-415,boxy
GBSlm50RdcrShnSl,Slm-boxy-18-415-121x31x31,18-415,boxy
GBSlm50RdcrMtSl,Slm-boxy-18-415-121x31x31,18-415,boxy
GBSlm50RdcrShnBlkTall,Slm-boxy-18-415-121x31x31,18-415,boxy
GBSlm50RdcrMtSlTall,Slm-boxy-18-415-121x31x31,18-415,boxy
GBSlm50RdcrWht,Slm-boxy-18-415-121x31x31,18-415,boxy
GBSlm50SpryShnBlk,Slm-boxy-18-415-121x31x31,18-415,boxy
GBSlm50SpryShnGl,Slm-boxy-18-415-121x31x31,18-415,boxy
GBSlm50SpryShnSl,Slm-boxy-18-415-121x31x31,18-415,boxy
GBSlm50AnSpWht,Slm-boxy-18-415-121x31x31,18-415,boxy
GBSlm50AnSpTslWht,Slm-boxy-18-415-121x31x31,18-415,boxy
GBSqr15RollBlkSh,Sqr-boxy-13-415-52x26x26,13-415,boxy
GBSqr15RollBlkDot,Sqr-boxy-13-415-52x26x26,13-415,boxy
GBSqr15RollPinkDot,Sqr-boxy-13-415-52x26x26,13-415,boxy
GBSqr15RollGlSh,Sqr-boxy-13-415-52x26x26,13-415,boxy
GBSqr15RollSlSh,Sqr-boxy-13-415-52x26x26,13-415,boxy
GBSqr15RollSlDot,Sqr-boxy-13-415-52x26x26,13-415,boxy
GBSqr15SpryBlkSh,Sqr-boxy-13-415-52x26x26,13-415,boxy
GBSqr15SpryGlSh,Sqr-boxy-13-415-52x26x26,13-415,boxy
GBSqr15SprySlSh,Sqr-boxy-13-415-52x26x26,13-415,boxy
GBSqr15BlkSht,Sqr-boxy-13-415-52x26x26,13-415,boxy
GBSqr15WhtSht,Sqr-boxy-13-415-52x26x26,13-415,boxy
GBTallCyl9RollBlkSh,TallCyl-round-13-415-106x18,13-415,round
GBTallCyl9RollBlkDot,TallCyl-round-13-415-106x18,13-415,round
GBTallCyl9RollPinkDot,TallCyl-round-13-415-106x18,13-415,round
GBTallCyl9RollGlSh,TallCyl-round-13-415-106x18,13-415,round
GBTallCyl9RollSlSh,TallCyl-round-13-415-106x18,13-415,round
GBTallCyl9RollSlDot,TallCyl-round-13-415-106x18,13-415,round
GBTallCyl9SpryBlkSh,TallCyl-round-13-415-106x18,13-415,round
GBTallCyl9SpryGlSh,TallCyl-round-13-415-106x18,13-415,round
GBTallCyl9SprySlSh,TallCyl-round-13-415-106x18,13-415,round
GBTallCyl9BlkSht,TallCyl-round-13-415-106x18,13-415,round
GBTallCyl9WhtSht,TallCyl-round-13-415-106x18,13-415,round
GBTallRect10RollBlkSh,TallRect-boxy-13-415-101x17x17,13-415,boxy
GBTallRect10RollBlkDot,TallRect-boxy-13-415-101x17x17,13-415,boxy
GBTallRect10RollPinkDot,TallRect-boxy-13-415-101x17x17,13-415,boxy
GBTallRect10RollGlSh,TallRect-boxy-13-415-101x17x17,13-415,boxy
GBTallRect10RollSlSh,TallRect-boxy-13-415-101x17x17,13-415,boxy
GBTallRect10RollSlDot,TallRect-boxy-13-415-101x17x17,13-415,boxy
GBTallRect10BlkSht,TallRect-boxy-13-415-101x17x17,13-415,boxy
GBTallRect10WhtSht,TallRect-boxy-13-415-101x17x17,13-415,boxy
GBTulipAmb5RollBlkSh,Tulip-round-13-415-45x23,13-415,round
GBTulipAmb5RollPinkDot,Tulip-round-13-415-45x23,13-415,round
GBTulipAmb5RollGlSh,Tulip-round-13-415-45x23,13-415,round
GBTulipAmb5RollSlSh,Tulip-round-13-415-45x23,13-415,round
GBTulipAmb5RollSlDot,Tulip-round-13-415-45x23,13-415,round
GBTulipAmb5SpryBlkSh,Tulip-round-13-415-45x23,13-415,round
GBTulipAmb5SpryGlSh,Tulip-round-13-415-45x23,13-415,round
GBTulipAmb5SprySlSh,Tulip-round-13-415-45x23,13-415,round
GBTulipAmb5BlkSht,Tulip-round-13-415-45x23,13-415,round
GBTulipAmb5WhtSht,Tulip-round-13-415-45x23,13-415,round
