componentId,sellable,graceSku,websiteSku,type,neck,finish,capColor,capStyle,color,trimColor,applicator,convexFamily,itemName,status,typeEvidence,dotted,rollerMaterial,psdStem,psdLibrary,psdPath,psdFolder,psdMatch,psdCanvas,psdHiddenLayers,stockStatus,imageUrl,productUrl,source,confidence
CMP-PLUG-BLK-VIAL,True,CMP-PLUG-BLK-VIAL,REF-CMP-PLUG-BLK-VIAL,plug-applicator,,Black,Black,,,,Applicator Cap,Plug/Applicator,Black plug applicator for 1ml vial,quarantine,family=Plug/Applicator,False,,,,,,,,,,,,convex:products (dev) 2026-09-25,low
CMP-PLUG-WHT-VIAL,True,CMP-PLUG-WHT-VIAL,REF-CMP-PLUG-WHT-VIAL,plug-applicator,,White,White,,,,Applicator Cap,Plug/Applicator,White plug applicator for 1ml vial,quarantine,family=Plug/Applicator,False,,,,,,,,,,,,convex:products (dev) 2026-09-25,low
CMP-ROC-WHT-03,True,CMP-ROC-WHT-03,CPWhite1Oz,roll-on-cap,,White,White,Roll-On,,,Plastic Roller Ball,Roll-On Cap,Roll-On Cap White,quarantine,family=Roll-On Cap,False,,,,,,,,,In Stock,,https://www.bestbottles.com/product/caps-lids-top-roll-on-bottle-black-dot-color-13-415,convex:products (dev) 2026-09-25,low
CMP-SPR-LVN-BULB,True,CMP-SPR-LVN-BULB,AntqSprBulbLavender,vintage-bulb-sprayer,,Lavender,Lavender,,,,N/A,Sprayer,Antique Sprayer Bulb Lavender,quarantine,family=Sprayer; SKU/name says bulb,False,,,,,,,,,In Stock,,https://www.bestbottles.com/product/Vintage-antique-bulb-sprayer-Lavender,convex:products (dev) 2026-09-25,low
CMP-CAP-BLK-13-415-01,True,CMP-CAP-BLK-13-415-01,CP13-415SpryBlkMt,cap,13-415,Black,Black,Spray,Black,,Fine Mist Sprayer,Cap/Closure,Cap/Closure Thread 13-415,current,family=Cap/Closure,False,,Spry13-415BlkMt,20. Caps,18. 13-415 Sprayers/1. Spry13-415BlkMt.psd,18. 13-415 Sprayers,alias-map,"[570, 1060]",0,In Stock,,https://www.bestbottles.com/product/spray-top-matte-black-13-415,convex:products (dev) 2026-09-25,high
CMP-CAP-BLK-13-415-02,True,CMP-CAP-BLK-13-415-02,CP13-415SpryBlkSh,cap,13-415,Black,Black,Spray,Black,,Fine Mist Sprayer,Cap/Closure,Cap/Closure Thread 13-415,current,family=Cap/Closure,False,,Spry13-415BlkSh,20. Caps,18. 13-415 Sprayers/3. Spry13-415BlkSh.psd,18. 13-415 Sprayers,alias-map,"[658, 1218]",0,In Stock,,https://www.bestbottles.com/product/spray-top-shiny-black-13-415,convex:products (dev) 2026-09-25,high
CMP-CAP-13-415,True,CMP-CAP-13-415,CP13-415SpryBluMt,cap,13-415,Blue,Blue,Spray,Blue,,Fine Mist Sprayer,Cap/Closure,Cap/Closure Thread 13-415,current,family=Cap/Closure,False,,Spry13-415BluMt,20. Caps,18. 13-415 Sprayers/4. Spry13-415BluMt.psd,18. 13-415 Sprayers,alias-map,"[570, 1060]",0,In Stock,,https://www.bestbottles.com/product/spray-top-matte-blue-13-415,convex:products (dev) 2026-09-25,high
CMP-CAP-SGLD-13-415-02,True,CMP-CAP-SGLD-13-415-02,CP13-415SpryGlMt,cap,13-415,Shiny Gold,Shiny Gold,Spray,Gold,,Fine Mist Sprayer,Cap/Closure,Cap/Closure Thread 13-415,current,family=Cap/Closure,False,,Spry13-415GlMt,20. Caps,18. 13-415 Sprayers/6. Spry13-415GlMt.psd,18. 13-415 Sprayers,alias-map,"[570, 1060]",0,In Stock,,https://www.bestbottles.com/product/spray-top-matte-gold-13-415,convex:products (dev) 2026-09-25,high
CMP-CAP-SGLD-13-415-03,True,CMP-CAP-SGLD-13-415-03,CP13-415SpryGlSh,cap,13-415,Shiny Gold,Shiny Gold,Spray,Gold,,Fine Mist Sprayer,Cap/Closure,Cap/Closure Thread 13-415,current,family=Cap/Closure,False,,Spry13-415GlSh,20. Caps,18. 13-415 Sprayers/5. Spry13-415GlSh.psd,18. 13-415 Sprayers,alias-map,"[570, 1060]",0,In Stock,,https://www.bestbottles.com/product/spray-top-shiny-gold-13-415,convex:products (dev) 2026-09-25,high
CMP-CAP-SLV-13-415-02,True,CMP-CAP-SLV-13-415-02,CP13-415SprySlMt,cap,13-415,Silver,Silver,Spray,Silver,,Fine Mist Sprayer,Cap/Closure,Cap/Closure Thread 13-415,current,family=Cap/Closure,False,,Spry13-415SlMt,20. Caps,18. 13-415 Sprayers/7. Spry13-415SlMt.psd,18. 13-415 Sprayers,alias-map,"[578, 1046]",0,In Stock,,https://www.bestbottles.com/product/spray-top-matte-silver-13-415,convex:products (dev) 2026-09-25,high
CMP-CAP-SLV-13-415-03,True,CMP-CAP-SLV-13-415-03,CP13-415SprySlSh,cap,13-415,Silver,Silver,Spray,Silver,,Fine Mist Sprayer,Cap/Closure,Cap/Closure Thread 13-415,current,family=Cap/Closure,False,,Spry13-415SlSh,20. Caps,18. 13-415 Sprayers/8 Spry13-415SlSh.psd,18. 13-415 Sprayers,alias-map,"[570, 1060]",0,In Stock,,https://www.bestbottles.com/product/spray-top-shiny-silver-13-415,convex:products (dev) 2026-09-25,high
CMP-CAP-SBLK-13-415,True,CMP-CAP-SBLK-13-415,,cap-review,13-415,Clear,,,Clear,,N/A,Cap/Component,Short shiny black or closure for glass bottle with foam liner. Thread size 13-415,quarantine,family=Cap/Component (alias-looking record),False,,,,,,,,,In Stock,,https://www.bestbottles.com/product/Short-Caps-lids-top-bottle-shiny-black-Color-13-415,convex:products (dev) 2026-09-25,low
CMP-CAP-BLK-S-13-415,True,CMP-CAP-BLK-S-13-415,CP13-415BlkSht,roll-on-cap,13-415,Black,Black,Short,Black,,Cap/Closure,Roll-On Cap,"Black lid or closure for glass bottle, Thread size 13-415",current,family=Roll-On Cap,False,,CP13-415BlkSht,20. Caps,17. 13-415 Caps /1. CP13-415BlkSht.psd,17. 13-415 Caps,exact,"[674, 978]",0,In Stock,,https://www.bestbottles.com/product/Caps-lids-short-top-bottle-white-Color-13-415,convex:products (dev) 2026-09-25,high
CMP-CAP-SGLD-13-415-01,True,CMP-CAP-SGLD-13-415-01,CP13-415Gl,roll-on-cap,13-415,Shiny Gold,Shiny Gold,,Gold,,Cap/Closure,Roll-On Cap,"Shiny gold lid or closure for glass bottle, Thread size 13-415",current,family=Roll-On Cap,False,,CP13-415Gl,20. Caps,17. 13-415 Caps /4. CP13-415Gl.psd,17. 13-415 Caps,exact,"[674, 978]",1,In Stock,,https://www.bestbottles.com/product/Caps-lids-top-bottle-shiny-gold-Color-13-415,convex:products (dev) 2026-09-25,high
CMP-CAP-SLV-13-415-01,True,CMP-CAP-SLV-13-415-01,CP13-415Sl,roll-on-cap,13-415,Silver,Silver,,Silver,,Cap/Closure,Roll-On Cap,"Shiny silver lid or closure for glass bottle, Thread size 13-415",current,family=Roll-On Cap,False,,CP13-415Sl,20. Caps,17. 13-415 Caps /3. CP13-415Sl.psd,17. 13-415 Caps,exact,"[674, 978]",1,In Stock,,https://www.bestbottles.com/product/Caps-lids-top-bottle-shiny-silver-Color-13-415,convex:products (dev) 2026-09-25,high
CMP-CAP-WHT-S-13-415,True,CMP-CAP-WHT-S-13-415,CP13-415WhtSht,roll-on-cap,13-415,White,White,Short,White,,Cap/Closure,Roll-On Cap,"White lid or closure for glass bottle, Thread size 13-415",current,family=Roll-On Cap,False,,CP13-415WhtSht,20. Caps,17. 13-415 Caps /2. CP13-415WhtSht.psd,17. 13-415 Caps,exact,"[674, 978]",0,In Stock,,https://www.bestbottles.com/product/Caps-lids-short-top-bottle-black-Color-13-415,convex:products (dev) 2026-09-25,high
CMP-ROC-BLK-13415-DOT,True,CMP-ROC-BLK-13415-DOT,CPRoll13-415BlackDot,roll-on-cap,13-415,Black,Black,Roll-On,Black,,Plastic Roller Ball,Roll-On Cap,"Shiny black cap with dots or closure for rollon bottles, Threadsize 13-415",current,family=Roll-On Cap,True,,CPRoll13-415BlackDot,20. Caps,19. 13-415 Roll on/1. CPRoll13-415BlackDot.psd,19. 13-415 Roll on,exact,"[674, 978]",0,In Stock,,https://www.bestbottles.com/product/Caps-lids-top-roll-on-bottle-Black-dot-Color-13-415,convex:products (dev) 2026-09-25,high
CMP-ROC-SBLK-13415,True,CMP-ROC-SBLK-13415,CPRoll13-415BlkSh,roll-on-cap,13-415,Black,Black,Roll-On,Black,,Plastic Roller Ball,Roll-On Cap,"Shiny Black cap or closure for rollon bottles, Threadsize 13-415",current,family=Roll-On Cap,False,,CPRoll13-415BlkSh,20. Caps,19. 13-415 Roll on/9. CPRoll13-415BlkSh.psd,19. 13-415 Roll on,exact,"[674, 978]",0,In Stock,,https://www.bestbottles.com/product/Caps-lids-top-roll-on-bottle-shiny-Black-Color-13-415,convex:products (dev) 2026-09-25,high
CMP-ROC-MCPR-13415,True,CMP-ROC-MCPR-13415,CPRoll13-415Cu,roll-on-cap,13-415,Copper,Copper,Roll-On,Copper,,Plastic Roller Ball,Roll-On Cap,"Matte Copper cap or closure for rollon bottles, Threadsize 13-415",current,family=Roll-On Cap,False,,CPRoll13-415Cu,20. Caps,19. 13-415 Roll on/7. CPRoll13-415Cu.psd,19. 13-415 Roll on,exact,"[674, 978]",2,In Stock,,https://www.bestbottles.com/product/Caps-lids-top-roll-on-bottle-copper-Color-13-415,convex:products (dev) 2026-09-25,high
CMP-ROC-MGLD-13415,True,CMP-ROC-MGLD-13415,CPRoll13-415GlMt,roll-on-cap,13-415,Shiny Gold,Shiny Gold,Roll-On,Gold,,Plastic Roller Ball,Roll-On Cap,"Matte Gold cap or closure for rollon bottles, Threadsize 13-415",current,family=Roll-On Cap,False,,CPRoll13-415GlMt,20. Caps,19. 13-415 Roll on/5. CPRoll13-415GlMt.psd,19. 13-415 Roll on,exact,"[674, 978]",5,In Stock,,https://www.bestbottles.com/product/Caps-lids-top-roll-on-bottle-matte-gold-Color-13-415,convex:products (dev) 2026-09-25,high
CMP-ROC-SGLD-13415,True,CMP-ROC-SGLD-13415,CPRoll13-415GlSh,roll-on-cap,13-415,Shiny Gold,Shiny Gold,Roll-On,Gold,,Plastic Roller Ball,Roll-On Cap,"Shiny Gold cap or closure for rollon bottles, Threadsize 13-415",current,family=Roll-On Cap,False,,CPRoll13-415GlSh,20. Caps,19. 13-415 Roll on/8. CPRoll13-415GlSh.psd,19. 13-415 Roll on,exact,"[674, 978]",1,In Stock,,https://www.bestbottles.com/product/Caps-lids-top-roll-on-bottle-shiny-gold-Color-13-415,convex:products (dev) 2026-09-25,high
CMP-ROC-PNK-13415-DOT,True,CMP-ROC-PNK-13415-DOT,CPRoll13-415PinkDot,roll-on-cap,13-415,Pink,Pink,Roll-On,Pink,,Plastic Roller Ball,Roll-On Cap,"Pink cap with dots or closure for rollon bottles, Threadsize 13-415",current,family=Roll-On Cap,True,,CPRoll13-415PinkDot,20. Caps,19. 13-415 Roll on/4. CPRoll13-415PinkDot.psd,19. 13-415 Roll on,exact,"[674, 978]",6,In Stock,,https://www.bestbottles.com/product/Caps-lids-top-roll-on-bottle-pink-dot-Color-13-415,convex:products (dev) 2026-09-25,high
CMP-ROC-SLV-13415-DOT,True,CMP-ROC-SLV-13415-DOT,CPRoll13-415SlDot,roll-on-cap,13-415,Silver,Silver,Roll-On,Silver,,Plastic Roller Ball,Roll-On Cap,"Silver cap with dots or closure for rollon bottles, Threadsize 13-415",current,family=Roll-On Cap,True,,CPRoll13-415SlDot,20. Caps,19. 13-415 Roll on/2. CPRoll13-415SlDot.psd,19. 13-415 Roll on,exact,"[674, 978]",8,In Stock,,https://www.bestbottles.com/product/Caps-lids-top-roll-on-bottle-Black-Color-13-415,convex:products (dev) 2026-09-25,high
CMP-ROC-MSLV-13415,True,CMP-ROC-MSLV-13415,CPRoll13-415SlMt,roll-on-cap,13-415,Silver,Silver,Roll-On,Silver,,Plastic Roller Ball,Roll-On Cap,"Matte silver cap or closure for rollon bottles, Threadsize 13-415",current,family=Roll-On Cap,False,,CPRoll13-415SlMt,20. Caps,19. 13-415 Roll on/3. CPRoll13-415SlMt.psd,19. 13-415 Roll on,exact,"[674, 978]",7,In Stock,,https://www.bestbottles.com/product/Caps-lids-top-roll-on-bottle-mattr-silver-Color-13-415,convex:products (dev) 2026-09-25,high
CMP-ROC-SSLV-13415,True,CMP-ROC-SSLV-13415,CPRoll13-415SlSh,roll-on-cap,13-415,Silver,Silver,Roll-On,Silver,,Plastic Roller Ball,Roll-On Cap,"Shiny Silver cap or closure for rollon bottles, Threadsize 13-415",current,family=Roll-On Cap,False,,CPRoll13-415SlSh,20. Caps,19. 13-415 Roll on/6. CPRoll13-415SlSh.psd,19. 13-415 Roll on,exact,"[674, 978]",4,In Stock,,https://www.bestbottles.com/product/Caps-lids-top-roll-on-bottle-shiny-silver-Color-13-415,convex:products (dev) 2026-09-25,high
CMP-SPR-MTCP-13-415-01,True,CMP-SPR-MTCP-13-415-01,13-415CAP4SpryCuMt,fine-mist-sprayer,13-415,Matte Copper,Matte Copper,Spray,Matte Copper,,Fine Mist Sprayer,Sprayer,Sprayer Matte Copper Thread 13-415,current,family=Sprayer,False,,,,,,,,,In Stock,,https://www.bestbottles.com/product/spray-top-copper-13-415,convex:products (dev) 2026-09-25,medium
CMP-SPR-SHGD-13-415-01,True,CMP-SPR-SHGD-13-415-01,13-415CAP4SpryGlSh,fine-mist-sprayer,13-415,Shiny Gold,Shiny Gold,Spray,Shiny Gold,,Fine Mist Sprayer,Sprayer,Sprayer Shiny Gold Thread 13-415,current,family=Sprayer,False,,,,,,,,,In Stock,,https://www.bestbottles.com/product/Caps-lids-top-bottle-shiny-gold-Color-13-415,convex:products (dev) 2026-09-25,medium
CMP-SPR-MTSL-13-415-01,True,CMP-SPR-MTSL-13-415-01,13-415CAP4SprySlMt,fine-mist-sprayer,13-415,Matte Silver,Matte Silver,Spray,Matte Silver,,Fine Mist Sprayer,Sprayer,Sprayer Matte Silver Thread 13-415,current,family=Sprayer,False,,,,,,,,,In Stock,,https://www.bestbottles.com/product/Caps-lids-top-bottle-shiny-silver-Color-13-415,convex:products (dev) 2026-09-25,medium
CMP-SPR-MTBK-13-415-07,True,CMP-SPR-MTBK-13-415-07,CP13-415SpryBlkMt__RETIRED__CMP-SPR-MTBK-13-415-07__kd72baqmp72ys1hmvztz5mk1w581t3vm,fine-mist-sprayer,13-415,Black,Black,Spray,,,,Sprayer,"Matte black Fine Mist Sprayer, Thread size 13-415",retired,family=Sprayer,False,,,,,,,,,Discontinued,,https://www.bestbottles.com/product/spray-top-matte-black-13-415,convex:products (dev) 2026-09-25,low
CMP-SPR-SHBK-13-415-07,True,CMP-SPR-SHBK-13-415-07,CP13-415SpryBlkSh__RETIRED__CMP-SPR-SHBK-13-415-07__kd7fv9jptth8sycbfevk9dm7hh81t1m5,fine-mist-sprayer,13-415,Black,Black,Spray,,,,Sprayer,"Shiny black Fine Mist Sprayer, Thread size 13-415",retired,family=Sprayer,False,,,,,,,,,Discontinued,,https://www.bestbottles.com/product/spray-top-shiny-black-13-415,convex:products (dev) 2026-09-25,low
CMP-SPR-MTBL-13-415-07,True,CMP-SPR-MTBL-13-415-07,CP13-415SpryBluMt__RETIRED__CMP-SPR-MTBL-13-415-07__kd740pmxrjeycm4j4zb7d5cja181v80r,fine-mist-sprayer,13-415,Blue,Blue,Spray,,,,Sprayer,"Matte blue Fine Mist Sprayer, Thread size 13-415",retired,family=Sprayer,False,,,,,,,,,Discontinued,,https://www.bestbottles.com/product/spray-top-matte-blue-13-415,convex:products (dev) 2026-09-25,low
CMP-SPR-MTCP-13-415-07,True,CMP-SPR-MTCP-13-415-07,CP13-415SpryCuMt,fine-mist-sprayer,13-415,Copper,Copper,Spray,,,,Sprayer,"Matte Copper Fine Mist Sprayer, Thread size 13-415",current,family=Sprayer,False,,Spry13-415CuMt,20. Caps,18. 13-415 Sprayers/2. Spry13-415CuMt.psd,18. 13-415 Sprayers,alias-map,"[570, 1060]",0,In Stock,,https://www.bestbottles.com/product/spray-top-copper-13-415,convex:products (dev) 2026-09-25,high
CMP-SPR-MTGD-13-415-07,True,CMP-SPR-MTGD-13-415-07,CP13-415SpryGlMt__RETIRED__CMP-SPR-MTGD-13-415-07__kd7fh3qwsytnvqp8jd7h7echq581tntw,fine-mist-sprayer,13-415,Shiny Gold,Shiny Gold,Spray,,,,Sprayer,"Matte gold Fine Mist Sprayer, Thread size 13-415",retired,family=Sprayer,False,,,,,,,,,Discontinued,,https://www.bestbottles.com/product/spray-top-matte-gold-13-415,convex:products (dev) 2026-09-25,low
CMP-SPR-SHGD-13-415-07,True,CMP-SPR-SHGD-13-415-07,CP13-415SpryGlSh__RETIRED__CMP-SPR-SHGD-13-415-07__kd7cr6yqfsxemgm3rd74zcf6ks81tm1y,fine-mist-sprayer,13-415,Shiny Gold,Shiny Gold,Spray,,,,Sprayer,"Shiny gold Fine Mist Sprayer, Thread size 13-415",retired,family=Sprayer,False,,,,,,,,,Discontinued,,https://www.bestbottles.com/product/spray-top-shiny-gold-13-415,convex:products (dev) 2026-09-25,low
CMP-SPR-MTSL-13-415-07,True,CMP-SPR-MTSL-13-415-07,CP13-415SprySlMt__RETIRED__CMP-SPR-MTSL-13-415-07__kd76392bqmeh4kbzfm81283z5981vhd3,fine-mist-sprayer,13-415,Silver,Silver,Spray,,,,Sprayer,"Matte silver Fine Mist Sprayer, Thread size 13-415",retired,family=Sprayer,False,,,,,,,,,Discontinued,,https://www.bestbottles.com/product/spray-top-matte-silver-13-415,convex:products (dev) 2026-09-25,low
CMP-SPR-SHSL-13-415-07,True,CMP-SPR-SHSL-13-415-07,CP13-415SprySlSh__RETIRED__CMP-SPR-SHSL-13-415-07__kd7213hha1xkgtw0tbys446sen81vrnn,fine-mist-sprayer,13-415,Silver,Silver,Spray,,,,Sprayer,"Shiny silver Fine Mist Sprayer, Thread size 13-415",retired,family=Sprayer,False,,,,,,,,,Discontinued,,https://www.bestbottles.com/product/spray-top-shiny-silver-13-415,convex:products (dev) 2026-09-25,low
CMP-SPR-RED-02,True,CMP-SPR-RED-02,GBATom5RedBurg,fine-mist-sprayer,13-415,Red,Red,Spray,,,Fine Mist Sprayer,Sprayer,Sprayer Red,current,family=Sprayer,False,,,,,,,,,In Stock,,https://www.bestbottles.com/product/spray-top-black-trim-color-17-415,convex:products (dev) 2026-09-25,medium
CMP-CLS-BLK-13-425,True,CMP-CLS-BLK-13-425,CP13-425Blk,cap,13-425,Black,Black,,,,Cap/Closure,Cap/Closure,Cap/Closure Black Thread 13-425,current,family=Cap/Closure,False,,,,,,,,,In Stock,,https://www.bestbottles.com/product/caps-lids-top-bottle-black-color-1oz-20-400,convex:products (dev) 2026-09-25,medium
CMP-CLS-WHT-13-425,True,CMP-CLS-WHT-13-425,CP13-425Wht,cap,13-425,White,White,,,,Cap/Closure,Cap/Closure,Cap/Closure White Thread 13-425,current,family=Cap/Closure,False,,,,,,,,,In Stock,,https://www.bestbottles.com/product/dropper-white-rubber-bulb-copper-trim-glass-pipette,convex:products (dev) 2026-09-25,medium
CMP-CAP-SGLD-15-415,True,CMP-CAP-SGLD-15-415,CP15-415ShnGl,roll-on-cap,15-415,Shiny Gold,Shiny Gold,,Gold,,Cap/Closure,Roll-On Cap,Shiny Gold color Cap or Closure for 15-415,current,family=Roll-On Cap,False,,CP15-415ShnGl,20. Caps,15. 15-415 Caps/7. CP15-415ShnGl.psd,15. 15-415 Caps,exact,"[488, 588]",1,In Stock,,https://www.bestbottles.com/product/Caps-lids-top-bottle-shiny-gold-Color-15-415,convex:products (dev) 2026-09-25,high
CMP-CAP-SSLV-15-415,True,CMP-CAP-SSLV-15-415,CP15-415ShnSl,roll-on-cap,15-415,Shiny Silver,Shiny Silver,,Silver,,Cap/Closure,Roll-On Cap,Shiny Silver color Cap or Closure for 15-415,current,family=Roll-On Cap,False,,CP15-415ShnSl,20. Caps,15. 15-415 Caps/6. CP15-415ShnSl.psd,15. 15-415 Caps,exact,"[488, 588]",0,In Stock,,https://www.bestbottles.com/product/Caps-lids-top-bottle-shiny-silver-Color-15-415,convex:products (dev) 2026-09-25,high
CMP-SPR-BLK-15-415,True,CMP-SPR-BLK-15-415,Spry15-415Blk,fine-mist-sprayer,15-415,Black,Black,Spray,Black,,Fine Mist Sprayer,Sprayer,"Shiny Black Fine Mist Sprayer, Thread size 15-415",current,family=Sprayer,False,,Spry15-415Blk,20. Caps,16. 15-415 Sprayer/1. Spry15-415Blk.psd,16. 15-415 Sprayer,exact,"[488, 588]",0,In Stock,,https://www.bestbottles.com/product/spray-top-shiny-black-color-15-415,convex:products (dev) 2026-09-25,high
CMP-SPR-GLD-15-415,True,CMP-SPR-GLD-15-415,Spry15-415MattGl,fine-mist-sprayer,15-415,Matte Gold,Matte Gold,Spray,Gold,,Fine Mist Sprayer,Sprayer,"Matte Gold Fine Mist Sprayer, Thread size 15-415",current,family=Sprayer,False,,Spry15-415MattGl,20. Caps,16. 15-415 Sprayer/5. Spry15-415MattGl.psd,16. 15-415 Sprayer,exact,"[488, 588]",0,In Stock,,https://www.bestbottles.com/product/spray-top-matte-gold-color-15-415,convex:products (dev) 2026-09-25,high
CMP-SPR-SLV-15-415,True,CMP-SPR-SLV-15-415,Spry15-415MattSl,fine-mist-sprayer,15-415,Matte Silver,Matte Silver,Spray,Silver,,Fine Mist Sprayer,Sprayer,"Matte Silver Fine Mist Sprayer, Thread size 15-415",current,family=Sprayer,False,,Spry15-415MattSl,20. Caps,16. 15-415 Sprayer/4. Spry15-415MattSl.psd,16. 15-415 Sprayer,exact,"[488, 588]",0,In Stock,,https://www.bestbottles.com/product/spray-top-matte-silver-color-15-415,convex:products (dev) 2026-09-25,high
CMP-SPR-SGLD-15-415,True,CMP-SPR-SGLD-15-415,Spry15-415ShnGl,fine-mist-sprayer,15-415,Shiny Gold,Shiny Gold,Spray,Gold,,Fine Mist Sprayer,Sprayer,"Shiny Gold Fine Mist Sprayer, Thread size 15-415",current,family=Sprayer,False,,Spry15-415ShnGl,20. Caps,16. 15-415 Sprayer/2. Spry15-415ShnGl.psd,16. 15-415 Sprayer,exact,"[488, 588]",0,In Stock,,https://www.bestbottles.com/product/spray-top-shiny-gold-color-15-415,convex:products (dev) 2026-09-25,high
CMP-SPR-SSLV-15-415,True,CMP-SPR-SSLV-15-415,Spry15-415ShnSl,fine-mist-sprayer,15-415,Shiny Silver,Shiny Silver,Spray,Silver,,Fine Mist Sprayer,Sprayer,"Shiny Silver Fine Mist Sprayer, Thread size 15-415",current,family=Sprayer,False,,Spry15-415ShnSl,20. Caps,16. 15-415 Sprayer/3. Spry15-415ShnSl.psd,16. 15-415 Sprayer,exact,"[488, 588]",0,In Stock,,https://www.bestbottles.com/product/spray-top-shiny-silver-color-15-415,convex:products (dev) 2026-09-25,high
CMP-CAP-BDOT-17-415,True,CMP-CAP-BDOT-17-415,,cap-review,17-415,Clear,,,Clear,,N/A,Cap/Component,Black with dots cap or closure for rollon bottles. Metal shell cap with plastic insert that has special features for pre,quarantine,family=Cap/Component (alias-looking record),False,,,,,,,,,In Stock,,https://www.bestbottles.com/product/Caps-lids-top-roll-on-bottle-Black-Dot-Color-17-415,convex:products (dev) 2026-09-25,low
CMP-DRP-AMB,True,CMP-DRP-AMB,Droppers1ozElg,dropper,17-415,Amber,Amber,Dropper,,,Dropper,Dropper,Dropper Amber,current,family=Dropper,False,,,,,,,,,In Stock,,https://www.bestbottles.com/product/dropper-black-rubber-bulb-black-trim-glass-pipette-15ml,convex:products (dev) 2026-09-25,medium
CMP-ROC-BLK-17415-DOT,True,CMP-ROC-BLK-17415-DOT,CpRoll17-415BlkDot,roll-on-cap,17-415,Black,Black,Roll-On,Black,,Plastic Roller Ball,Roll-On Cap,"Black with dots cap or closure for rollon bottles, Threadsize 17-415",current,family=Roll-On Cap,True,,CpRoll17-415BlkDot,20. Caps,12. 17-415 Roll on/2. CpRoll17-415BlkDot.psd,12. 17-415 Roll on,exact,"[552, 736]",0,In Stock,,https://www.bestbottles.com/product/Caps-lids-top-roll-on-bottle-Black-Dot-Color-17-415,convex:products (dev) 2026-09-25,high
CMP-ROC-CPR-17415,True,CMP-ROC-CPR-17415,CpRoll17-415Cu,roll-on-cap,17-415,Copper,Copper,Roll-On,Copper,,Plastic Roller Ball,Roll-On Cap,"Copper cap or closure for rollon bottles, Threadsize 17-415",current,family=Roll-On Cap,False,,CpRoll17-415Cu,20. Caps,12. 17-415 Roll on/8. CpRoll17-415Cu.psd,12. 17-415 Roll on,exact,"[552, 736]",0,In Stock,,https://www.bestbottles.com/product/Caps-lids-top-roll-on-bottle-Matte-Copper-Color-17-415,convex:products (dev) 2026-09-25,high
CMP-ROC-MGLD-17415,True,CMP-ROC-MGLD-17415,CpRoll17-415MattGl,roll-on-cap,17-415,Matte Gold,Matte Gold,Roll-On,Gold,,Plastic Roller Ball,Roll-On Cap,"Matte gold cap or closure for rollon bottles, Threadsize 17-415",current,family=Roll-On Cap,False,,CpRoll17-415MattGl,20. Caps,12. 17-415 Roll on/5. CpRoll17-415MattGl.psd,12. 17-415 Roll on,exact,"[552, 736]",0,In Stock,,https://www.bestbottles.com/product/Caps-lids-top-roll-on-bottle-Matte-Gold-Color-17-415,convex:products (dev) 2026-09-25,high
CMP-ROC-MSLV-17415,True,CMP-ROC-MSLV-17415,CpRoll17-415MattSl,roll-on-cap,17-415,Matte Silver,Matte Silver,Roll-On,Silver,,Plastic Roller Ball,Roll-On Cap,"Matte Silver cap or closure for rollon bottles, Threadsize 17-415",current,family=Roll-On Cap,False,,CpRoll17-415MattSl,20. Caps,12. 17-415 Roll on/1. CpRoll17-415MattSl.psd,12. 17-415 Roll on,exact,"[552, 736]",0,In Stock,,https://www.bestbottles.com/product/Caps-lids-top-roll-on-bottle-Matte-Silver-Color-17-415,convex:products (dev) 2026-09-25,high
CMP-ROC-PNK-17415-DOT,True,CMP-ROC-PNK-17415-DOT,CpRoll17-415PnkDot,roll-on-cap,17-415,Pink,Pink,Roll-On,Pink,,Plastic Roller Ball,Roll-On Cap,"Pink with dots cap or closure for rollon bottles, Threadsize 17-415",current,family=Roll-On Cap,True,,CpRoll17-415PnkDot,20. Caps,12. 17-415 Roll on/4. CpRoll17-415PnkDot.psd,12. 17-415 Roll on,exact,"[552, 736]",0,In Stock,,https://www.bestbottles.com/product/Caps-lids-top-roll-on-bottle-Pink-Dot-Color-17-415,convex:products (dev) 2026-09-25,high
CMP-ROC-SBLK-17415,True,CMP-ROC-SBLK-17415,CpRoll17-415ShnBlk,roll-on-cap,17-415,Shiny Black,Shiny Black,Roll-On,Black,,Plastic Roller Ball,Roll-On Cap,"Shiny black cap or closure for rollon bottles, Threadsize 17-415",current,family=Roll-On Cap,False,,CpRoll17-415ShnBlk,20. Caps,12. 17-415 Roll on/9. CpRoll17-415ShnBlk.psd,12. 17-415 Roll on,exact,"[552, 736]",0,In Stock,,https://www.bestbottles.com/product/Caps-lids-top-roll-on-bottle-Shiny-Black-Color-17-415,convex:products (dev) 2026-09-25,high
CMP-ROC-SGLD-17415,True,CMP-ROC-SGLD-17415,CpRoll17-415ShnGl,roll-on-cap,17-415,Shiny Gold,Shiny Gold,Roll-On,Gold,,Plastic Roller Ball,Roll-On Cap,"Shiny gold cap or closure for rollon bottles, Threadsize 17-415",current,family=Roll-On Cap,False,,CpRoll17-415ShnGl,20. Caps,12. 17-415 Roll on/6. CpRoll17-415ShnGl.psd,12. 17-415 Roll on,exact,"[552, 736]",0,In Stock,,https://www.bestbottles.com/product/Caps-lids-top-roll-on-bottle-Shiny-Gold-Color-17-415,convex:products (dev) 2026-09-25,high
CMP-ROC-SSLV-17415,True,CMP-ROC-SSLV-17415,CpRoll17-415ShnSl,roll-on-cap,17-415,Shiny Silver,Shiny Silver,Roll-On,Silver,,Plastic Roller Ball,Roll-On Cap,"Shiny silver cap or closure for rollon bottles, Threadsize 17-415",current,family=Roll-On Cap,False,,CpRoll17-415ShnSl,20. Caps,12. 17-415 Roll on/7. CpRoll17-415ShnSl.psd,12. 17-415 Roll on,exact,"[552, 736]",0,In Stock,,https://www.bestbottles.com/product/Caps-lids-top-roll-on-bottle-Shiny-Silver-Color-17-415,convex:products (dev) 2026-09-25,high
CMP-ROC-SLV-17415-DOT,True,CMP-ROC-SLV-17415-DOT,CpRoll17-415SlDot,roll-on-cap,17-415,Silver,Silver,Roll-On,Silver,,Plastic Roller Ball,Roll-On Cap,"Silver with dots cap or closure for rollon bottles, Threadsize 17-415",current,family=Roll-On Cap,True,,CpRoll17-415SlDot,20. Caps,12. 17-415 Roll on/3. CpRoll17-415SlDot.psd,12. 17-415 Roll on,exact,"[552, 736]",0,In Stock,,https://www.bestbottles.com/product/Caps-lids-top-roll-on-bottle-Silver-Dot-Color-17-415,convex:products (dev) 2026-09-25,high
CMP-ROC-WHT-17415,True,CMP-ROC-WHT-17415,CpRoll17-415White,roll-on-cap,17-415,White,White,Roll-On,White,,Plastic Roller Ball,Roll-On Cap,"White cap or closure for rollon bottles, Threadsize 17-415",current,family=Roll-On Cap,False,,CpRoll17-415White,20. Caps,12. 17-415 Roll on/10. CpRoll17-415White.psd,12. 17-415 Roll on,exact,"[552, 736]",0,In Stock,,https://www.bestbottles.com/product/Caps-lids-top-roll-on-bottle-White-Color-17-415,convex:products (dev) 2026-09-25,high
CMP-LPM-BLK-17-415,True,CMP-LPM-BLK-17-415,Ltn17-415Blk,lotion-pump,17-415,Black,Black,Pump,Black,,,Roll-On Cap,"Shiny black collar Lotion or treatment pump, Threadsize 17-415",current,family=Roll-On Cap but SKU/capStyle says lotion pump,False,,Ltn17-415Blk,20. Caps,14. 17-415 Lotion /19. Ltn17-415Blk.psd,14. 17-415 Lotion,exact,"[552, 736]",0,In Stock,,https://www.bestbottles.com/product/lotion-top-black-color-17-415,convex:products (dev) 2026-09-25,high
CMP-LPM-SGLD-17-415,True,CMP-LPM-SGLD-17-415,Ltn17-415Gl,lotion-pump,17-415,Shiny Gold,Shiny Gold,Pump,Gold,,,Roll-On Cap,"Shiny gold collar Lotion or treatment pump, Threadsize 17-415",current,family=Roll-On Cap but SKU/capStyle says lotion pump,False,,Ltn17-415Gl,20. Caps,14. 17-415 Lotion /18. Ltn17-415Gl.psd,14. 17-415 Lotion,exact,"[552, 736]",0,In Stock,,https://www.bestbottles.com/product/lotion-top-gold-color-17-415,convex:products (dev) 2026-09-25,high
CMP-LPM-MSLV-17-415,True,CMP-LPM-MSLV-17-415,Ltn17-415MattSl,lotion-pump,17-415,Matte Silver,Matte Silver,Pump,Silver,,,Roll-On Cap,"Matte silver collar Lotion or treatment pump, Threadsize 17-415",current,family=Roll-On Cap but SKU/capStyle says lotion pump,False,,Ltn17-415MattSl,20. Caps,14. 17-415 Lotion /17. Ltn17-415MattSl.psd,14. 17-415 Lotion,exact,"[552, 736]",0,In Stock,,https://www.bestbottles.com/product/lotion-top-matte-silver-color-17-415,convex:products (dev) 2026-09-25,high
CMP-SPR-BLK-17-415-01,True,CMP-SPR-BLK-17-415-01,Spry17-415Blk,fine-mist-sprayer,17-415,Black,Black,Spray,Black,,Fine Mist Sprayer,Sprayer,"Shiny black collar sprayer, Thread size 17-415",current,family=Sprayer,False,,Spry17-415Blk,20. Caps,13. 17-415 Spray/13. Spry17-415Blk.psd,13. 17-415 Spray,exact,"[552, 736]",1,In Stock,,https://www.bestbottles.com/product/spray-top-black-trim-color-17-415,convex:products (dev) 2026-09-25,high
CMP-SPR-SGLD-17-415,True,CMP-SPR-SGLD-17-415,Spry17-415Gl,fine-mist-sprayer,17-415,Shiny Gold,Shiny Gold,Spray,Gold,,Fine Mist Sprayer,Sprayer,"Shiny gold collar sprayer, Thread size 17-415",current,family=Sprayer,False,,Spry17-415Gl,20. Caps,13. 17-415 Spray/11. Spry17-415Gl.psd,13. 17-415 Spray,exact,"[552, 736]",1,In Stock,,https://www.bestbottles.com/product/spray-top-gold-color-17-415,convex:products (dev) 2026-09-25,high
CMP-SPR-SLV-17-415,True,CMP-SPR-SLV-17-415,Spry17-415MattSl,fine-mist-sprayer,17-415,Matte Silver,Matte Silver,Spray,Silver,,Fine Mist Sprayer,Sprayer,"Matte silver collar sprayer, Thread size 17-415",current,family=Sprayer,False,,Spry17-415MattSl,20. Caps,13. 17-415 Spray/12. Spry17-415MattSl.psd,13. 17-415 Spray,exact,"[552, 736]",1,In Stock,,https://www.bestbottles.com/product/spray-top-matte-silver-color-17-415,convex:products (dev) 2026-09-25,high
CMP-SPR-RED-17-415,True,CMP-SPR-RED-17-415,Spry17-415Red,fine-mist-sprayer,17-415,Red,Red,Spray,Red,,Fine Mist Sprayer,Sprayer,"Shiny red collar sprayer, Thread size 17-415",current,family=Sprayer,False,,Spry17-415Red,20. Caps,13. 17-415 Spray/15. Spry17-415Red.psd,13. 17-415 Spray,exact,"[552, 736]",1,In Stock,,https://www.bestbottles.com/product/spray-top-red-color-17-415,convex:products (dev) 2026-09-25,high
CMP-SPR-SSLV-17-415,True,CMP-SPR-SSLV-17-415,Spry17-415ShnSl,fine-mist-sprayer,17-415,Shiny Silver,Shiny Silver,Spray,Silver,,Fine Mist Sprayer,Sprayer,"Shiny silver collar sprayer, Thread size 17-415",current,family=Sprayer,False,,Spry17-415ShnSl,20. Caps,13. 17-415 Spray/14. Spry17-415ShnSl.psd,13. 17-415 Spray,exact,"[552, 736]",1,In Stock,,https://www.bestbottles.com/product/spray-top-shiny-silver-color-17-415,convex:products (dev) 2026-09-25,high
CMP-SPR-CLR-17-415,True,CMP-SPR-CLR-17-415,Spry17-415Tur,fine-mist-sprayer,17-415,Turquoise,Turquoise,Spray,Shiny,,Fine Mist Sprayer,Sprayer,"Shiny turquoise collar sprayer, Thread size 17-415",current,family=Sprayer,False,,Spry17-415Tur,20. Caps,13. 17-415 Spray/16. Spry17-415Tur.psd,13. 17-415 Spray,exact,"[552, 736]",1,In Stock,,https://www.bestbottles.com/product/spray-top-turquoise-color-17-415,convex:products (dev) 2026-09-25,high
CMP-APP-BLK-18-400,True,CMP-APP-BLK-18-400,18-400CpAppBlk,cap,18-400,Black,Black,Applicator,Black,,,Cap/Closure,"Black cap with glass rod applicator, Threadsize 18-400",current,family=Cap/Closure,False,,CP18-400AppBlk,20. Caps,27. 18-400 Cap with Wand/2. CP18-400AppBlk.psd,27. 18-400 Cap with Wand,alias-map,"[674, 978]",1,In Stock,,https://www.bestbottles.com/product/Caps-lid-with-applicator-top-black-Color-8-425,convex:products (dev) 2026-09-25,high
CMP-CAP-BLK-18-400,True,CMP-CAP-BLK-18-400,18-400CpShortBlk,cap,18-400,Black,Black,Short,Black,,Cap/Closure,Cap/Closure,"Black lid or closure for glass bottle, Thread size 18-400",current,family=Cap/Closure,False,,CP18-400ShortBlk,20. Caps,26. 18-400 Cap/1. CP18-400ShortBlk.psd,26. 18-400 Cap,alias-map,"[674, 978]",0,In Stock,,https://www.bestbottles.com/product/Caps-lid-short-top-black-Color-18-400,convex:products (dev) 2026-09-25,high
CMP-DRP-BLK-18400-90MM,True,CMP-DRP-BLK-18400-90MM,Drp18-40015mlBlckBulb,dropper,18-400,Black,Black,Dropper,,,,Dropper,"Black rubber bulb dropper with black cap. Glass stem length is 66 mm, Thread size 18-400",current,family=Dropper,False,,DRP18-40015mlBlckBulb,20. Caps,4. 18-400 Droppers/2. DRP18-40015mlBlckBulb.psd,4. 18-400 Droppers,case-insensitive,"[1521, 3072]",0,In Stock,,https://www.bestbottles.com/product/Dropper-black-rubber-bulb-black-trim-glass-Pipette-15ml,convex:products (dev) 2026-09-25,high
CMP-DRP-BKGD-18400-66,True,CMP-DRP-BKGD-18400-66,Drp18-40015mlShnGlTrimBlkBulb,dropper,18-400,Black,Black,Dropper,Black,,Dropper,Dropper,"Black rubber bulb dropper with shiny gold collar cap. Glass stem length is 66 mm, Thread size 18-400",current,family=Dropper,False,,DRP18-40015mlShnGlTrimBlkBulb,20. Caps,4. 18-400 Droppers/5. DRP18-40015mlShnGlTrimBlkBulb.psd,4. 18-400 Droppers,case-insensitive,"[1521, 3072]",0,In Stock,,https://www.bestbottles.com/product/Dropper-black-rubber-bulb--gold-trim-glass-Pipette-15ml,convex:products (dev) 2026-09-25,high
CMP-DRP-WTGD-18400-66,True,CMP-DRP-WTGD-18400-66,Drp18-40015mlShnGlTrimWhiteBulb,dropper,18-400,White,White,Dropper,White,,Dropper,Dropper,"White rubber bulb dropper with shiny gold collar cap. Glass stem length is 66 mm, Thread size 18-400",current,family=Dropper,False,,DRP18-40015mlShnGlTrimWhiteBulb,20. Caps,4. 18-400 Droppers/4. DRP18-40015mlShnGlTrimWhiteBulb.psd,4. 18-400 Droppers,case-insensitive,"[1521, 3072]",0,In Stock,,https://www.bestbottles.com/product/Dropper-white-rubber-bulb-gold-trim-glass-Pipette-15ml,convex:products (dev) 2026-09-25,high
CMP-DRP-BKSL-18400-66,True,CMP-DRP-BKSL-18400-66,Drp18-40015mlShnSlTrimBlkBulb,dropper,18-400,Black,Black,Dropper,Black,,Dropper,Dropper,"Black rubber bulb dropper with shiny silver collar cap. Glass stem length is 66 mm, Thread size 18-400",current,family=Dropper,False,,DRP18-40015mlShnSlTrimBlkBulb,20. Caps,4. 18-400 Droppers/3. DRP18-40015mlShnSlTrimBlkBulb.psd,4. 18-400 Droppers,case-insensitive,"[1521, 3072]",0,In Stock,,https://www.bestbottles.com/product/Dropper-black-rubber-silver-trim-bulb-glass-Pipette-15ml,convex:products (dev) 2026-09-25,high
CMP-DRP-WTSL-18400-66,True,CMP-DRP-WTSL-18400-66,Drp18-40015mlShnSlTrimWhiteBulb,dropper,18-400,White,White,Dropper,White,,Dropper,Dropper,"White rubber bulb dropper with shiny silver collar cap. Glass stem length is 66 mm, Thread size 18-400",current,family=Dropper,False,,DRP18-40015mlShnSlTrimWhiteBulb,20. Caps,4. 18-400 Droppers/6. DRP18-40015mlShnSlTrimWhiteBulb.psd,4. 18-400 Droppers,case-insensitive,"[1521, 3072]",0,In Stock,,https://www.bestbottles.com/product/Dropper-white-rubber-bulb-silver-trim-glass-Pipette-15ml,convex:products (dev) 2026-09-25,high
CMP-DRP-WHT-18400-66,True,CMP-DRP-WHT-18400-66,Drp18-40015mlWhiteBulb,dropper,18-400,White,White,Dropper,White,,Dropper,Dropper,"White rubber bulb dropper with white cap. Glass stem length is 66 mm, Thread size 18-400",current,family=Dropper,False,,DRP18-40015mlWhiteBulb,20. Caps,4. 18-400 Droppers/1. DRP18-40015mlWhiteBulb.psd,4. 18-400 Droppers,case-insensitive,"[1521, 3072]",0,In Stock,,https://www.bestbottles.com/product/Dropper-white-rubber-bulb-white-trim-glass-Pipette-15ml,convex:products (dev) 2026-09-25,high
CMP-CAP-BLK-18415-LTR,True,CMP-CAP-BLK-18415-LTR,CP18-415BlkLthr,faux-leather-cap,18-415,Black,Black,Faux Leather,Black,,Cap/Closure,Cap/Closure,"Black Faux Leather caps for glass bottles, Thread size 18-415",current,family=Cap/Closure; leather,False,,CP18-415BlkLthr,20. Caps,6. 18-415 Caps/4. CP18-415BlkLthr.psd,6. 18-415 Caps,exact,"[245, 245]",0,In Stock,,https://www.bestbottles.com/product/Caps-reducer-lids-top-bottle-black-leather-Color-18-415,convex:products (dev) 2026-09-25,high
CMP-CAP-BRN-18415-LTR,True,CMP-CAP-BRN-18415-LTR,CP18-415BrwnLthr,faux-leather-cap,18-415,Brown,Brown,Faux Leather,Brown,,Cap/Closure,Cap/Closure,"Brown Faux Leather caps for glass bottles, Thread size 18-415",current,family=Cap/Closure; leather,False,,CP18-415BrwnLthr,20. Caps,6. 18-415 Caps/5. CP18-415BrwnLthr.psd,6. 18-415 Caps,exact,"[245, 245]",0,In Stock,,https://www.bestbottles.com/product/Caps-reducer-lids-top-bottle-brown-leather-Color-18-415,convex:products (dev) 2026-09-25,high
CMP-CAP-LBRN-18415-LTR,True,CMP-CAP-LBRN-18415-LTR,CP18-415LBrwnLthr,faux-leather-cap,18-415,Brown,Brown,Faux Leather,Brown,,Cap/Closure,Cap/Closure,"Light Brown Faux Leather caps for glass bottles, Thread size 18-415",current,family=Cap/Closure; leather,False,,CP18-415LBrwnLthr,20. Caps,6. 18-415 Caps/6. CP18-415LBrwnLthr.psd,6. 18-415 Caps,exact,"[245, 245]",0,In Stock,,https://www.bestbottles.com/product/Caps-reducer-lids-top-bottle-light-brown-leather-Color-18-415,convex:products (dev) 2026-09-25,high
CMP-CAP-IVY-18415-LTR,True,CMP-CAP-IVY-18415-LTR,CP18-415LIvyLthr,faux-leather-cap,18-415,Ivory,Ivory,Faux Leather,Ivory,,Cap/Closure,Cap/Closure,"Ivory Faux Leather caps for glass bottles, Thread size 18-415",current,family=Cap/Closure; leather,False,,CP18-415LIvyLthr,20. Caps,6. 18-415 Caps/44. CP18-415LIvyLthr.psd,6. 18-415 Caps,exact,"[802, 914]",0,In Stock,,https://www.bestbottles.com/product/Caps-reducer-lids-top-bottle-ivory-leather-Color-18-415,convex:products (dev) 2026-09-25,high
CMP-CAP-PNK-18415-LTR,True,CMP-CAP-PNK-18415-LTR,CP18-415LPnkLthr,faux-leather-cap,18-415,Pink,Pink,Faux Leather,Pink,,Cap/Closure,Cap/Closure,"Pink Faux Leather caps for glass bottles, Thread size 18-415",current,family=Cap/Closure; leather,False,,CP18-415LPnkLthr,20. Caps,6. 18-415 Caps/45. CP18-415LPnkLthr.psd,6. 18-415 Caps,exact,"[802, 914]",0,In Stock,,https://www.bestbottles.com/product/Caps-reducer-lids-top-bottle-pink-leather-Color-18-415,convex:products (dev) 2026-09-25,high
CMP-CAP-MSLV-18415-S,True,CMP-CAP-MSLV-18415-S,CP18-415MtSl,cap,18-415,Matte Silver,Matte Silver,Short,Silver,,Cap/Closure,Cap/Closure,"Short Matt Silver caps for glass bottles, Thread size 18-415",current,family=Cap/Closure,False,,CP18-415MtSl,20. Caps,6. 18-415 Caps/9. CP18-415MtSl.psd,6. 18-415 Caps,exact,"[245, 245]",0,In Stock,,https://www.bestbottles.com/product/Caps-reducer-lids-top-bottle-matte-silver-18-415,convex:products (dev) 2026-09-25,high
CMP-CAP-MSLV-18415-T,True,CMP-CAP-MSLV-18415-T,CP18-415MtSlTall,cap,18-415,Matte Silver,Matte Silver,Tall,Silver,,Cap/Closure,Cap/Closure,Tall Matt Silver caps for glass bottles. Thread size 18-415,current,family=Cap/Closure,False,,CP18-415MtSlTall,20. Caps,6. 18-415 Caps/8. CP18-415MtSlTall.psd,6. 18-415 Caps,exact,"[245, 245]",0,In Stock,,https://www.bestbottles.com/product/Caps-reducer-lids-top-bottle-matte-silver-tall-18-415,convex:products (dev) 2026-09-25,high
CMP-CAP-SBLK-18415-T,True,CMP-CAP-SBLK-18415-T,CP18-415ShnBlkTall,cap,18-415,Shiny Black,Shiny Black,Tall,Black,,Cap/Closure,Cap/Closure,Tall Black caps for glass bottles. Thread size 18-415,current,family=Cap/Closure,False,,CP18-415ShnBlkTall,20. Caps,6. 18-415 Caps/2. CP18-415ShnBlkTall.psd,6. 18-415 Caps,exact,"[245, 245]",0,In Stock,,https://www.bestbottles.com/product/Caps-reducer-lids-top-bottle-shiny-black-tall-18-415,convex:products (dev) 2026-09-25,high
CMP-CAP-SGLD-18415-S,True,CMP-CAP-SGLD-18415-S,CP18-415ShnGl,cap,18-415,Shiny Gold,Shiny Gold,Short,Gold,,Cap/Closure,Cap/Closure,Short Shiny Gold caps for glass bottles. Thread size 18-415,current,family=Cap/Closure,False,,CP18-415ShnGl,20. Caps,6. 18-415 Caps/1. CP18-415ShnGl.psd,6. 18-415 Caps,exact,"[245, 245]",0,In Stock,,https://www.bestbottles.com/product/Caps-reducer-lids-top-bottle-shiny-gold-Color-18-415,convex:products (dev) 2026-09-25,high
CMP-CAP-SSLV-18415-S,True,CMP-CAP-SSLV-18415-S,CP18-415ShnSl,cap,18-415,Shiny Silver,Shiny Silver,Short,Silver,,Cap/Closure,Cap/Closure,Short Shiny Silver caps for glass bottles. Thread size 18-415,current,family=Cap/Closure,False,,CP18-415ShnSl,20. Caps,6. 18-415 Caps/7. CP18-415ShnSl.psd,6. 18-415 Caps,exact,"[245, 245]",0,In Stock,,https://www.bestbottles.com/product/Caps-reducer-lids-top-bottle-shiny-silver-Color-18-415,convex:products (dev) 2026-09-25,high
CMP-CAP-WHT-18415-T,True,CMP-CAP-WHT-18415-T,CP18-415Wh,cap,18-415,White,White,,White,,Cap/Closure,Cap/Closure,Tall White caps for glass bottles. Thread size 18-415,current,family=Cap/Closure,False,,CP18-415Wh,20. Caps,6. 18-415 Caps/10. CP18-415Wh.psd,6. 18-415 Caps,exact,"[245, 245]",0,In Stock,,https://www.bestbottles.com/product/Caps-reducer-lids-top-bottle-white-Color-18-415,convex:products (dev) 2026-09-25,high
CMP-DRP-CPR-18415,True,CMP-DRP-CPR-18415,Drp18-415Cu,dropper,18-415,Copper,Copper,Dropper,White,,Dropper,Dropper,White rubber bulb dropper with shiny copper collar cap. Thread size 18-415,current,family=Dropper,False,,Drp18-415Cu,20. Caps,29. 18-415 Droppers/Drp18-415Cu.psd,29. 18-415 Droppers,exact,"[1521, 3072]",0,In Stock,,https://www.bestbottles.com/product/Dropper-white-rubber-bulb-copper-trim-glass-Pipette,convex:products (dev) 2026-09-25,high
CMP-DRP-SGLD-18415,True,CMP-DRP-SGLD-18415,Drp18-415Gl,dropper,18-415,Shiny Gold,Shiny Gold,Dropper,White,,Dropper,Dropper,White rubber bulb dropper with shiny gold collar cap. Thread size 18-415,current,family=Dropper,False,,Drp18-415Gl,20. Caps,29. 18-415 Droppers/Drp18-415Gl.psd,29. 18-415 Droppers,exact,"[1521, 3072]",0,In Stock,,https://www.bestbottles.com/product/Dropper-white-rubber-bulb-gold-trim-glass-Pipette,convex:products (dev) 2026-09-25,high
CMP-DRP-SSLV-18415,True,CMP-DRP-SSLV-18415,Drp18-415Sl,dropper,18-415,Silver,Silver,Dropper,White,,Dropper,Dropper,White rubber bulb dropper with shiny silver collar cap. Thread size 18-415,current,family=Dropper,False,,Drp18-415Sl,20. Caps,29. 18-415 Droppers/Drp18-415Sl.psd,29. 18-415 Droppers,exact,"[1521, 3072]",0,In Stock,,https://www.bestbottles.com/product/Dropper-white-rubber-bulb-silver-trim-glass-Pipette,convex:products (dev) 2026-09-25,high
CMP-LPM-CPR-18-415,True,CMP-LPM-CPR-18-415,Ltn18-415Cu,lotion-pump,18-415,Copper,Copper,Pump,Copper,,,Lotion Pump,Lotion Pump Thread 18-415,current,family=Lotion Pump,False,,Ltn18-415Cu,20. Caps,8. 18-415 Lotion/16. Ltn18-415Cu.psd,8. 18-415 Lotion,exact,"[400, 400]",0,In Stock,,https://www.bestbottles.com/product/lotion-top-copper-color-18-415,convex:products (dev) 2026-09-25,high
CMP-LPM-MTCP-18-415-05,True,CMP-LPM-MTCP-18-415-05,Ltn18-415Cu__RETIRED__CMP-LPM-MTCP-18-415-05__kd784ex2me3vvcd85vy4a1a6js81thdk,lotion-pump,18-415,Copper,Copper,Pump,,,,Lotion Pump,"Matte Copper Lotion or treatment pump, Threadsize 18-415",retired,family=Lotion Pump,False,,,,,,,,,Discontinued,,https://www.bestbottles.com/product/lotion-top-copper-color-18-415,convex:products (dev) 2026-09-25,low
CMP-LPM-MGLD-18-415,True,CMP-LPM-MGLD-18-415,Ltn18-415MtGl,lotion-pump,18-415,Matte Gold,Matte Gold,Pump,Gold,,,Lotion Pump,Lotion Pump Thread 18-415,current,family=Lotion Pump,False,,Ltn18-415MtGl,20. Caps,8. 18-415 Lotion/16. Ltn18-415MtGl.psd,8. 18-415 Lotion,exact,"[400, 400]",0,In Stock,,https://www.bestbottles.com/product/lotion-top-matte-gold-color-18-415,convex:products (dev) 2026-09-25,high
CMP-LPM-MTGD-18-415-07,True,CMP-LPM-MTGD-18-415-07,Ltn18-415MtGl__RETIRED__CMP-LPM-MTGD-18-415-07__kd77fjwrtm2y66dsm6a968d8w181tc1a,lotion-pump,18-415,Matte Gold,Matte Gold,Pump,,,,Lotion Pump,"Matte Gold Lotion or treatment pump, Threadsize 18-415",retired,family=Lotion Pump,False,,,,,,,,,Discontinued,,https://www.bestbottles.com/product/lotion-top-matte-gold-color-18-415,convex:products (dev) 2026-09-25,low
CMP-LPM-MSLV-18-415-01,True,CMP-LPM-MSLV-18-415-01,Ltn18-415MtSl,lotion-pump,18-415,Matte Silver,Matte Silver,Pump,Silver,,,Lotion Pump,Lotion Pump Thread 18-415,current,family=Lotion Pump,False,,Ltn18-415MtSl,20. Caps,8. 18-415 Lotion/16. Ltn18-415MtSl.psd,8. 18-415 Lotion,exact,"[578, 1044]",0,In Stock,,https://www.bestbottles.com/product/lotion-top-matte-silver-color-18-415,convex:products (dev) 2026-09-25,high
CMP-LPM-MSLV-18-415-02,True,CMP-LPM-MSLV-18-415-02,Ltn18-415MtSlCl,lotion-pump,18-415,Matte Silver,Matte Silver,Pump,Clear,,,Lotion Pump,"Matte Silver Lotion or treatment pump with clear overcap, Threadsize 18-415",current,family=Lotion Pump,False,,Ltn18-415MtSlCl,20. Caps,8. 18-415 Lotion/20. Ltn18-415MtSlCl.psd,8. 18-415 Lotion,exact,"[565, 996]",0,In Stock,,https://www.bestbottles.com/product/lotion-top-matte-silver-clear-overcap-color-18-415,convex:products (dev) 2026-09-25,high
CMP-LPM-MTSL-18-415-06,True,CMP-LPM-MTSL-18-415-06,Ltn18-415MtSl__RETIRED__CMP-LPM-MTSL-18-415-06__kd77x3d2kkebyajsdjqje2g1a981tq25,lotion-pump,18-415,Matte Silver,Matte Silver,Pump,,,,Lotion Pump,"Matte Silver Lotion or treatment pump, Threadsize 18-415",retired,family=Lotion Pump,False,,,,,,,,,Discontinued,,https://www.bestbottles.com/product/lotion-top-matte-silver-color-18-415,convex:products (dev) 2026-09-25,low
CMP-LPM-SBLK-18-415,True,CMP-LPM-SBLK-18-415,Ltn18-415ShnBlk,lotion-pump,18-415,Shiny Black,Shiny Black,Pump,Black,,,Lotion Pump,"Shiny Black Lotion or treatment pump, Threadsize 18-415",current,family=Lotion Pump,False,,Ltn18-415ShnBlk,20. Caps,8. 18-415 Lotion/18. Ltn18-415ShnBlk.psd,8. 18-415 Lotion,exact,"[400, 400]",0,In Stock,,https://www.bestbottles.com/product/lotion-top-shiny-black-color-18-415,convex:products (dev) 2026-09-25,high
CMP-LPM-SGLD-18-415,True,CMP-LPM-SGLD-18-415,Ltn18-415ShnGl,lotion-pump,18-415,Shiny Gold,Shiny Gold,Pump,Gold,,,Lotion Pump,"Shiny Gold Lotion or treatment pump, Threadsize 18-415",current,family=Lotion Pump,False,,Ltn18-415ShnGl,20. Caps,8. 18-415 Lotion/17. Ltn18-415ShnGl.psd,8. 18-415 Lotion,exact,"[400, 400]",0,In Stock,,https://www.bestbottles.com/product/lotion-top-shiny-gold-color-18-415,convex:products (dev) 2026-09-25,high
CMP-LPM-SSLV-18-415,True,CMP-LPM-SSLV-18-415,Ltn18-415ShnSl,lotion-pump,18-415,Shiny Silver,Shiny Silver,Pump,Silver,,,Lotion Pump,"Shiny Silver Lotion or treatment pump, Threadsize 18-415",current,family=Lotion Pump,False,,Ltn18-415ShnSl,20. Caps,8. 18-415 Lotion/21. Ltn18-415ShnSl.psd,8. 18-415 Lotion,exact,"[400, 400]",0,In Stock,,https://www.bestbottles.com/product/lotion-top-shiny-silver-color-18-415,convex:products (dev) 2026-09-25,high
CMP-SPR-MTGD-18-415-01,True,CMP-SPR-MTGD-18-415-01,18-415CAP4SpryMtGl,fine-mist-sprayer,18-415,Matte Gold,Matte Gold,Spray,Matte Gold,,Fine Mist Sprayer,Sprayer,Sprayer Matte Gold Thread 18-415,current,family=Sprayer,False,,,,,,,,,In Stock,,https://www.bestbottles.com/product/Vintage-antique-bulb-sprayer-gold,convex:products (dev) 2026-09-25,medium
CMP-SPR-SHBK-18-415-01,True,CMP-SPR-SHBK-18-415-01,18-415CAP4SpryShnBlk,fine-mist-sprayer,18-415,Shiny Black,Shiny Black,Spray,Shiny Black,,Fine Mist Sprayer,Sprayer,Sprayer Shiny Black Thread 18-415,current,family=Sprayer,False,,,,,,,,,In Stock,,https://www.bestbottles.com/product/Vintage-antique-bulb-sprayer-Black,convex:products (dev) 2026-09-25,medium
CMP-SPR-BKSL-18-415-02,True,CMP-SPR-BKSL-18-415-02,AnSp18-415Blk,vintage-bulb-sprayer,18-415,Black,Black,Spray,,,,Sprayer,Black Antique or Vintage style bulb sprayer with silver fittings. Thread Size 18-415,current,family=Sprayer; SKU/name says bulb,False,,Ansp18-415Blk,20. Caps,9. 18-415 Ansp /29. Ansp18-415Blk.psd,9. 18-415 Ansp,case-insensitive,"[2550, 3300]",0,In Stock,,https://www.bestbottles.com/product/Vintage-antique-bulb-sprayer-Black,convex:products (dev) 2026-09-25,high
CMP-SPR-GLD-18-415-02,True,CMP-SPR-GLD-18-415-02,AnSp18-415Gl,vintage-bulb-sprayer,18-415,Shiny Gold,Shiny Gold,Spray,,,,Sprayer,Gold Antique or Vintage style bulb sprayer with Gold fittings. Thread Size 18-415,current,family=Sprayer; SKU/name says bulb,False,,Ansp18-415Gl,20. Caps,9. 18-415 Ansp /27. Ansp18-415Gl.psd,9. 18-415 Ansp,case-insensitive,"[2550, 3300]",0,In Stock,,https://www.bestbottles.com/product/Vintage-antique-bulb-sprayer-gold,convex:products (dev) 2026-09-25,high
CMP-SPR-IVGD-18-415-01,True,CMP-SPR-IVGD-18-415-01,AnSp18-415IvyGl,vintage-bulb-sprayer,18-415,Ivory,Ivory,Spray,Gold,Gold,,Sprayer,Sprayer Thread 18-415,current,family=Sprayer; SKU/name says bulb,False,,Ansp18-415IvyGl,20. Caps,9. 18-415 Ansp /28. Ansp18-415IvyGl.psd,9. 18-415 Ansp,case-insensitive,"[2550, 3300]",0,Out of Stock,,https://www.bestbottles.com/product/Vintage-antique-bulb-sprayer-ivory-gold,convex:products (dev) 2026-09-25,high
CMP-SPR-GDIV-18-415-02,True,CMP-SPR-GDIV-18-415-02,AnSp18-415IvyGl__RETIRED__CMP-SPR-GDIV-18-415-02__kd7eb4a9a6fvnhb98entc5h0t581v24t,vintage-bulb-sprayer,18-415,Ivory,Ivory,Spray,,Gold,,Sprayer,Ivory Gold Antique or Vintage style bulb sprayer with Gold fittings. Thread Size 18-415,retired,family=Sprayer; SKU/name says bulb,False,,,,,,,,,Discontinued,,https://www.bestbottles.com/product/Vintage-antique-bulb-sprayer-ivory-gold,convex:products (dev) 2026-09-25,low
CMP-SPR-IVSL-18-415-01,True,CMP-SPR-IVSL-18-415-01,AnSp18-415IvySl,vintage-bulb-sprayer,18-415,Ivory,Ivory,Spray,Silver,Silver,,Sprayer,Sprayer Thread 18-415,current,family=Sprayer; SKU/name says bulb,False,,Ansp18-415IvySl,20. Caps,9. 18-415 Ansp /26. Ansp18-415IvySl.psd,9. 18-415 Ansp,case-insensitive,"[2550, 3300]",0,In Stock,,https://www.bestbottles.com/product/Vintage-antique-bulb-sprayer-ivory-silver,convex:products (dev) 2026-09-25,high
CMP-SPR-IVSL-18-415-04,True,CMP-SPR-IVSL-18-415-04,AnSp18-415IvySl__RETIRED__CMP-SPR-IVSL-18-415-04__kd741hqcampjwg5bnsh66nchex81vczz,vintage-bulb-sprayer,18-415,Ivory,Ivory,Spray,,Silver,,Sprayer,Ivory Silver Antique or Vintage style bulb sprayer with silver fittings. Thread Size 18-415,retired,family=Sprayer; SKU/name says bulb,False,,,,,,,,,Discontinued,,https://www.bestbottles.com/product/Vintage-antique-bulb-sprayer-ivory-silver,convex:products (dev) 2026-09-25,low
CMP-SPR-LVN-18-415-01,True,CMP-SPR-LVN-18-415-01,AnSp18-415Lvn,vintage-bulb-sprayer,18-415,Lavender,Lavender,Spray,Silver,,,Sprayer,Sprayer Thread 18-415,current,family=Sprayer; SKU/name says bulb,False,,Ansp18-415Lvn,20. Caps,9. 18-415 Ansp /23. Ansp18-415Lvn.psd,9. 18-415 Ansp,case-insensitive,"[2550, 3300]",0,Out of Stock,,https://www.bestbottles.com/product/Vintage-antique-bulb-sprayer-lavender,convex:products (dev) 2026-09-25,high
CMP-SPR-LVSL-18-415-02,True,CMP-SPR-LVSL-18-415-02,AnSp18-415Lvn__RETIRED__CMP-SPR-LVSL-18-415-02__kd7anwmhnmf45dqgmemweffp8d81vftk,vintage-bulb-sprayer,18-415,Lavender,Lavender,Spray,,,,Sprayer,Lavender Antique or Vintage style bulb sprayer with silver fittings. Thread Size 18-415,retired,family=Sprayer; SKU/name says bulb,False,,,,,,,,,Discontinued,,https://www.bestbottles.com/product/Vintage-antique-bulb-sprayer-lavender,convex:products (dev) 2026-09-25,low
CMP-SPR-MSLV-18-415-01,True,CMP-SPR-MSLV-18-415-01,AnSp18-415MtSl,vintage-bulb-sprayer,18-415,Matte Silver,Matte Silver,Spray,Silver,,,Sprayer,Sprayer Thread 18-415,current,family=Sprayer; SKU/name says bulb,False,,Ansp18-415MtSl,20. Caps,9. 18-415 Ansp /25. Ansp18-415MtSl.psd,9. 18-415 Ansp,case-insensitive,"[2550, 3300]",0,In Stock,,https://www.bestbottles.com/product/Vintage-antique-bulb-sprayer-matte-silver,convex:products (dev) 2026-09-25,high
CMP-SPR-MTSL-18-415-04,True,CMP-SPR-MTSL-18-415-04,AnSp18-415MtSl__RETIRED__CMP-SPR-MTSL-18-415-04__kd7ap72dx52zvyzkfgbk5vnwsh81vfjb,vintage-bulb-sprayer,18-415,Matte Silver,Matte Silver,Spray,,,,Sprayer,Matte Silver Antique or Vintage style bulb sprayer with silver fittings. Thread Size 18-415,retired,family=Sprayer; SKU/name says bulb,False,,,,,,,,,Discontinued,,https://www.bestbottles.com/product/Vintage-antique-bulb-sprayer-matte-silver,convex:products (dev) 2026-09-25,low
CMP-SPR-RED-18-415-01,True,CMP-SPR-RED-18-415-01,AnSp18-415Red,vintage-bulb-sprayer,18-415,Red,Red,Spray,Red,,,Sprayer,Sprayer Thread 18-415,current,family=Sprayer; SKU/name says bulb,False,,Ansp18-415Red,20. Caps,9. 18-415 Ansp /31. Ansp18-415Red.psd,9. 18-415 Ansp,case-insensitive,"[2550, 3300]",0,Out of Stock,,https://www.bestbottles.com/product/Vintage-antique-bulb-sprayer-red,convex:products (dev) 2026-09-25,high
CMP-SPR-RDSL-18-415-02,True,CMP-SPR-RDSL-18-415-02,AnSp18-415Red__RETIRED__CMP-SPR-RDSL-18-415-02__kd79de1mhnabh8e7ms4gbwfet181tz25,vintage-bulb-sprayer,18-415,Red,Red,Spray,,,,Sprayer,Red Antique or Vintage style bulb sprayer with silver fittings. Thread Size 18-415,retired,family=Sprayer; SKU/name says bulb,False,,,,,,,,,Discontinued,,https://www.bestbottles.com/product/Vintage-antique-bulb-sprayer-red,convex:products (dev) 2026-09-25,low
CMP-SPR-WHT-18-415-01,True,CMP-SPR-WHT-18-415-01,AnSp18-415Wht,vintage-bulb-sprayer,18-415,White,White,Spray,White,,,Sprayer,Sprayer Thread 18-415,current,family=Sprayer; SKU/name says bulb,False,,Ansp18-415Wht,20. Caps,9. 18-415 Ansp /30. Ansp18-415Wht.psd,9. 18-415 Ansp,case-insensitive,"[2550, 3300]",0,In Stock,,https://www.bestbottles.com/product/Vintage-antique-bulb-sprayer-white,convex:products (dev) 2026-09-25,high
CMP-SPR-SLWH-18-415-02,True,CMP-SPR-SLWH-18-415-02,AnSp18-415Wht__RETIRED__CMP-SPR-SLWH-18-415-02__kd7dq0dhka01wge6eepfy1hgq981vc5c,vintage-bulb-sprayer,18-415,White,White,Spray,,,,Sprayer,White Antique or Vintage style bulb sprayer with silver fittings. Thread Size 18-415,retired,family=Sprayer; SKU/name says bulb,False,,,,,,,,,Discontinued,,https://www.bestbottles.com/product/Vintage-antique-bulb-sprayer-white,convex:products (dev) 2026-09-25,low
CMP-SPR-BLK-18-415-02,True,CMP-SPR-BLK-18-415-02,AnSpTsl18-415Blk,tassel-bulb-sprayer,18-415,Black,Black,Spray,Black,,,Sprayer,Sprayer Thread 18-415,current,family=Sprayer; SKU/name says tassel,False,,AnspTsl18-415Blk,20. Caps,10. 18-415 Ansp Tsl/41. AnspTsl18-415Blk.psd,10. 18-415 Ansp Tsl,case-insensitive,"[6000, 4000]",0,In Stock,,https://www.bestbottles.com/product/Vintage-antique-bulb-sprayer-Black-Tassel,convex:products (dev) 2026-09-25,high
CMP-SPR-BKSLWH-18-415-02,True,CMP-SPR-BKSLWH-18-415-02,AnSpTsl18-415Blk__RETIRED__CMP-SPR-BKSLWH-18-415-02__kd762fh1ne0kk95wvr3r07g3x181tjfy,tassel-bulb-sprayer,18-415,Black,Black,Spray,,,,Sprayer,Black Antique or Vintage style bulb sprayer with tassel. Thread Size 18-415,retired,family=Sprayer; SKU/name says tassel,False,,,,,,,,,Discontinued,,https://www.bestbottles.com/product/Vintage-antique-bulb-sprayer-Black-Tassel,convex:products (dev) 2026-09-25,low
CMP-SPR-IVGD-18-415-02,True,CMP-SPR-IVGD-18-415-02,AnSpTsl18-415IvyGl,tassel-bulb-sprayer,18-415,Ivory,Ivory,Spray,Gold,Gold,,Sprayer,Sprayer Thread 18-415,current,family=Sprayer; SKU/name says tassel,False,,AnspTsl18-415IvyGl,20. Caps,10. 18-415 Ansp Tsl/36. AnspTsl18-415IvyGl.psd,10. 18-415 Ansp Tsl,case-insensitive,"[6000, 4000]",0,In Stock,,https://www.bestbottles.com/product/Vintage-antique-bulb-sprayer-ivory-gold-Tassel,convex:products (dev) 2026-09-25,high
CMP-SPR-GDIVSLWH-18-415-02,True,CMP-SPR-GDIVSLWH-18-415-02,AnSpTsl18-415IvyGl__RETIRED__CMP-SPR-GDIVSLWH-18-415-02__kd7dm97dts1cys39frk415gs0s81v3pn,tassel-bulb-sprayer,18-415,Ivory,Ivory,Spray,,Gold,,Sprayer,Ivory Gold Antique or Vintage style bulb sprayer with Gold fittings and tassel. Thread Size 18-415,retired,family=Sprayer; SKU/name says tassel,False,,,,,,,,,Discontinued,,https://www.bestbottles.com/product/Vintage-antique-bulb-sprayer-ivory-gold-Tassel,convex:products (dev) 2026-09-25,low
CMP-SPR-IVSL-18-415-02,True,CMP-SPR-IVSL-18-415-02,AnSpTsl18-415IvySl,tassel-bulb-sprayer,18-415,Ivory,Ivory,Spray,Silver,Silver,,Sprayer,Sprayer Thread 18-415,current,family=Sprayer; SKU/name says tassel,False,,AnspTsl18-415IvySl,20. Caps,10. 18-415 Ansp Tsl/37. AnspTsl18-415IvySl.psd,10. 18-415 Ansp Tsl,case-insensitive,"[6000, 4000]",0,In Stock,,https://www.bestbottles.com/product/Vintage-antique-bulb-sprayer-ivory-silver-Tassel,convex:products (dev) 2026-09-25,high
CMP-SPR-IVSLWH-18-415-02,True,CMP-SPR-IVSLWH-18-415-02,AnSpTsl18-415IvySl__RETIRED__CMP-SPR-IVSLWH-18-415-02__kd7djxwjjp841tfepxgj0bty2n81tkn0,tassel-bulb-sprayer,18-415,Ivory,Ivory,Spray,,Silver,,Sprayer,Ivory Silver Antique or Vintage style bulb sprayer with silver fittings and tassel. Thread Size 18-415,retired,family=Sprayer; SKU/name says tassel,False,,,,,,,,,Discontinued,,https://www.bestbottles.com/product/Vintage-antique-bulb-sprayer-ivory-silver-Tassel,convex:products (dev) 2026-09-25,low
CMP-SPR-LVN-18-415-02,True,CMP-SPR-LVN-18-415-02,AnSpTsl18-415Lvn,tassel-bulb-sprayer,18-415,Lavender,Lavender,Spray,Silver,,,Sprayer,Sprayer Thread 18-415,current,family=Sprayer; SKU/name says tassel,False,,AnspTsl18-415Lvn,20. Caps,10. 18-415 Ansp Tsl/35. AnspTsl18-415Lvn.psd,10. 18-415 Ansp Tsl,case-insensitive,"[6000, 4000]",0,In Stock,,https://www.bestbottles.com/product/Vintage-antique-bulb-sprayer-lavender-Tassel,convex:products (dev) 2026-09-25,high
CMP-SPR-LVSLWH-18-415-02,True,CMP-SPR-LVSLWH-18-415-02,AnSpTsl18-415Lvn__RETIRED__CMP-SPR-LVSLWH-18-415-02__kd73dndn4vw7d48aytw1z1wg8581ttje,tassel-bulb-sprayer,18-415,Lavender,Lavender,Spray,,,,Sprayer,Lavender Antique or Vintage style bulb sprayer with silver fittings and tassel. Thread Size 18-415,retired,family=Sprayer; SKU/name says tassel,False,,,,,,,,,Discontinued,,https://www.bestbottles.com/product/Vintage-antique-bulb-sprayer-lavender-Tassel,convex:products (dev) 2026-09-25,low
CMP-SPR-MSLV-18-415-02,True,CMP-SPR-MSLV-18-415-02,AnSpTsl18-415MtS,tassel-bulb-sprayer,18-415,Matte Silver,Matte Silver,Spray,Silver,,,Sprayer,Sprayer Thread 18-415,current,family=Sprayer; SKU/name says tassel,False,,AnspTsl18-415MtS,20. Caps,10. 18-415 Ansp Tsl/42. AnspTsl18-415MtS.psd,10. 18-415 Ansp Tsl,case-insensitive,"[6000, 4000]",0,In Stock,,https://www.bestbottles.com/product/Vintage-antique-bulb-sprayer-matte-silver-Tassel,convex:products (dev) 2026-09-25,high
CMP-SPR-MTSLWH-18-415-02,True,CMP-SPR-MTSLWH-18-415-02,AnSpTsl18-415MtS__RETIRED__CMP-SPR-MTSLWH-18-415-02__kd72by78z0kx33zbp20bghqpy181vpff,tassel-bulb-sprayer,18-415,Matte Silver,Matte Silver,Spray,,,,Sprayer,Matte Silver Antique or Vintage style bulb sprayer with tassel. Thread Size 18-415,retired,family=Sprayer; SKU/name says tassel,False,,,,,,,,,Discontinued,,https://www.bestbottles.com/product/Vintage-antique-bulb-sprayer-matte-silver-Tassel,convex:products (dev) 2026-09-25,low
CMP-SPR-PNK-18-415,True,CMP-SPR-PNK-18-415,AnSpTsl18-415Pnk,tassel-bulb-sprayer,18-415,Pink,Pink,Spray,Pink,,,Sprayer,Sprayer Thread 18-415,current,family=Sprayer; SKU/name says tassel,False,,AnspTsl18-415Pnk,20. Caps,10. 18-415 Ansp Tsl/39. AnspTsl18-415Pnk.psd,10. 18-415 Ansp Tsl,case-insensitive,"[6000, 4000]",0,In Stock,,https://www.bestbottles.com/product/Vintage-antique-bulb-sprayer-pink-Tassel,convex:products (dev) 2026-09-25,high
CMP-SPR-GDPKSLWH-18-415-02,True,CMP-SPR-GDPKSLWH-18-415-02,AnSpTsl18-415Pnk__RETIRED__CMP-SPR-GDPKSLWH-18-415-02__kd78ngb55khwmvp657kxeqe5q581vne9,tassel-bulb-sprayer,18-415,Pink,Pink,Spray,,,,Sprayer,"Pink, Antique or Vintage style bulb sprayer with Gold fittings and tassel. Thread Size 18-415",retired,family=Sprayer; SKU/name says tassel,False,,,,,,,,,Discontinued,,https://www.bestbottles.com/product/Vintage-antique-bulb-sprayer-pink-Tassel,convex:products (dev) 2026-09-25,low
CMP-SPR-RED-18-415-02,True,CMP-SPR-RED-18-415-02,AnSpTsl18-415Red,tassel-bulb-sprayer,18-415,Red,Red,Spray,Red,,,Sprayer,Sprayer Thread 18-415,current,family=Sprayer; SKU/name says tassel,False,,AnspTsl18-415Red,20. Caps,10. 18-415 Ansp Tsl/40. AnspTsl18-415Red.psd,10. 18-415 Ansp Tsl,case-insensitive,"[6000, 4000]",0,In Stock,,https://www.bestbottles.com/product/Vintage-antique-bulb-sprayer-red-Tassel,convex:products (dev) 2026-09-25,high
CMP-SPR-RDSLWH-18-415-02,True,CMP-SPR-RDSLWH-18-415-02,AnSpTsl18-415Red__RETIRED__CMP-SPR-RDSLWH-18-415-02__kd7daxyma8tbeqe97z9ppwm8f981vjq3,tassel-bulb-sprayer,18-415,Red,Red,Spray,,,,Sprayer,"Red, Antique or Vintage style bulb sprayer with Silver fittings and tassel. Thread Size 18-415",retired,family=Sprayer; SKU/name says tassel,False,,,,,,,,,Discontinued,,https://www.bestbottles.com/product/Vintage-antique-bulb-sprayer-red-Tassel,convex:products (dev) 2026-09-25,low
CMP-SPR-WHT-18-415-02,True,CMP-SPR-WHT-18-415-02,AnSpTsl18-415Wht,tassel-bulb-sprayer,18-415,White,White,Spray,White,,,Sprayer,Sprayer Thread 18-415,current,family=Sprayer; SKU/name says tassel,False,,AnspTsl18-415Wht,20. Caps,10. 18-415 Ansp Tsl/38. AnspTsl18-415Wht.psd,10. 18-415 Ansp Tsl,case-insensitive,"[6000, 4000]",0,In Stock,,https://www.bestbottles.com/product/Vintage-antique-bulb-sprayer-white-Tassel,convex:products (dev) 2026-09-25,high
CMP-SPR-SLWH-18-415-04,True,CMP-SPR-SLWH-18-415-04,AnSpTsl18-415Wht__RETIRED__CMP-SPR-SLWH-18-415-04__kd7e6328a279960jy22fjm5fz181t3bh,tassel-bulb-sprayer,18-415,White,White,Spray,,,,Sprayer,White Antique or Vintage style bulb sprayer with silver fittings and tassel. Thread Size 18-415,retired,family=Sprayer; SKU/name says tassel,False,,,,,,,,,Discontinued,,https://www.bestbottles.com/product/Vintage-antique-bulb-sprayer-white-Tassel,convex:products (dev) 2026-09-25,low
CMP-CAP-PNK-18-415,True,CMP-CAP-PNK-18-415,CP18-415AnSpPnk,vintage-bulb-sprayer,18-415,Pink,Pink,,White,,Cap/Closure,Sprayer,Pink Antique or Vintage style bulb sprayer with Gold fittings. Thread Size 18-415,current,family=Sprayer; SKU/name says bulb,False,,Ansp18-415Pnk,20. Caps,9. 18-415 Ansp /24. Ansp18-415Pnk.psd,9. 18-415 Ansp,alias-map,"[2550, 3300]",0,In Stock,,https://www.bestbottles.com/product/Vintage-antique-bulb-sprayer-pink,convex:products (dev) 2026-09-25,high
CMP-SPR-GLD-18415-TSL,True,CMP-SPR-GLD-18415-TSL,CP18-415AnSpTslGl,tassel-bulb-sprayer,18-415,Gold,Gold,Spray,Gold,,Fine Mist Sprayer,Sprayer,Gold Antique or Vintage style bulb sprayer with tassel. Thread Size 18-415,current,family=Sprayer; SKU/name says tassel,False,,AnspTsl18-415Gl,20. Caps,10. 18-415 Ansp Tsl/43. AnspTsl18-415Gl.psd,10. 18-415 Ansp Tsl,alias-map,"[6000, 4000]",0,In Stock,,https://www.bestbottles.com/product/Vintage-antique-bulb-sprayer-gold-Tassel,convex:products (dev) 2026-09-25,high
CMP-SPR-MTCP-18-415-03,True,CMP-SPR-MTCP-18-415-03,Spry18-415Cu,fine-mist-sprayer,18-415,Copper,Copper,Spray,,,,Sprayer,"Mate Copper collar sprayer, Thread size 18-415",current,family=Sprayer,False,,Spry18-415Cu,20. Caps,7. 18-415 Sprayers /15. Spry18-415Cu.psd,7. 18-415 Sprayers,exact,"[400, 400]",0,In Stock,,https://www.bestbottles.com/product/spray-top-copper-color-18-415,convex:products (dev) 2026-09-25,high
CMP-SPR-MTGD-18-415-05,True,CMP-SPR-MTGD-18-415-05,Spry18-415MtGl,fine-mist-sprayer,18-415,Matte Gold,Matte Gold,Spray,,,,Sprayer,"Matte Gold collar sprayer, Thread size 18-415",current,family=Sprayer,False,,Spry18-415MtGl,20. Caps,7. 18-415 Sprayers /11. Spry18-415MtGl.psd,7. 18-415 Sprayers,exact,"[400, 400]",0,In Stock,,https://www.bestbottles.com/product/spray-top-matte-gold-color-18-415,convex:products (dev) 2026-09-25,high
CMP-SPR-MTSL-18-415-06,True,CMP-SPR-MTSL-18-415-06,Spry18-415MtSl,fine-mist-sprayer,18-415,Matte Silver,Matte Silver,Spray,,,,Sprayer,"Matte Silver collar sprayer, Thread size 18-415",current,family=Sprayer,False,,Spry18-415MtSl,20. Caps,7. 18-415 Sprayers /14. Spry18-415MtSl.psd,7. 18-415 Sprayers,exact,"[400, 400]",0,In Stock,,https://www.bestbottles.com/product/spray-top-matte-silver-color-18-415,convex:products (dev) 2026-09-25,high
CMP-SPR-SHBK-18-415-06,True,CMP-SPR-SHBK-18-415-06,Spry18-415ShnBlk,fine-mist-sprayer,18-415,Shiny Black,Shiny Black,Spray,,,,Sprayer,"Shiny Black collar sprayer, Thread size 18-415",current,family=Sprayer,False,,Spry18-415ShnBlk,20. Caps,7. 18-415 Sprayers /13. Spry18-415ShnBlk.psd,7. 18-415 Sprayers,exact,"[400, 400]",0,In Stock,,https://www.bestbottles.com/product/spray-top-shiny-black-color-18-415,convex:products (dev) 2026-09-25,high
CMP-SPR-SHGD-18-415-05,True,CMP-SPR-SHGD-18-415-05,Spry18-415ShnGl,fine-mist-sprayer,18-415,Shiny Gold,Shiny Gold,Spray,,,,Sprayer,"Shiny Gold collar sprayer, Thread size 18-415",current,family=Sprayer,False,,Spry18-415ShnGl,20. Caps,7. 18-415 Sprayers /12. Spry18-415ShnGl.psd,7. 18-415 Sprayers,exact,"[400, 400]",0,In Stock,,https://www.bestbottles.com/product/spray-top-shiny-gold-color-18-415,convex:products (dev) 2026-09-25,high
CMP-SPR-SHSL-18-415-06,True,CMP-SPR-SHSL-18-415-06,Spry18-415ShnSl,fine-mist-sprayer,18-415,Shiny Silver,Shiny Silver,Spray,,,,Sprayer,"Shiny Silver collar sprayer, Thread size 18-415",current,family=Sprayer,False,,Spry18-415ShnSl,20. Caps,7. 18-415 Sprayers /15. Spry18-415ShnSl.psd,7. 18-415 Sprayers,exact,"[400, 400]",0,In Stock,,https://www.bestbottles.com/product/spray-top-shiny-silver-color-18-415,convex:products (dev) 2026-09-25,high
CMP-CAP-BLK-20-400-2OZ,True,CMP-CAP-BLK-20-400-2OZ,20-400Cp2ozShortBlk,cap,20-400,Black,Black,Short,Black,,Cap/Closure,Cap/Closure,"Black lid or closure for glass bottle, Thread size 20-400",current,family=Cap/Closure,False,,CP20-4002ozShortBlk,20. Caps,5. 18-400 Cap/27. CP20-4002ozShortBlk.psd,5. 18-400 Cap,alias-map,"[413, 342]",0,In Stock,,https://www.bestbottles.com/product/Caps-lids-top-bottle-black-Color-2oz-20-400,convex:products (dev) 2026-09-25,high
CMP-CAP-BLK-20-400-1OZ,True,CMP-CAP-BLK-20-400-1OZ,20-400cp1ozShortBlk,cap,20-400,Black,Black,Short,Black,,Cap/Closure,Cap/Closure,"Black lid or closure for glass bottle, Thread size 20-400",current,family=Cap/Closure,False,,CP20-4001ozShortBlk,20. Caps,2. 20-400  Cap/28. CP20-4001ozShortBlk.psd,2. 20-400  Cap,alias-map,"[413, 342]",0,In Stock,,https://www.bestbottles.com/product/Caps-lids-top-bottle-black-Color-1oz-20-400,convex:products (dev) 2026-09-25,high
CMP-DRP-BLK-20400-76MM-01,True,CMP-DRP-BLK-20400-76MM-01,Drp20-4001ozBlckBulb,dropper,20-400,Black,Black,Dropper,,,,Dropper,"Black rubber bulb dropper with black cap. Glass stem length is 76 mm, Thread size 20-400",current,family=Dropper,False,,DRP20-4001ozBlckBulb,20. Caps,3. 20-400 Droppers/8. DRP20-4001ozBlckBulb.psd,3. 20-400 Droppers,case-insensitive,"[1521, 3072]",0,In Stock,,https://www.bestbottles.com/product/Dropper-glass-Black-Rubber-Bulb-black-trim-7x76,convex:products (dev) 2026-09-25,high
CMP-DRP-BKGD-20400-76,True,CMP-DRP-BKGD-20400-76,Drp20-4001ozShnGlTrimBlkBulb,dropper,20-400,Black,Black,Dropper,Black,,Dropper,Dropper,"Black rubber bulb dropper with shiny gold collar cap. Glass stem length is 76 mm, Thread size 20-400",current,family=Dropper,False,,DRP20-4001ozShnGlTrimBlkBulb,20. Caps,3. 20-400 Droppers/11. DRP20-4001ozShnGlTrimBlkBulb.psd,3. 20-400 Droppers,case-insensitive,"[1521, 3072]",0,In Stock,,https://www.bestbottles.com/product/Dropper-glass-Black-Rubber-Bulb-gold-trim-7x76,convex:products (dev) 2026-09-25,high
CMP-DRP-BKSL-20400-76,True,CMP-DRP-BKSL-20400-76,Drp20-4001ozShnSlTrimBlkBulb,dropper,20-400,Black,Black,Dropper,Black,,Dropper,Dropper,"Black rubber bulb dropper with shiny silver collar cap. Glass stem length is 76 mm, Thread size 20-400",current,family=Dropper,False,,DRP20-4001ozShnSlTrimBlkBulb,20. Caps,3. 20-400 Droppers/9. DRP20-4001ozShnSlTrimBlkBulb.psd,3. 20-400 Droppers,case-insensitive,"[1521, 3072]",0,In Stock,,https://www.bestbottles.com/product/Dropper-glass-Black-Rubber-Bulb-silver-trim-7x76,convex:products (dev) 2026-09-25,high
CMP-DRP-WHT-20400-76,True,CMP-DRP-WHT-20400-76,Drp20-4001ozWhiteBulb,dropper,20-400,White,White,Dropper,White,,Dropper,Dropper,"White rubber bulb dropper with white cap. Glass stem length is 76 mm, Thread size 20-400",current,family=Dropper,False,,DRP20-4001ozWhiteBulb,20. Caps,3. 20-400 Droppers/7.  DRP20-4001ozWhiteBulb.psd,3. 20-400 Droppers,case-insensitive,"[1521, 3072]",0,In Stock,,https://www.bestbottles.com/product/Dropper-glass-white-Rubber-Bulb-white-trim-7x76,convex:products (dev) 2026-09-25,high
CMP-DRP-WTGD-20400-76,True,CMP-DRP-WTGD-20400-76,Drp20-4001ozlShnGlTrimWhiteBulb,dropper,20-400,White,White,Dropper,White,,Dropper,Dropper,"White rubber bulb dropper with shiny gold collar cap. Glass stem length is 76 mm, Thread size 20-400",current,family=Dropper,False,,DRP20-4001ozlShnGlTrimWhiteBulb,20. Caps,3. 20-400 Droppers/10. DRP20-4001ozlShnGlTrimWhiteBulb.psd,3. 20-400 Droppers,case-insensitive,"[1521, 3072]",0,In Stock,,https://www.bestbottles.com/product/Dropper-glass-white-Rubber-Bulb-gold-trim7x76,convex:products (dev) 2026-09-25,high
CMP-DRP-WTSL-20400-76,True,CMP-DRP-WTSL-20400-76,Drp20-4001ozlShnSlTrimWhiteBulb,dropper,20-400,White,White,Dropper,White,,Dropper,Dropper,"White rubber bulb dropper with shiny silver collar cap. Glass stem length is 76 mm, Thread size 20-400",current,family=Dropper,False,,DRP20-4001ozlShnSlTrimWhiteBulb,20. Caps,3. 20-400 Droppers/12. DRP20-4001ozlShnSlTrimWhiteBulb.psd,3. 20-400 Droppers,case-insensitive,"[1521, 3072]",0,In Stock,,https://www.bestbottles.com/product/Dropper-glass-white-Rubber-Bulb-silver-trim-7x76,convex:products (dev) 2026-09-25,high
CMP-DRP-BLK-20400-90,True,CMP-DRP-BLK-20400-90,Drp20-4002ozBlckBulb,dropper,20-400,Black,Black,Dropper,Black,,Dropper,Dropper,"Black rubber bulb dropper with black cap. Glass stem length is 90 mm, Thread size 20-400",current,family=Dropper,False,,DRP20-4002ozBlckBulb,20. Caps,3. 20-400 Droppers/14. DRP20-4002ozBlckBulb.psd,3. 20-400 Droppers,case-insensitive,"[1521, 3072]",0,In Stock,,https://www.bestbottles.com/product/Dropper-glass-Black-Rubber-Bulb-black-trim7x89,convex:products (dev) 2026-09-25,high
CMP-DRP-BKGD-20400-90,True,CMP-DRP-BKGD-20400-90,Drp20-4002ozShnGlTrimBlkBulb,dropper,20-400,Black,Black,Dropper,Black,,Dropper,Dropper,"Black rubber bulb dropper with shiny gold collar cap. Glass stem length is 90 mm, Thread size 20-400",current,family=Dropper,False,,DRP20-4002ozShnGlTrimBlkBulb,20. Caps,3. 20-400 Droppers/17. DRP20-4002ozShnGlTrimBlkBulb.psd,3. 20-400 Droppers,case-insensitive,"[1521, 3072]",0,In Stock,,https://www.bestbottles.com/product/Dropper-glass-Black-Rubber-Bulb-gold-trim-7x89,convex:products (dev) 2026-09-25,high
CMP-DRP-BKSL-20400-90,True,CMP-DRP-BKSL-20400-90,Drp20-4002ozShnSlTrimBlkBulb,dropper,20-400,Black,Black,Dropper,Black,,Dropper,Dropper,"Black rubber bulb dropper with shiny silver collar cap. Glass stem length is 90 mm, Thread size 20-400",current,family=Dropper,False,,DRP20-4002ozShnSlTrimBlkBulb,20. Caps,3. 20-400 Droppers/15. DRP20-4002ozShnSlTrimBlkBulb.psd,3. 20-400 Droppers,case-insensitive,"[1521, 3072]",0,In Stock,,https://www.bestbottles.com/product/Dropper-glass-Black-Rubber-Bulb-silver-trim-7x89,convex:products (dev) 2026-09-25,high
CMP-DRP-WHT-20400-90,True,CMP-DRP-WHT-20400-90,Drp20-4002ozWhiteBulb,dropper,20-400,White,White,Dropper,White,,Dropper,Dropper,"White rubber bulb dropper with white cap. Glass stem length is 90 mm, Thread size 20-400",current,family=Dropper,False,,DRP20-4002ozWhiteBulb,20. Caps,3. 20-400 Droppers/13. DRP20-4002ozWhiteBulb.psd,3. 20-400 Droppers,case-insensitive,"[1521, 3072]",0,In Stock,,https://www.bestbottles.com/product/Dropper-glass-White-Rubber-Bulb-white-trim-7x89,convex:products (dev) 2026-09-25,high
CMP-DRP-WTGD-20400-90,True,CMP-DRP-WTGD-20400-90,Drp20-4002ozlShnGlTrimWhiteBulb,dropper,20-400,White,White,Dropper,White,,Dropper,Dropper,"White rubber bulb dropper with shiny gold collar cap. Glass stem length is 90 mm, Thread size 20-400",current,family=Dropper,False,,DRP20-4002ozlShnGlTrimWhiteBulb,20. Caps,3. 20-400 Droppers/16. DRP20-4002ozlShnGlTrimWhiteBulb.psd,3. 20-400 Droppers,case-insensitive,"[1521, 3072]",0,In Stock,,https://www.bestbottles.com/product/Dropper-glass-white-Rubber-Bulb-gold-trim-7x89,convex:products (dev) 2026-09-25,high
CMP-DRP-WTSL-20400-90,True,CMP-DRP-WTSL-20400-90,Drp20-4002ozlShnSlTrimWhiteBulb,dropper,20-400,White,White,Dropper,White,,Dropper,Dropper,"White rubber bulb dropper with shiny silver collar cap. Glass stem length is 90 mm, Thread size 20-400",current,family=Dropper,False,,DRP20-4002ozlShnSlTrimWhiteBulb,20. Caps,3. 20-400 Droppers/18. DRP20-4002ozlShnSlTrimWhiteBulb.psd,3. 20-400 Droppers,case-insensitive,"[1521, 3072]",0,In Stock,,https://www.bestbottles.com/product/Dropper-glass-white-Rubber-Bulb-silver-trim-7x89,convex:products (dev) 2026-09-25,high
CMP-ROC-MBLK-20400-T,True,CMP-ROC-MBLK-20400-T,CPRoll20-400TallMattBlk,roll-on-cap,20-400,Black,Black,Tall,Black,,Plastic Roller Ball,Roll-On Cap,"Tall Matte Black cap or closure for rollon bottles, Threadsize 20-400",current,family=Roll-On Cap,False,,CPRoll20-400TallMattBlk,20. Caps,1. 20-400 Roll on caps /Roll on caps/25. CPRoll20-400TallMattBlk.psd,1. 20-400 Roll on caps,exact,"[552, 736]",0,In Stock,,https://www.bestbottles.com/product/Caps-lids-top-roll-on-bottle-matte-black-Color-20-400,convex:products (dev) 2026-09-25,high
CMP-ROC-MGLD-20400-T,True,CMP-ROC-MGLD-20400-T,CPRoll20-400TallMattGl,roll-on-cap,20-400,Gold,Gold,Tall,Gold,,Plastic Roller Ball,Roll-On Cap,"Tall Matte Gold cap or closure for rollon bottles, Threadsize 20-400",current,family=Roll-On Cap,False,,CPRoll20-400TallMattGl,20. Caps,1. 20-400 Roll on caps /Roll on caps/21. CPRoll20-400TallMattGl.psd,1. 20-400 Roll on caps,exact,"[552, 736]",0,In Stock,,https://www.bestbottles.com/product/Caps-lids-top-roll-on-bottle-matte-gold-Color-20-400,convex:products (dev) 2026-09-25,high
CMP-ROC-MSLV-20400-T,True,CMP-ROC-MSLV-20400-T,CPRoll20-400TallMattSl,roll-on-cap,20-400,Silver,Silver,Tall,Silver,,Plastic Roller Ball,Roll-On Cap,"Tall Matte Silver cap or closure for rollon bottles, Threadsize 20-400",current,family=Roll-On Cap,False,,CPRoll20-400TallMattSl,20. Caps,1. 20-400 Roll on caps /Roll on caps/20. CPRoll20-400TallMattSl.psd,1. 20-400 Roll on caps,exact,"[552, 736]",0,In Stock,,https://www.bestbottles.com/product/Caps-lids-top-roll-on-bottle-matte-silver-Color-20-400,convex:products (dev) 2026-09-25,high
CMP-ROC-SBLK-20400-T,True,CMP-ROC-SBLK-20400-T,CPRoll20-400TallShnBlk,roll-on-cap,20-400,Black,Black,Tall,Black,,Plastic Roller Ball,Roll-On Cap,"Tall Shiny Black cap or closure for rollon bottles, Threadsize 20-400",current,family=Roll-On Cap,False,,CPRoll20-400TallShnBlk,20. Caps,1. 20-400 Roll on caps /Roll on caps/23. CPRoll20-400TallShnBlk.psd,1. 20-400 Roll on caps,exact,"[552, 736]",0,In Stock,,https://www.bestbottles.com/product/Caps-lids-top-roll-on-bottle-shiny-black-Color-20-400,convex:products (dev) 2026-09-25,high
CMP-ROC-SGLD-20400-T,True,CMP-ROC-SGLD-20400-T,CPRoll20-400TallShnGl,roll-on-cap,20-400,Gold,Gold,Tall,Gold,,Plastic Roller Ball,Roll-On Cap,"Tall Shiny Gold cap or closure for rollon bottles, Threadsize 20-400",current,family=Roll-On Cap,False,,CPRoll20-400TallShnGl,20. Caps,1. 20-400 Roll on caps /Roll on caps/22. CPRoll20-400TallShnGl.psd,1. 20-400 Roll on caps,exact,"[552, 736]",0,In Stock,,https://www.bestbottles.com/product/Caps-lids-top-roll-on-bottle-shiny-gold-Color-20-400,convex:products (dev) 2026-09-25,high
CMP-ROC-SSLV-20400-T,True,CMP-ROC-SSLV-20400-T,CPRoll20-400TallShnSl,roll-on-cap,20-400,Silver,Silver,Tall,Silver,,Plastic Roller Ball,Roll-On Cap,"Tall Shiny Silver cap or closure for rollon bottles, Threadsize 20-400",current,family=Roll-On Cap,False,,CPRoll20-400TallShnSl,20. Caps,1. 20-400 Roll on caps /Roll on caps/26. CPRoll20-400TallShnSl.psd,1. 20-400 Roll on caps,exact,"[552, 736]",0,In Stock,,https://www.bestbottles.com/product/Caps-lids-top-roll-on-bottle-shiny-silver-Color-20-400,convex:products (dev) 2026-09-25,high
BB-ALU250SPRYBL,True,BB-ALU250SPRYBL,Alu250SpryBl,review,20-410,,,,,,,Aluminum Bottle,"Cylinder shaped, matte aluminum 250 ml bottle with black sprayer. For use with cologne, perfume, air freshner, face and body spray, or room spray. Price Each",quarantine,family=Aluminum Bottle is not a component family,False,,,,,,,,,In Stock,,https://www.bestbottles.com/product/Cylinder-shaped-matte-aluminum-250ml-bottle-black-sprayer,convex:products (dev) 2026-09-25,low
CMP-CLS-BLK-03,True,CMP-CLS-BLK-03,CapBlackPoly22mm-400,cap,22-400,Black,Black,,,,Cap/Closure,Cap/Closure,Cap/Closure Black,current,family=Cap/Closure,False,,,,,,,,,In Stock,,https://www.bestbottles.com/product/caps-lids-top-bottle-black-color-1oz-20-400,convex:products (dev) 2026-09-25,medium
CMP-CAP-PHN-24400-BLK,True,CMP-CAP-PHN-24400-BLK,CP24-400BlkPls,cap,24-400,Black,Black,,,,N/A,Cap/Closure,Phenolic Cap 24-400 Black Taperseal,current,family=Cap/Closure,False,,,,,,,,,In Stock,,https://www.bestbottles.com/product/caps-lids-top-bottle-black-color-2oz-20-400,convex:products (dev) 2026-09-25,medium
BB-CREAMJARAMB5MLSLCAP,True,BB-CREAMJARAMB5MLSLCAP,CreamJarAmb5mlSlcap,review,37mm,,,,,,,Cream Jar,"Cream glass jar style 5 ml amber bottle with silver cap . For use with body butters, creams, and thick lotions. Small trial or sample size. Great for promotions. Price each",quarantine,family=Cream Jar is not a component family,False,,,,,,,,,In Stock,,https://www.bestbottles.com/product/cream-jar-style-5-ml-amber-glass-bottle-silver-cap,convex:products (dev) 2026-09-25,low
CMP-CAP-BLK-8-425,True,CMP-CAP-BLK-8-425,8-425CpShortBlack,cap,8-425,Black,Black,Short,Black,,Cap/Closure,Cap/Closure,"Black lid or closure for glass bottle, Thread size 8-425",current,family=Cap/Closure,False,,CP8-425ShortBlack,20. Caps,21. Hearts 8-245 Caps/1. CP8-425ShortBlack .psd,21. Hearts 8-245 Caps,alias-map,"[674, 978]",0,In Stock,,https://www.bestbottles.com/product/Caps-short-lid-top-black-Color-8-425,convex:products (dev) 2026-09-25,high
CMP-CAP-WHT-8-425,True,CMP-CAP-WHT-8-425,8-425CpShortWhite,cap,8-425,White,White,Short,White,,Cap/Closure,Cap/Closure,"White lid or closure for glass bottle, Thread size 8-425",current,family=Cap/Closure,False,,CP8-425ShortWhite,20. Caps,20.  8-245 Caps/2. CP8-425ShortWhite.psd,20.  8-245 Caps,alias-map,"[674, 978]",0,In Stock,,https://www.bestbottles.com/product/Caps-short-lid-top-White-Color-8-425,convex:products (dev) 2026-09-25,high
CMP-CAP-BLK-8425-T,True,CMP-CAP-BLK-8425-T,CP8-425TallBlack,cap,8-425,Black,Black,Tall,Black,,Cap/Closure,Cap/Closure,"Tall black lid or closure for glass bottle, Thread size 8-425",current,family=Cap/Closure,False,,CP8-425TallBlack,20. Caps,20.  8-245 Caps/5. CP8-425TallBlack.psd,20.  8-245 Caps,exact,"[674, 978]",0,In Stock,,https://www.bestbottles.com/product/Caps-tall-lid-top-black-Color-8-425,convex:products (dev) 2026-09-25,high
CMP-CAP-SGLD-8425-T,True,CMP-CAP-SGLD-8425-T,CP8-425TallShnGl,cap,8-425,Gold,Gold,Tall,Gold,,Cap/Closure,Cap/Closure,"Tall shiny gold lid or closure for glass bottle, Thread size 8-425",current,family=Cap/Closure,False,,CP8-425TallShnGl,20. Caps,20.  8-245 Caps/4. CP8-425TallShnGl.psd,20.  8-245 Caps,exact,"[674, 978]",0,In Stock,,https://www.bestbottles.com/product/Caps-tall-lid-top-shiny-gold-Color-8-425,convex:products (dev) 2026-09-25,high
CMP-CAP-SSLV-8425-T,True,CMP-CAP-SSLV-8425-T,CP8-425TallShnSl,cap,8-425,Silver,Silver,Tall,Silver,,Cap/Closure,Cap/Closure,"Tall shiny silver lid or closure for glass bottle, Thread size 8-425",current,family=Cap/Closure,False,,CP8-425TallShnSl,20. Caps,20.  8-245 Caps/3. CP8-425TallShnSl.psd,20.  8-245 Caps,exact,"[674, 978]",0,In Stock,,https://www.bestbottles.com/product/Caps-tall-lid-top-shiny-silver-Color-8-425,convex:products (dev) 2026-09-25,high
CMP-CLS-BLK-06,True,CMP-CLS-BLK-06,CJ30BlkCap,cap,Press-Fit,Black,Black,,,,Cap/Closure,Cap/Closure,Cap/Closure Black,quarantine,family=Cap/Closure,False,,,,,,,,,In Stock,,https://www.bestbottles.com/product/cream-jar-style-30-ml-frosted-glass-bottle-black-cap,convex:products (dev) 2026-09-25,low
CMP-CLS-SLV-02,True,CMP-CLS-SLV-02,CJ30SlCap,cap,Press-Fit,Silver,Silver,,,,Cap/Closure,Cap/Closure,Cap/Closure Silver,quarantine,family=Cap/Closure,False,,,,,,,,,In Stock,,https://www.bestbottles.com/product/cream-jar-style-30-ml-frosted-glass-bottle-silver-cap,convex:products (dev) 2026-09-25,low
CMP-CLS-BLK-07,True,CMP-CLS-BLK-07,CJ40BlkCap,cap,Press-Fit,Black,Black,,,,Cap/Closure,Cap/Closure,Cap/Closure Black,quarantine,family=Cap/Closure,False,,,,,,,,,In Stock,,https://www.bestbottles.com/product/cream-jar-style-40-ml-frosted-glass-bottle-black-cap,convex:products (dev) 2026-09-25,low
CMP-CLS-SLV-03,True,CMP-CLS-SLV-03,CJ40SlCap,cap,Press-Fit,Silver,Silver,,,,Cap/Closure,Cap/Closure,Cap/Closure Silver,quarantine,family=Cap/Closure,False,,,,,,,,,In Stock,,https://www.bestbottles.com/product/cream-jar-style-40-ml-frosted-glass-bottle-silver-cap,convex:products (dev) 2026-09-25,low
CMP-CLS-BLK-08,True,CMP-CLS-BLK-08,CJ5BlkCap,cap,Press-Fit,Black,Black,,,,Cap/Closure,Cap/Closure,Cap/Closure Black,quarantine,family=Cap/Closure,False,,,,,,,,,In Stock,,https://www.bestbottles.com/product/cream-jar-style-5-ml-amber-glass-bottle-black-cap,convex:products (dev) 2026-09-25,low
CMP-CLS-SLV-04,True,CMP-CLS-SLV-04,CJ5SlCap,cap,Press-Fit,Silver,Silver,,,,Cap/Closure,Cap/Closure,Cap/Closure Silver,quarantine,family=Cap/Closure,False,,,,,,,,,In Stock,,https://www.bestbottles.com/product/cream-jar-style-5-ml-amber-glass-bottle-silver-cap,convex:products (dev) 2026-09-25,low
CMP-CLS-GLD-02,True,CMP-CLS-GLD-02,CPKeyChnGld,cap,Specialty,Gold,Gold,,,,Cap/Closure,Cap/Closure,Cap/Closure Gold,quarantine,family=Cap/Closure,False,,,,,,,,,In Stock,,https://www.bestbottles.com/product/caps-lids-top-bottle-shiny-gold-color-15-415,convex:products (dev) 2026-09-25,low
CMP-CLS-GDRD,True,CMP-CLS-GDRD,CPTslRed,cap,Specialty,Red,Red,,,Gold,Cap/Closure,Cap/Closure,Cap/Closure Gold Red,quarantine,family=Cap/Closure,False,,,,,,,,,In Stock,,https://www.bestbottles.com/product/vintage-antique-bulb-sprayer-black-tassel,convex:products (dev) 2026-09-25,low
LIB-13-415-MtlRollon,False,,,roller-insert,13-415,,,,,,,,"Metal roller-ball insert, 13-415",current,"library part, not a product (Jordan 2026-09-25)",False,metal,13-415MtlRollon,20. Caps,25. 13-415  Metal Roll on/1. 13-415MtlRollon.psd,25. 13-415  Metal Roll on,exact,"[674, 978]",1,,,,BB-PSD-Files-Master/20. Caps,high
LIB-13-415-PlsticRollon,False,,,roller-insert,13-415,,,,,,,,"Plastic roller-ball insert, 13-415",current,"library part, not a product (Jordan 2026-09-25)",False,plastic,13-415PlsticRollon,20. Caps,24. 13-415 Roll on/2. 13-415PlsticRollon.psd,24. 13-415 Roll on,exact,"[674, 978]",0,,,,BB-PSD-Files-Master/20. Caps,high
LIB-17-415-MtlRollon,False,,,roller-insert,17-415,,,,,,,,"Metal roller-ball insert, 17-415",current,"library part, not a product (Jordan 2026-09-25); no master PSD yet, cut from productKits roller layers in Phase 3",False,metal,,,,,,,,,,,productKits roller layers (Phase 3),medium
LIB-17-415-PlsticRollon,False,,,roller-insert,17-415,,,,,,,,"Plastic roller-ball insert, 17-415",current,"library part, not a product (Jordan 2026-09-25); no master PSD yet, cut from productKits roller layers in Phase 3",False,plastic,,,,,,,,,,,productKits roller layers (Phase 3),medium
LIB-18-415-Reducer,False,,,reducer,18-415,,,,,,,,"Orifice reducer, 18-415",current,"library part, not a product (Jordan 2026-09-25)",False,,415Reducer,20. Caps,23. 18-415 Reducer/18-415Reducer.psd,23. 18-415 Reducer,exact,"[674, 978]",1,,,,BB-PSD-Files-Master/20. Caps,high
LIB-14.3mm-Plug,False,,,plug-applicator,14.3mm,,,,,,,,"Plug, 14.3 mm (Tola)",current,"library part, not a product (Jordan 2026-09-25); cut from the Tola master photo, GB3TPlGl.psd",False,,,,,,,,,,,,Tola master photo (build_bodies.py plug_layers),medium
