bodyId,glass,family,shape,capacityMl,neck,category,assemblies,heightBareMm,diameterMm,widthMm,dimsConfidence,psdCount,uncappedCount,source,plan
apothecary-15ml-Ground,Cobalt Blue,Apothecary,,15,Ground,Glass Bottle,1,58.0,30.0,30.0,convex-only,1,0,10. Apothecary/1. Half Oz -15ml Apoth/1. GB15ApthBlue.psd,own photo
apothecary-30ml-Ground,Clear,Apothecary,,30,Ground,Glass Bottle,1,58.0,37.0,37.0,convex-only,2,0,10. Apothecary/2. 1oz Apoth/2. GB1ozApth.psd,own photo
apothecary-30ml-Ground,Cobalt Blue,Apothecary,,30,Ground,Glass Bottle,1,58.0,37.0,37.0,convex-only,1,0,10. Apothecary/2. 1oz Apoth/1. GB1ozApthBlue.psd,own photo
apothecary-30ml-Ground,Green,Apothecary,,30,Ground,Glass Bottle,1,58.0,37.0,37.0,convex-only,1,0,10. Apothecary/2. 1oz Apoth/3. GB1ozApthGreen.psd,own photo
bell-10ml-13-415,Clear,Bell,Bell,10,13-415,Glass Bottle,4,55.0,27.0,27.0,high,0,0,,no source photo
boston-round-15ml-18-400,Amber,Boston Round,,15,18-400,Glass Bottle,7,68.0,25.0,25.0,high,7,0,1.  20-400 (1 oz & 2 oz) the 15ml 18-400 Boston Round/1. Boston Round  Dropper Bottles/5.  (.5 ounce:15ml) Boston Round (Capped)/1. Amber Bottle (.5ounce:15ml) (capped)/Amber Bottle (1.5 ounce) Alternating Caps (capped)/1. GBBstnAmb15mlBlkCapSht.psd,own photo
boston-round-15ml-18-400,Clear,Boston Round,,15,18-400,Glass Bottle,2,68.0,25.0,25.0,high,2,0,1.  20-400 (1 oz & 2 oz) the 15ml 18-400 Boston Round/1. Boston Round  Dropper Bottles/5.  (.5 ounce:15ml) Boston Round (Capped)/3. Clear Bottle (.5ounce:15ml) (capped)/Clear Dropper Bottler 1.5 ounce Alternating Caps (capped)/1. GBBstn15BlkCapSht.psd,own photo
boston-round-15ml-18-400,Cobalt Blue,Boston Round,,15,18-400,Glass Bottle,7,68.0,25.0,25.0,high,2,0,1.  20-400 (1 oz & 2 oz) the 15ml 18-400 Boston Round/1. Boston Round  Dropper Bottles/5.  (.5 ounce:15ml) Boston Round (Capped)/2. Cobalt Blue Bottle (.5ounce:15ml) (capped)/1. GBBstnBlu15BlkCapSht.psd,own photo
boston-round-30ml-20-400,Amber,Boston Round,,30,20-400,Glass Bottle,18,78.0,33.0,33.0,low,28,12,1.  20-400 (1 oz & 2 oz) the 15ml 18-400 Boston Round/1. Boston Round  Dropper Bottles/3. (1ounce:30ml) Boston Round (Uncapped)/1. Amber Bottle (1oz)/Amber - Alternating Caps/1. GBBstnAmb1ozMtlRollonMattSl.psd,own photo
boston-round-30ml-20-400,Clear,Boston Round,,30,20-400,Glass Bottle,18,78.0,33.0,33.0,low,18,6,1.  20-400 (1 oz & 2 oz) the 15ml 18-400 Boston Round/1. Boston Round  Dropper Bottles/3. (1ounce:30ml) Boston Round (Uncapped)/3. Clear Bottle (1oz)/Clear - Alternating Caps/1. GBBstn1ozMtlRollonMattSl.psd,own photo
boston-round-30ml-20-400,Cobalt Blue,Boston Round,,30,20-400,Glass Bottle,17,78.0,33.0,33.0,low,28,11,1.  20-400 (1 oz & 2 oz) the 15ml 18-400 Boston Round/1. Boston Round  Dropper Bottles/3. (1ounce:30ml) Boston Round (Uncapped)/2. Cobalt Blue Bottle (1oz)/Cobalt Blue - Alternating Caps /1. GBBstnBlu1ozMtlRollonMattSl.psd,own photo
boston-round-60ml-20-400,Amber,Boston Round,,60,20-400,Glass Bottle,18,94.0,39.0,39.0,high,26,11,1.  20-400 (1 oz & 2 oz) the 15ml 18-400 Boston Round/1. Boston Round  Dropper Bottles/1. (2 ounce:60 ml) Boston Round (Uncapped)/1. Amber Bottle (2 ounce:60 ml)/Amber - Alternating Caps/1. GBBstnAmb2ozMtlRollonMattSl.psd,own photo
boston-round-60ml-20-400,Clear,Boston Round,,60,20-400,Glass Bottle,19,94.0,39.0,39.0,high,3,1,1.  20-400 (1 oz & 2 oz) the 15ml 18-400 Boston Round/1. Boston Round  Dropper Bottles/1. (2 ounce:60 ml) Boston Round (Uncapped)/3. Clear Bottle (2 ounce:60 ml)/Clear - Alternating Caps/10. GBBstn2ozRollonMattGl.psd,own photo
boston-round-60ml-20-400,Cobalt Blue,Boston Round,,60,20-400,Glass Bottle,17,94.0,39.0,39.0,high,28,11,1.  20-400 (1 oz & 2 oz) the 15ml 18-400 Boston Round/1. Boston Round  Dropper Bottles/1. (2 ounce:60 ml) Boston Round (Uncapped)/2. Cobalt Blue Bottle (2 ounce:60 ml)/Cobalt Blue 2oz - Alternating Caps  /1. GBBstnBlu2ozMtlRollonMattSl.psd,own photo
circle-100ml-18-415,Clear,Circle,,100,18-415,Glass Bottle,43,105.0,89.0,89.0,high,69,13,"2.  18-415 Bottles /31. Capped & Uncapped, 18-415 Lotion and Sprayers/Capped/5.  100ml Circle, Ltn & Spry, capped/11. GBCrcl100SpryMtGl.psd",own photo
circle-100ml-18-415,Frosted,Circle,,100,18-415,Glass Bottle,43,105.0,89.0,89.0,high,69,13,"2.  18-415 Bottles /31. Capped & Uncapped, 18-415 Lotion and Sprayers/Capped/6. 100ml Circle Frst, Ltn & Frst, capped/11. GBCrclFrst100SpryMtGl.psd",own photo
circle-15ml-13-415,Clear,Circle,,15,13-415,Glass Bottle,30,60.0,50.0,50.0,high,87,29,5.  13-415 Bottles/17. Circle 15ml/1. Circle 15ml (Uncapped) PSD /1. GBCrcl15BlkSht.psd,own photo
circle-30ml-15-415,Clear,Circle,,30,15-415,Glass Bottle,7,74.0,60.0,60.0,high,12,7,4.  15-415 Bottles/2. Circle Clear 30ml - Uncapped/Circle 30ml/1. GBCrcl30SpryBlk.psd,own photo
circle-50ml-18-415,Clear,Circle,,50,18-415,Glass Bottle,46,87.0,72.0,72.0,verified,72,13,"2.  18-415 Bottles /31. Capped & Uncapped, 18-415 Lotion and Sprayers/Capped/4.  50ml Circle, Ltn & Spr, Capped/11. GBCrcl50SpryMtGl.psd",own photo
circle-50ml-18-415,Frosted,Circle,,50,18-415,Glass Bottle,36,87.0,72.0,72.0,verified,49,0,2.  18-415 Bottles /30. Circle (Frosted) Glass 50ml/1. Circle (Frosted) Glass 50ml/1. GBCrclFrst50RdcrShnGl.psd,own photo
cream-jar-15ml-37mm,Clear,Cream Jar,,15,37mm,Glass Jar,2,31.0,48.0,55.0,low,4,2,"14. Cream Jars/Uncapped/13. Jar Clear, White cap 15ml/CJClr15Wht.psd",own photo
cream-jar-20ml-40mm,White,Cream Jar,,20,40mm,Glass Jar,1,33.9,55.0,55.0,low,2,1,"14. Cream Jars/Uncapped/16. Jar White, White cap 20ml/CJWhite20.psd",own photo
cream-jar-30ml-45mm,Amber,Cream Jar,,30,45mm,Glass Jar,2,35.0,52.0,52.0,high,2,1,"14. Cream Jars/Uncapped/3. Jar Amb, Sl Cap 30ml/CJAmb30SlCap.psd",own photo
cream-jar-30ml-45mm,Frosted,Cream Jar,,30,45mm,Glass Jar,2,35.0,52.0,52.0,high,4,2,"14. Cream Jars/Uncapped/10. Jar Frst, Blk Cap 30ml/CJFrst30BlkCap.psd",own photo
cream-jar-3ml-20mm,Clear,Cream Jar,,3,20mm,Glass Jar,1,18.0,35.0,35.0,low,2,1,"14. Cream Jars/Uncapped/14. Jar Clear, White cap 3ml/CJClr3.psd",own photo
cream-jar-3ml-20mm,Cobalt Blue,Cream Jar,,3,20mm,Glass Jar,1,18.0,35.0,35.0,low,0,0,,geometry from Clear + material reference
cream-jar-40ml-48/400,Amber,Cream Jar,,40,48/400,Glass Jar,2,42.0,56.0,56.0,convex-only,2,1,"14. Cream Jars/Uncapped/7. Jar Amb, Sl Cap 40ml/CJAmb40SlCap.psd",own photo
cream-jar-40ml-48/400,Frosted,Cream Jar,,40,48/400,Glass Jar,2,42.0,56.0,56.0,convex-only,4,2,"14. Cream Jars/Uncapped/2. Jar Frost, Sl Cap 40ml/CJFrst40SlCap.psd",own photo
cream-jar-5ml-27mm,Amber,Cream Jar,,5,27mm,Glass Jar,1,16.0,31.0,31.0,low,2,1,"14. Cream Jars/Uncapped/11. Jar Amb, Blk Cap 5ml/CJAmb5mlBlkCap.psd",own photo
cream-jar-5ml-27mm,Clear,Cream Jar,,5,27mm,Glass Jar,1,16.0,31.0,31.0,low,2,1,"14. Cream Jars/Uncapped/17. Jar Clear, Clear Cap 5ml/CJClr5mlClrCap.psd",own photo
cream-jar-60ml-58mm,Frosted,Cream Jar,,60,58mm,Glass Jar,1,51.0,59.0,59.0,low,0,0,,no source photo
cream-jar-63ml-58mm,White,Cream Jar,,63,58mm,Glass Jar,1,51.0,59.0,59.0,low,1,1,"14. Cream Jars/Uncapped/20. Cream Jar White Plastic 60ml, silver cap/CJWhitePlsSlFr2oz.psd",own photo
cylinder-100ml-18-415,Clear,Cylinder,,100,18-415,Glass Bottle,43,154.0,35.0,35.0,high,67,13,"2.  18-415 Bottles /31. Capped & Uncapped, 18-415 Lotion and Sprayers/Capped/3.  100ml Cyl, Ltn & Spry Capped/11. GBCyl100SpryMtGl.psd",own photo
cylinder-25ml-18-415,Clear,Cylinder,,25,18-415,Glass Bottle,45,83.0,32.0,32.0,high,0,0,,no source photo
cylinder-28ml-16mm,Clear,Cylinder,,28,16mm,Glass Bottle,4,81.0,31.0,31.0,high,0,0,,no source photo
cylinder-3.3ml-12mm,Clear,Cylinder,,3.3,12mm,Glass Bottle,2,37.0,14.0,14.0,convex-only,3,0,17. Additional Bottles/GBSpry3mlClBlk.psd,own photo
cylinder-30ml-18-415,Clear,Cylinder,,30,18-415,Glass Bottle,2,50.8,42.0,42.0,high,2,0,17. Additional Bottles/GBSpry1ozSl.psd,own photo
cylinder-4ml-12mm,Clear,Cylinder,,4,12mm,Glass Bottle,2,49.0,14.0,14.0,high,2,0,17. Additional Bottles/GBSpry4mlClBlk.psd,own photo
cylinder-5.5ml-13-415,Clear,Cylinder,,5.5,13-415,Glass Bottle,1,53.0,17.0,17.0,convex-only,3,1,5.  13-415 Bottles/2. Clear 5ml Cylinder/1. Clear 5ml Cly (Uncapped) PSD /3. GBCyl5SpryBlkMatt.psd,own photo
cylinder-50ml-16mm,Clear,Cylinder,,50,16mm,Glass Bottle,4,98.0,37.0,37.0,high,8,4,13. 16 mm/4. 50ml Uncapped/1. GBCyl50RollBlk.psd,own photo
cylinder-50ml-18-415,Clear,Cylinder,,50,18-415,Glass Bottle,43,117.0,32.0,32.0,high,69,13,"2.  18-415 Bottles /31. Capped & Uncapped, 18-415 Lotion and Sprayers/Capped/2.  50ml Cyl, Ltn & Spry, capped/11. GBCyl50SpryMtGl.psd",own photo
cylinder-5ml-13-415,Clear,Cylinder,,5,13-415,Glass Bottle,35,53.0,17.0,17.0,high,87,29,5.  13-415 Bottles/2. Clear 5ml Cylinder/1. Clear 5ml Cly (Uncapped) PSD /1. GBCyl5BlkSht.psd,own photo
cylinder-5ml-13-415,Cobalt Blue,Cylinder,,5,13-415,Glass Bottle,35,53.0,17.0,17.0,high,87,29,5.  13-415 Bottles/3. Blue 5ml Cylinder/1. Blue 5ml Cyl (Uncapped) PSD/1. GBCylBlu5BlkSht.psd,own photo
cylinder-9ml-13-415,Clear,Cylinder,,9,13-415,Glass Bottle,36,106.0,18.0,18.0,convex-only,88,30,5.  13-415 Bottles/13. Tall Cylinder 9ml/1. Tall Cyl 9ml  (uncapped) PSD/1. GBTallCyl9BlkSht.psd,own photo
cylinder-9ml-13-415,Frosted,Cylinder,,9,13-415,Glass Bottle,36,106.0,18.0,18.0,convex-only,88,30,5.  13-415 Bottles/23. Frosted Tall Cylinder 9ml /1. Frosted Tall Cyl 9ml  (uncapped) PSD/1. GBTallCylFrst9BlkSht.psd,own photo
cylinder-9ml-17-415,Amber,Cylinder,,9,17-415,Glass Bottle,29,70.0,20.0,21.0,verified,58,29,3.  17-415 Bottles/3. Amber 9ml (Uncapped)/1. GBCylAmb9MtlRollMattSl.psd,own photo
cylinder-9ml-17-415,Clear,Cylinder,,9,17-415,Glass Bottle,29,70.0,20.0,21.0,verified,58,29,3.  17-415 Bottles/9. Clear  (Uncapped)/1. GBCyl9MtlRollMattSl.psd,own photo
cylinder-9ml-17-415,Cobalt Blue,Cylinder,,9,17-415,Glass Bottle,29,70.0,20.0,21.0,verified,58,29,3.  17-415 Bottles/1. Cobalt Blue 9ml  (Uncapped)/1. GBCylBlu9MtlRollMattSl.psd,own photo
cylinder-9ml-17-415,Frosted,Cylinder,,9,17-415,Glass Bottle,29,70.0,20.0,21.0,verified,58,29,3.  17-415 Bottles/5. Frosted 9ml (Uncapped)/1. GBCylFrst9MtlRollMattSl.psd,own photo
cylinder-9ml-17-415,Swirl,Cylinder,,9,17-415,Glass Bottle,29,70.0,20.0,21.0,verified,58,29,3.  17-415 Bottles/7. Swirl 9ml (Uncapped)/1. GBCylSwrl9MtlRollMattSl.psd,own photo
diamond-60ml-18-415,Clear,Diamond,,60,18-415,Glass Bottle,43,88.0,41.0,39.0,high,67,13,"2.  18-415 Bottles /31. Capped & Uncapped, 18-415 Lotion and Sprayers/Capped/28.  60ml Diamond (Clear) Ltn & Spry, capped/11. GBDmnd2ozSpryMtGl.psd",own photo
diva-100ml-18-415,Clear,Diva,,100,18-415,Glass Bottle,43,113.0,64.0,64.0,high,69,13,"2.  18-415 Bottles /31. Capped & Uncapped, 18-415 Lotion and Sprayers/Capped/27.  100ml Diva (Clear) Ltn & Spry, capped/11. GBDiva100SpryMtGl.psd",own photo
diva-30ml-18-415,Clear,Diva,,30,18-415,Glass Bottle,34,81.0,43.0,43.0,high,60,13,"2.  18-415 Bottles /31. Capped & Uncapped, 18-415 Lotion and Sprayers/Capped/23.  30ml Diva Clear, Ltn & Spry, capped/11. GBDiva30SpryMtGl.psd",own photo
diva-46ml-18-415,Clear,Diva,,46,18-415,Glass Bottle,56,89.0,49.0,49.0,verified,74,13,"2.  18-415 Bottles /31. Capped & Uncapped, 18-415 Lotion and Sprayers/Capped/25.  46 Diva (Clear) Ltn & Spry, capped/13. GBDiva46SpryMtGl.psd",own photo
diva-46ml-18-415,Frosted,Diva,,46,18-415,Glass Bottle,46,89.0,49.0,49.0,verified,72,13,"2.  18-415 Bottles /31. Capped & Uncapped, 18-415 Lotion and Sprayers/Capped/26.  46 Diva (Frosted) Ltn & Spry, uncapped/11. GBDivaFrst46SpryMtGl.psd",own photo
elegant-100ml-18-415,Clear,Elegant,,100,18-415,Glass Bottle,44,109.0,61.0,61.0,high,72,14,"2.  18-415 Bottles /31. Capped & Uncapped, 18-415 Lotion and Sprayers/Capped/18.  100ml Elegant, Ltn & Spry, capped/11. GBElg100SpryMtGl.psd",own photo
elegant-100ml-18-415,Frosted,Elegant,,100,18-415,Glass Bottle,43,109.0,61.0,61.0,high,71,14,"2.  18-415 Bottles /31. Capped & Uncapped, 18-415 Lotion and Sprayers/Capped/20.  100ml Eleg Frst, Ltn & Spry, capped/11. GBElgFrst100SpryMtGl.psd",own photo
elegant-15ml-13-415,Clear,Elegant,,15,13-415,Glass Bottle,31,61.0,36.0,36.0,verified,90,30,5.  13-415 Bottles/8. Elegant 15ml Clear/1. Elegant 15ml (Uncapped) PSD/1. GBElg15BlkSht.psd,own photo
elegant-15ml-13-415,Frosted,Elegant,,15,13-415,Glass Bottle,28,61.0,36.0,36.0,verified,54,27,5.  13-415 Bottles/26. Frosted Elegant 15ml /1. Frosted Elegant 15ml (Uncapped) PSD/1. GBElgFrst15BlkSht.psd,own photo
elegant-30ml-15-415,Clear,Elegant,,30,15-415,Glass Bottle,7,75.0,44.0,44.0,high,6,4,4.  15-415 Bottles/6. Elegant Clear 30ml - Uncapped/Elegant Clear 30/4. GBElg30SpryMattSl.psd,own photo
elegant-30ml-15-415,Frosted,Elegant,,30,15-415,Glass Bottle,7,75.0,44.0,44.0,high,12,6,4.  15-415 Bottles/8. Elegant Frosted 30ml - Uncapped/Elegant Frst 30/1. GBElgFrst30SpryBlk.psd,own photo
elegant-60ml-18-415,Clear,Elegant,,60,18-415,Glass Bottle,47,86.0,54.0,54.0,verified,75,14,"2.  18-415 Bottles /31. Capped & Uncapped, 18-415 Lotion and Sprayers/Capped/17.  60ml Eleg, Ltn & Spry, capped/11. GBElg60SpryMtGl.psd",own photo
elegant-60ml-18-415,Frosted,Elegant,,60,18-415,Glass Bottle,47,86.0,54.0,54.0,verified,75,14,"2.  18-415 Bottles /31. Capped & Uncapped, 18-415 Lotion and Sprayers/Capped/19.  60ml Eleg Frst, Ltn & Spry, capped/11. GBElgFrst60SpryMtGl.psd",own photo
empire-100ml-18-415,Clear,Empire,,100,18-415,Glass Bottle,44,107.0,46.0,46.0,high,72,14,"2.  18-415 Bottles /31. Capped & Uncapped, 18-415 Lotion and Sprayers/Capped/22.  100 Empire, Ltn & Spry, capped/11. GBEmp100SpryMtGl.psd",own photo
empire-50ml-18-415,Clear,Empire,,50,18-415,Glass Bottle,47,88.0,37.0,37.0,high,74,14,"2.  18-415 Bottles /31. Capped & Uncapped, 18-415 Lotion and Sprayers/Capped/21.  50 Empire, Ltn & Spry, capped/11. GBEmp50SpryMtGl.psd",own photo
eternal-flame-decorative-35ml-Ground,Clear,Decorative,Eternal Flame,35,Ground,Glass Bottle,1,44.0,63.0,63.0,convex-only,1,0,17. Additional Bottles/GBEternalFlameClear.psd,own photo
eternal-flame-decorative-35ml-Ground,Cobalt Blue,Decorative,Eternal Flame,35,Ground,Glass Bottle,1,44.0,63.0,63.0,convex-only,1,0,19. Eternal Flames/GBEternalFlameBlue.psd,own photo
eternal-flame-decorative-35ml-Ground,Green,Decorative,Eternal Flame,35,Ground,Glass Bottle,1,44.0,63.0,63.0,convex-only,1,0,19. Eternal Flames/GBEternalFlameGreen.psd,own photo
flair-15ml-13-415,Clear,Flair,,15,13-415,Glass Bottle,30,56.0,41.0,41.0,high,90,30,5.  13-415 Bottles/11. Flair 15ml/1. Flair 15ml  (uncapped) PSD /1. GBFlair15BlkSht.psd,own photo
genie-decorative-32ml-Ground,Clear,Decorative,Genie,32,Ground,Glass Bottle,1,77.0,42.0,42.0,convex-only,1,0,17. Additional Bottles/GB1ozGenieCl.psd,own photo
genie-decorative-32ml-Ground,Cobalt Blue,Decorative,Genie,32,Ground,Glass Bottle,1,77.0,42.0,42.0,convex-only,1,0,17. Additional Bottles/GB1ozGenieBl.psd,own photo
grace-55ml-18-415,Clear,Grace,,55,18-415,Glass Bottle,43,113.0,52.0,52.0,high,69,13,"2.  18-415 Bottles /31. Capped & Uncapped, 18-415 Lotion and Sprayers/Capped/29.  55ml Grace (Clear) Ltn & Spry, capped/11. GBGrce55SpryMtGl.psd",own photo
heart-decorative-4ml-8mm,Frosted,Decorative,Heart,4,8mm,Glass Bottle,2,46.0,32.0,32.0,high,2,0,9.   8mm Deco Hearts /1. Small Decorative Hearts /1. Frst 4 ml Heart/1. Frst 4ml Heart/2. GBHeartFrst4KeyGld.psd,own photo
lotion-bottle-30ml-18mm,Clear,Lotion Bottle,,30,18mm,Glass Bottle,1,118.0,33.0,33.0,low,1,0,18. Perfume Glass Bottles with Metal Decoration/LBMetalSilver1oz.psd,own photo
lotion-bottle-30ml-no-neck,Clear,Lotion Bottle,,30,,Glass Bottle,2,118.0,33.0,33.0,convex-only,2,0,LB1ozGl.psd,own photo
lotion-bottle-3ml-Snap-On,Clear,Lotion Bottle,,3,Snap-On,Glass Bottle,1,118.0,33.0,33.0,convex-only,1,0,18. Perfume Glass Bottles with Metal Decoration/LB3mlClear.psd,own photo
marble-decorative-10ml-17.52mm,Clear,Decorative,Marble,10,17.52mm,Glass Bottle,1,80.0,28.0,28.0,convex-only,1,0,18. Perfume Glass Bottles with Metal Decoration/GBMtlMrblLarge.psd,own photo
marble-decorative-5ml-17.52mm,Clear,Decorative,Marble,5,17.52mm,Glass Bottle,1,66.0,26.0,26.0,convex-only,1,0,18. Perfume Glass Bottles with Metal Decoration/GBMtlMrblSmall.psd,own photo
pear-apothecary-118ml-Ground,Clear,Apothecary,Pear,118,Ground,Glass Bottle,1,52.2,27.4,27.4,convex-only,1,0,10. Apothecary/4. 4oz Pear Apoth/GBPearClear4ozStpr.psd,own photo
pear-decorative-355ml-Ground,Clear,Decorative,Pear,355,Ground,Glass Bottle,1,52.2,92.0,92.0,convex-only,1,0,10. Apothecary/8. 12 Oz Pear /GBCB12ozPear.psd,own photo
pillar-9ml-13-415,Clear,Pillar,,9,13-415,Glass Bottle,3,57.0,21.0,21.0,high,0,0,,no source photo
pillar-9ml-17-415,Clear,Pillar,Pillar,9,17-415,Glass Bottle,1,57.0,22.0,21.0,none,0,0,,no source photo
rectangle-10ml-13-415,Clear,Rectangle,,10,13-415,Glass Bottle,60,101.0,17.0,29.0,low,171,59,5.  13-415 Bottles/16. Tall Rectangular 10ml/1. Tall Rectangular 10ml (uncapped) PSD/1. GBTallRect10BlkSht.psd,own photo
rectangle-9ml-Ground,Clear,Rectangle,,9,Ground,Glass Bottle,3,47.0,24.0,24.0,convex-only,2,0,17. Additional Bottles/GBSQSTBlue.psd,own photo
round-128ml-18-415,Clear,Round,,128,18-415,Glass Bottle,46,83.0,69.0,69.0,verified,71,13,"2.  18-415 Bottles /31. Capped & Uncapped, 18-415 Lotion and Sprayers/Capped/7.  128ml Round, Ltn & Spry, capped/11. GBRnd128SpryMtGl.psd",own photo
round-128ml-18-415,Frosted,Round,,128,18-415,Glass Bottle,46,83.0,69.0,69.0,verified,62,10,"2.  18-415 Bottles /31. Capped & Uncapped, 18-415 Lotion and Sprayers/Capped/10. 128ml Round Frst, Ltn & Spry capped/11. GBRndFrst128SpryMtGl.psd",own photo
round-78ml-18-415,Clear,Round,,78,18-415,Glass Bottle,43,73.0,59.0,59.0,high,70,14,"2.  18-415 Bottles /31. Capped & Uncapped, 18-415 Lotion and Sprayers/Capped/9.  78ml Round, Ltn & Spry, capped/11. GBRnd78SpryMtGl.psd",own photo
round-78ml-18-415,Frosted,Round,,78,18-415,Glass Bottle,43,73.0,59.0,59.0,high,69,13,"2.  18-415 Bottles /31. Capped & Uncapped, 18-415 Lotion and Sprayers/Capped/8.  78 Round Frosted, Spry & Ltn, capped/11. GBRndFrst78SpryMtGl.psd",own photo
royal-13ml-13-415,Clear,Royal,,13,13-415,Glass Bottle,29,56.0,40.0,43.7,high,83,0,5.  13-415 Bottles/10. Royal 13ml/1. Royal 13ml (Unapped) PSD /1. GBRoyal13BlkSht.psd,own photo
royal-14ml-11mm,Clear,Royal,,14,11mm,Glass Bottle,1,64.0,32.0,43.7,low,1,0,18. Perfume Glass Bottles with Metal Decoration/GBMtlCylGl.psd,own photo
sleek-100ml-18-415,Clear,Sleek,,100,18-415,Glass Bottle,44,149.0,36.0,36.0,high,72,14,"2.  18-415 Bottles /31. Capped & Uncapped, 18-415 Lotion and Sprayers/Capped/13. 100ml Sleek, Ltn & Spry capped/11. GBSlk100SpryMtGl.psd",own photo
sleek-30ml-18-415,Clear,Sleek,,30,18-415,Glass Bottle,38,98.0,28.0,28.0,high,66,14,"2.  18-415 Bottles /31. Capped & Uncapped, 18-415 Lotion and Sprayers/Capped/11. 30ml  Slk, Ltn & Spry, capped/11. GBSlk30SpryMtGl.psd",own photo
sleek-50ml-18-415,Clear,Sleek,,50,18-415,Glass Bottle,44,139.0,28.0,28.0,high,72,14,"2.  18-415 Bottles /31. Capped & Uncapped, 18-415 Lotion and Sprayers/Capped/12. 50ml Slk, Ltn & Spry, capped/11. GBSlk50SpryMtGl.psd",own photo
sleek-5ml-13-415,Clear,Sleek,,5,13-415,Glass Bottle,30,45.0,17.0,17.0,high,90,30,5.  13-415 Bottles/5. Sleek 5ml/1. Sleek 5ml PSD (Uncapped) /1. GBSleek5BlkSht.psd,own photo
sleek-8ml-13-415,Clear,Sleek,,8,13-415,Glass Bottle,30,66.0,17.0,17.0,high,90,30,5.  13-415 Bottles/6. Sleek 8ml/1. Sleek 8ml (Uncapped) PSD /1. GBSleek8BlkSht.psd,own photo
slim-100ml-18-415,Clear,Slim,,100,18-415,Glass Bottle,43,154.0,37.0,37.0,high,67,12,"2.  18-415 Bottles /31. Capped & Uncapped, 18-415 Lotion and Sprayers/Capped/16.  100 Slim, Ltn & Spry, capped/11. GBSlm100SpryMtGl.psd",own photo
slim-30ml-18-415,Clear,Slim,,30,18-415,Glass Bottle,37,87.0,30.0,30.0,high,61,12,"2.  18-415 Bottles /31. Capped & Uncapped, 18-415 Lotion and Sprayers/Capped/14.  30 Slim, Ltn & Spry, capped/11. GBSlm30SpryMtGl.psd",own photo
slim-50ml-18-415,Clear,Slim,,50,18-415,Glass Bottle,43,121.0,31.0,31.0,high,68,13,"2.  18-415 Bottles /31. Capped & Uncapped, 18-415 Lotion and Sprayers/Capped/15.  50 Slim, Ltn & Spry, capped/11. GBSlm50SpryMtGl.psd",own photo
square-15ml-13-415,Clear,Square,,15,13-415,Glass Bottle,29,52.0,26.0,26.0,high,84,28,5.  13-415 Bottles/12. Square 15ml/1. Square 15ml (Uncapped) PSD /10. GBSqr15MtlRollSlDot.psd,own photo
teardrop-9ml-Ground,Clear,Teardrop,,9,Ground,Glass Bottle,1,43.0,20.0,20.0,convex-only,1,0,17. Additional Bottles/GBTRDPClear.psd,own photo
teardrop-9ml-Ground,Cobalt Blue,Teardrop,,9,Ground,Glass Bottle,1,43.0,20.0,20.0,convex-only,1,0,17. Additional Bottles/GBTrdpBlue.psd,own photo
teardrop-9ml-Ground,Green,Teardrop,,9,Ground,Glass Bottle,1,43.0,20.0,20.0,convex-only,1,0,17. Additional Bottles/GBTRDPGreen.psd,own photo
tola-decorative-3ml-14.3mm,Clear,Decorative,Tola,3,14.3mm,Glass Bottle,1,42.0,18.0,18.0,convex-only,1,0,16. 14.3mm/New Folder With Items/GB3TPlGl.psd,own photo
tola-decorative-6ml-14.3mm,Clear,Decorative,Tola,6,14.3mm,Glass Bottle,1,48.0,22.0,22.0,convex-only,1,0,16. 14.3mm/New Folder With Items/GB6TPlGl.psd,own photo
tulip-5ml-13-415,Amber,Tulip,,5,13-415,Glass Bottle,30,45.0,23.0,23.0,high,90,30,5.  13-415 Bottles/4. Tulip 5ml Amber/1. Tulip 5 Amber (Uncapped) PSD /1. GBTulipAmb5BlkSht.psd,own photo
tulip-6ml-13-415,Clear,Tulip,,6,13-415,Glass Bottle,30,45.0,23.0,23.0,high,87,29,5.  13-415 Bottles/19. Tulip 6ml Clear/1. Tulip 6ml (Uncapped) PSD /1. GBTulip6BlkSht.psd,own photo
vial-1ml-Plug,Amber,Vial,,1,Plug,Glass Bottle,2,35.0,8.0,8.0,convex-only,4,2,12. Vials/2. 1ml Amber PSD Uncapped/1. GB1mlAmbVBlk.psd,own photo
vial-1ml-Plug,Clear,Vial,,1,Plug,Glass Bottle,2,35.0,8.0,8.0,convex-only,3,1,12. Vials/4. 1ml Clear PSD Uncapped/1. GB1mlVBlk.psd,own photo
vial-2ml-13-425,Amber,Vial,Vial,2,13-425,Glass Bottle,1,22.0,16.0,16.0,low,2,1,5.  13-415 Bottles/22. GB 1o5 Amber/2.  Amber 1o5  Uncapped/2. GBVialAmb1o5WhtCapSht.psd,own photo
vial-2ml-8-425,Amber,Vial,,2,8-425,Glass Bottle,2,35.0,12.0,12.0,high,5,2,12. Vials/0. All Vials/Uncapped/GBVAmb2BlackCap.psd,own photo
vial-2ml-8-425,Clear,Vial,,2,8-425,Glass Bottle,2,35.0,12.0,12.0,high,2,0,6.   8-425 Bottles - CB/2. 2ml Dram/1.  Clear 2ml Dram/1. GBVialClr2mlBlackCap.psd,own photo
vial-3ml-13-425,Blue,Vial,,3,13-425,Glass Bottle,1,29.0,14.0,14.0,high,0,0,,no source photo
vial-3ml-13-425,Green,Vial,,3,13-425,Glass Bottle,2,29.0,14.0,14.0,high,0,0,,no source photo
vial-4ml-13-425,Amber,Vial,,4,13-425,Glass Bottle,3,45.0,15.0,15.0,high,4,2,12. Vials/0. All Vials/Uncapped/GBVAmb1DrmBlackCapSht.psd,own photo
vial-4ml-13-425,Blue,Vial,,4,13-425,Glass Bottle,3,45.0,15.0,15.0,high,4,2,12. Vials/0. All Vials/Uncapped/GBVBlu1DrmBlackCapSht.psd,own photo
vial-4ml-13-425,Clear,Vial,,4,13-425,Glass Bottle,3,45.0,15.0,15.0,high,1,0,12. Vials/0. All Vials/Capped/GBV1DrmBlkDropper.psd,own photo
vial-4ml-13-425,Green,Vial,,4,13-425,Glass Bottle,3,45.0,15.0,15.0,high,6,3,12. Vials/0. All Vials/Uncapped/GBVGr1DrmBlackCapSht.psd,own photo
vial-9ml-18-400,Clear,Vial,,9,18-400,Glass Bottle,2,79.4,20.0,20.0,medium,3,1,12. Vials/0. All Vials/Uncapped/GB09BlackCapApp.psd,own photo
