family,capacityMl,bodyHeightMm,widthAxisMm,depthAxisMm,axisSemantics,secondAxisStatus,variantCount,colors,applicators,productGroupSlugs,conflictFlagCounts,rawHeightValues,rawDiameterValues
Aluminum Bottle,65,94,36,36.0,round,equal-to-diameter(circular),2,Clear|White,Lotion Pump,aluminum-bottle-65ml-mixed-20-410,convex_height_corrected_by_site(was=105.0)×1;convex_widthaxis_corrected_by_site(was=40.0)×1,105 ±2 mm×1|94 ±1 mm×1,40 ±0.5 mm×1|36 ±0.5 mm×1
Aluminum Bottle,100,128,50,50.0,round,equal-to-diameter(circular),1,Clear,Fine Mist Sprayer,aluminum-bottle-100ml-mixed-20-410,,127.8×1,50 ±0.5 mm×1
Aluminum Bottle,120,114,45,45.0,round,equal-to-diameter(circular),2,Clear,Lotion Pump,aluminum-bottle-120ml-mixed-20-410,,114 ±2 mm×2,45 ±0.5 mm×2
Aluminum Bottle,250,128,60,60.0,round,equal-to-diameter(circular),1,Clear,Fine Mist Sprayer,aluminum-bottle-250ml-clear-20-410-finemist,d:override_applied×1;h:override_applied×1,127.8×1,60 ±0.5 mm×1
Aluminum Bottle,250,155,50,50.0,round,equal-to-diameter(circular),1,,,fine-mist-sprayer-20-410,d:missing×1;h:missing×1,None×1,None×1
Aluminum Bottle,500,178,74,74.0,round,equal-to-diameter(circular),1,Clear,,aluminum-bottle-500ml-mixed-20-410,,178 ±2 mm×1,74 ±1 mm×1
Apothecary,15,58,30,30.0,round,equal-to-diameter(circular),1,Cobalt Blue,Glass Stopper,apothecary-15ml-cobalt-blue-Ground-glassapplicator,,58 ±1 mm×1,30 ±0.5 mm×1
Apothecary,30,58,37,37.0,round,equal-to-diameter(circular),3,Clear|Cobalt Blue|Green,Glass Stopper,apothecary-30ml-clear-Ground-glassapplicator|apothecary-30ml-cobalt-blue-Ground-glassapplicator|apothecary-30ml-green-Ground-glassapplicator,,58×3,37 ±0.5 mm×3
Apothecary,118,52,27,27.4,round,equal-to-diameter(circular),1,Clear,,pear-118ml-clear-Ground-stopper,,52.2×1,27.4×1
Atomizer,5,76,18,18.0,round,equal-to-diameter(circular),11,Black|Clear|Cobalt Blue|Pink,Atomizer,atomizer-5ml,,76 ±1 mm×11,18 ±0.5 mm×11
Atomizer,5,92,15,15.0,round,equal-to-diameter(circular),3,Black|Clear,Atomizer,atomizer-5ml,,92 ±1 mm×3,15 ±0.5 mm×3
Atomizer,10,82,23,23.0,round,equal-to-diameter(circular),11,Black|Clear|Cobalt Blue|Green|Pink,Atomizer,atomizer-10ml,,82 ±1 mm×11,23 ±0.5 mm×11
Bell,10,55,27,27.0,round,equal-to-diameter(circular),6,Clear,Cap/Closure|Fine Mist Sprayer|Metal Roller Ball|N/A|Plastic Roller Ball,bell-10ml-clear-13-415|bell-10ml-clear-13-415-capclosure|bell-10ml-clear-13-415-finemist|bell-10ml-clear-13-415-rollon,d:override_applied×3;h:override_applied×3,55 ±1 mm×3|None×3,27 ±0.5 mm×3|None×2|22×1
Boston Round,15,68,25,25.0,round,equal-to-diameter(circular),16,Amber|Clear|Cobalt Blue,Dropper|N/A,boston-round-15ml-amber-18-400|boston-round-15ml-amber-18-400-dropper|boston-round-15ml-clear-18-400|boston-round-15ml-cobalt-blue-18-400|boston-round-15ml-cobalt-blue-18-400-dropper,d:override_applied×1;h:override_applied×1,68 ±1 mm×15|None×1,25 ±0.5 mm×15|None×1
Boston Round,30,68,33,33.0,round,equal-to-diameter(circular),1,Clear,,boston-round-30ml-clear-20-400,site_depth_semantics_suspect(round-family)×1,68 ±1 mm×1,33 ±0.5 mm×1
Boston Round,30,78,33,33.0,round,equal-to-diameter(circular),52,Amber|Clear|Cobalt Blue,Dropper|Metal Roller Ball|Plastic Roller Ball,boston-round-30ml-amber-20-400|boston-round-30ml-amber-20-400-dropper|boston-round-30ml-amber-20-400-rollon|boston-round-30ml-clear-20-400-dropper|boston-round-30ml-clear-20-400-rollon|boston-round-30ml-cobalt-blue-20-400|boston-round-30ml-cobalt-blue-20-400-dropper|boston-round-30ml-cobalt-blue-20-400-rollon,site_depth_semantics_suspect(round-family)×52;d:dup_lineage_stale_value×1;h:dup_lineage_stale_value×1,78 ±1 mm×51|60 ±1 mm×1,33 ±0.5 mm×51|28 ±0.5 mm×1
Boston Round,60,94,39,39.0,round,equal-to-diameter(circular),54,Amber|Clear|Cobalt Blue,Dropper|Metal Roller Ball|Plastic Roller Ball,boston-round-60ml-amber-20-400|boston-round-60ml-amber-20-400-dropper|boston-round-60ml-amber-20-400-rollon|boston-round-60ml-clear-20-400|boston-round-60ml-clear-20-400-dropper|boston-round-60ml-clear-20-400-rollon|boston-round-60ml-cobalt-blue-20-400|boston-round-60ml-cobalt-blue-20-400-dropper|boston-round-60ml-cobalt-blue-20-400-rollon,site_depth_semantics_suspect(round-family)×54,94 ±1 mm×54,39 ±0.5 mm×54
Circle,15,60,50,17.0,flat,from-live-site(Item Depth),30,Clear,Fine Mist Sprayer|Metal Roller Ball|Plastic Roller Ball,circle-15ml-clear-13-415|circle-15ml-clear-13-415-finemist|circle-15ml-clear-13-415-rollon,,60 ±1 mm×30,50 ±0.5 mm×30
Circle,30,74,60,20.0,flat,from-live-site(Item Depth),7,Clear,Perfume Spray Pump,circle-30ml-clear-15-415|circle-30ml-clear-15-415-perfumespray,convex_widthaxis_corrected_by_site(was=37.0)×7,74 ±1 mm×7,37 ±0.5 mm×7
Circle,50,87,72,23.0,flat,from-live-site(Item Depth),94,Clear|Frosted,Dropper|Lotion Pump|Perfume Spray Pump|Reducer|Vintage Bulb Sprayer|Vintage Bulb Sprayer with Tassel,circle-50ml-clear-18-415-antiquespray|circle-50ml-clear-18-415-antiquespray-tassel|circle-50ml-clear-18-415-dropper|circle-50ml-clear-18-415-lotionpump|circle-50ml-clear-18-415-perfumespray|circle-50ml-clear-18-415-reducer|circle-50ml-frosted-18-400-reducer|circle-50ml-frosted-18-415-antiquespray|circle-50ml-frosted-18-415-dropper|circle-50ml-frosted-18-415-lotionpump|circle-50ml-frosted-18-415-perfumespray|circle-50ml-frosted-18-415-reducer,,87 ±1 mm×94,72 ±1 mm×94
Circle,100,105,89,29.0,flat,from-live-site(Item Depth),87,Clear|Frosted,Lotion Pump|Perfume Spray Pump|Reducer|Vintage Bulb Sprayer|Vintage Bulb Sprayer with Tassel,circle-100ml-clear-18-415-antiquespray|circle-100ml-clear-18-415-antiquespray-tassel|circle-100ml-clear-18-415-lotionpump|circle-100ml-clear-18-415-perfumespray|circle-100ml-clear-18-415-reducer|circle-100ml-frosted-18-415-antiquespray|circle-100ml-frosted-18-415-antiquespray-tassel|circle-100ml-frosted-18-415-lotionpump|circle-100ml-frosted-18-415-perfumespray|circle-100ml-frosted-18-415-reducer,convex_widthaxis_corrected_by_site(was=78.0)×73;convex_widthaxis_corrected_by_site(was=35.0)×14;convex_height_corrected_by_site(was=100.0)×10;h:group_outlier_unresolved×5;h:dup_lineage_stale_value×1,105 ±2 mm×78|100 ±1 mm×9,78 ±1 mm×73|35 ±0.5 mm×14
Cream Jar,3,18,35,35.0,round,equal-to-diameter(circular),1,Cobalt Blue,,cream-jar-3ml-mixed,convex_height_corrected_by_site(was=40.0)×1;convex_widthaxis_corrected_by_site(was=25.0)×1,40 ±1 mm×1,25 ±0.5 mm×1
Cream Jar,3,22,33,33.0,round,equal-to-diameter(circular),1,Clear,,cream-jar-3ml-mixed,,22 ±0.5 mm×1,33 ±0.5 mm×1
Cream Jar,5,16,31,31.0,round,equal-to-diameter(circular),1,Clear,,cream-jar-5ml-mixed,,16 ±0.5 mm×1,31 ±0.5 mm×1
Cream Jar,5,24,31,31.0,round,equal-to-diameter(circular),3,Amber,,cream-jar-5ml-amber|cream-jar-5ml-mixed|lotion-pump-37mm,d:missing×1;h:missing×1;d:override_applied×1;h:override_applied×1,24 ±0.5 mm×2|None×1,31 ±0.5 mm×2|None×1
Cream Jar,15,26,55,55.0,round,equal-to-diameter(circular),1,Clear,,cream-jar-15ml-mixed,,26 ±0.5 mm×1,55 ±1 mm×1
Cream Jar,15,31,48,48.0,round,equal-to-diameter(circular),1,Clear,,cream-jar-15ml-mixed,,31 ±0.5 mm×1,48 ±0.5 mm×1
Cream Jar,20,34,55,55.0,round,equal-to-diameter(circular),1,White,,cream-jar-20ml-mixed,,33.9×1,55 ±1 mm×1
Cream Jar,30,35,52,52.0,round,equal-to-diameter(circular),4,Amber|Frosted,,cream-jar-30ml-mixed,,35 ±0.5 mm×4,52 ±1 mm×4
Cream Jar,40,42,56,56.0,round,equal-to-diameter(circular),4,Amber|Frosted,,cream-jar-40ml-mixed,,42 ±0.5 mm×4,56 ±1 mm×4
Cream Jar,60,51,59,59.0,round,equal-to-diameter(circular),1,Frosted,,cream-jar-60ml-mixed,,51 ±1 mm×1,59 ±1 mm×1
Cream Jar,63,51,59,59.0,round,equal-to-diameter(circular),1,White,,cream-jar-63ml-mixed,,51×1,59 ±1 mm×1
Cylinder,3,37,14,14.0,round,equal-to-diameter(circular),2,Clear,Fine Mist Sprayer,cylinder-3ml-clear-12mm-finemist,,37 ±0.5 mm×1|37×1,14 ±0.5 mm×2
Cylinder,4,49,14,14.0,round,equal-to-diameter(circular),2,Clear,Fine Mist Sprayer,cylinder-4ml-clear-12mm-finemist,,49 ±0.5 mm×2,14 ±0.5 mm×2
Cylinder,5,53,17,17.0,round,equal-to-diameter(circular),54,Clear|Cobalt Blue,Cap/Closure|Fine Mist Sprayer|Metal Roller Ball|Plastic Roller Ball,cylinder-5ml-clear-13-415|cylinder-5ml-clear-13-415-capclosure|cylinder-5ml-clear-13-415-finemist|cylinder-5ml-clear-13-415-rollon|cylinder-5ml-cobalt-blue-13-415|cylinder-5ml-cobalt-blue-13-415-finemist|cylinder-5ml-cobalt-blue-13-415-rollon|cylinder-5ml-white-13-415,,53 ±1 mm×54,17 ±0.5 mm×54
Cylinder,5,53,18,18.0,round,equal-to-diameter(circular),2,Cobalt Blue,Cap/Closure|N/A,cylinder-5ml-cobalt-blue-13-415,h:dup_lineage_stale_value×1;h:missing_filled_from_group×1,60 ±1 mm×1|None×1,18 ±0.5 mm×1|18.4×1
Cylinder,5,54,17,17.0,round,equal-to-diameter(circular),5,Clear,Fine Mist Sprayer,cylinder-5ml-clear-13-415-finemist,,54.2×5,17 ±0.5 mm×5
Cylinder,9,70,20,20.0,round,equal-to-diameter(circular),60,Amber|Clear|Cobalt Blue,Fine Mist Sprayer|Lotion Pump|Metal Roller Ball|Plastic Roller Ball,cylinder-9ml-amber-17-415-finemist|cylinder-9ml-amber-17-415-lotionpump|cylinder-9ml-amber-17-415-rollon|cylinder-9ml-clear-17-415-finemist|cylinder-9ml-clear-17-415-lotionpump|cylinder-9ml-clear-17-415-rollon|cylinder-9ml-cobalt-blue-17-415-finemist|cylinder-9ml-cobalt-blue-17-415-lotionpump|cylinder-9ml-cobalt-blue-17-415-rollon,,70 ±1 mm×60,20 ±0.5 mm×60
Cylinder,9,70,21,21.0,round,equal-to-diameter(circular),27,Amber|Clear|Cobalt Blue,Plastic Roller Ball,cylinder-9ml-amber-17-415-rollon|cylinder-9ml-clear-17-415-rollon|cylinder-9ml-cobalt-blue-17-415-rollon,h:group_outlier_unresolved×27;convex_height_corrected_by_site(was=63.0)×27,63 ±1 mm×27,21 ±0.5 mm×27
Cylinder,9,74,21,21.0,round,equal-to-diameter(circular),51,Clear|Frosted|Swirl,Fine Mist Sprayer|Lotion Pump|Metal Roller Ball|Plastic Roller Ball,cylinder-9ml-clear|cylinder-9ml-frosted-17-415-rollon|cylinder-9ml-swirl-17-415-finemist|cylinder-9ml-swirl-17-415-lotionpump|cylinder-9ml-swirl-17-415-rollon|cylinder-9ml-white-17-415-rollon,convex_height_corrected_by_site(was=63.0)×10;h:group_outlier_unresolved×9;h:dup_lineage_stale_value×6,74 ±1 mm×35|63 ±1 mm×16,21 ±0.5 mm×51
Cylinder,9,74,20,20.0,round,equal-to-diameter(circular),9,Frosted,Fine Mist Sprayer|Lotion Pump,cylinder-9ml-frosted-17-415-finemist|cylinder-9ml-frosted-17-415-lotionpump,,74 ±1 mm×9,20 ±0.5 mm×9
Cylinder,9,79,21,21.0,round,equal-to-diameter(circular),1,Clear,,cylinder-9ml-clear-18-400,h:inch_conversion_artifact×1,79.4×1,21 ±0.5 mm×1
Cylinder,9,79,20,20.0,round,equal-to-diameter(circular),1,Clear,Glass Rod,cylinder-9ml-clear-18-400-glasswand,h:inch_conversion_artifact×1,79.4×1,20 ±0.5 mm×1
Cylinder,9,106,18,18.0,round,equal-to-diameter(circular),60,Clear|Frosted,Fine Mist Sprayer|Metal Roller Ball|Plastic Roller Ball,cylinder-9ml-clear-13-415|cylinder-9ml-clear-13-415-finemist|cylinder-9ml-clear-13-415-rollon|cylinder-9ml-frosted-13-415|cylinder-9ml-frosted-13-415-finemist|cylinder-9ml-frosted-13-415-rollon|cylinder-9ml-white-13-415,h:dup_lineage_stale_value×2;h:group_outlier_unresolved×1;convex_height_corrected_by_site(was=76.0)×1,106 ±2 mm×57|76 ±1 mm×3,18 ±0.5 mm×60
Cylinder,25,83,32,32.0,round,equal-to-diameter(circular),7,Clear,Lotion Pump,cylinder-25ml-clear-18-415-lotionpump,,83 ±1 mm×7,32 ±0.5 mm×7
Cylinder,28,81,31,31.0,round,equal-to-diameter(circular),4,Clear,Metal Roller Ball|Plastic Roller Ball,cylinder-28ml-clear-16mm-rollon,,81 ±1 mm×4,31 ±0.5 mm×4
Cylinder,30,51,42,42.0,round,equal-to-diameter(circular),2,Clear,Fine Mist Sprayer,cylinder-30ml-clear-18-415,h:inch_conversion_artifact×2,50.8×2,42 ±0.5 mm×2
Cylinder,50,98,37,37.0,round,equal-to-diameter(circular),4,Clear,Metal Roller Ball|Plastic Roller Ball,cylinder-50ml-clear-16mm-rollon,,98 ±1 mm×4,37 ±0.5 mm×4
Cylinder,50,117,32,32.0,round,equal-to-diameter(circular),44,Clear,Lotion Pump|Perfume Spray Pump|Reducer|Vintage Bulb Sprayer|Vintage Bulb Sprayer with Tassel,cylinder-50ml-clear-18-415-antiquespray|cylinder-50ml-clear-18-415-antiquespray-tassel|cylinder-50ml-clear-18-415-lotionpump|cylinder-50ml-clear-18-415-perfumespray|cylinder-50ml-clear-18-415-reducer,,117 ±2 mm×44,32 ±0.5 mm×44
Cylinder,50,117,30,30.0,round,equal-to-diameter(circular),1,Clear,Vintage Bulb Sprayer,cylinder-50ml-clear-18-415-antiquespray,h:group_outlier_unresolved×1;convex_height_corrected_by_site(was=85.0)×1,85 ±1 mm×1,30 ±0.5 mm×1
Cylinder,100,154,35,35.0,round,equal-to-diameter(circular),45,Clear,Lotion Pump|Perfume Spray Pump|Reducer|Vintage Bulb Sprayer|Vintage Bulb Sprayer with Tassel,cylinder-100ml-clear-18-415-antiquespray|cylinder-100ml-clear-18-415-antiquespray-tassel|cylinder-100ml-clear-18-415-lotionpump|cylinder-100ml-clear-18-415-perfumespray|cylinder-100ml-clear-18-415-reducer,,154 ±2 mm×45,35 ±0.5 mm×45
Cylinder,118,116,41,41.0,round,equal-to-diameter(circular),1,Clear,N/A,cylinder-118ml-clear,,116 ±2 mm×1,41 ±0.5 mm×1
Cylinder,227,156,51,51.0,round,equal-to-diameter(circular),1,Clear,N/A,cylinder-227ml-clear,,156 ±2 mm×1,51 ±1 mm×1
Cylinder,454,195,62,62.0,round,equal-to-diameter(circular),1,Clear,N/A,cylinder-454ml-clear,,195 ±2 mm×1,62 ±1 mm×1
Decorative,3,42,18,,mixed,per-shape — review,1,Clear,,tola-3ml-clear-14.3mm,,42 ±0.5 mm×1,18 ±0.5 mm×1
Decorative,4,46,32,,mixed,per-shape — review,2,Frosted,Glass Stopper,heart-4ml-frosted-8mm-keychain|heart-4ml-frosted-8mm-tassel,convex_widthaxis_corrected_by_site(was=14.0)×2,46 ±0.5 mm×2,14 ±0.5 mm×2
Decorative,5,66,26,,mixed,per-shape — review,1,Clear,,marble-5ml-clear-17.52mm,convex_widthaxis_corrected_by_site(was=18.0)×1,66 ±1 mm×1,18 ±0.5 mm×1
Decorative,6,48,22,,mixed,per-shape — review,1,Clear,,tola-6ml-clear-14.3mm,,48 ±0.5 mm×1,22 ±0.5 mm×1
Decorative,10,80,28,,mixed,per-shape — review,1,Clear,,marble-10ml-clear-17.52mm,convex_widthaxis_corrected_by_site(was=23.0)×1,80 ±1 mm×1,23 ±0.5 mm×1
Decorative,32,77,42,,mixed,per-shape — review,2,Clear|Cobalt Blue,,genie-32ml-clear-Ground|genie-32ml-cobalt-blue-Ground,,77 ±1 mm×2,42 ±0.5 mm×2
Decorative,35,43,63,,mixed,per-shape — review,1,Cobalt Blue,,eternal-flame-35ml-cobalt-blue-Ground,d:inch_conversion_artifact×1;convex_widthaxis_corrected_by_site(was=25.4)×1,43 ±0.5 mm×1,25.4×1
Decorative,35,44,63,,mixed,per-shape — review,2,Clear|Green,,eternal-flame-35ml-clear-Ground|eternal-flame-35ml-green-Ground,d:inch_conversion_artifact×2;convex_widthaxis_corrected_by_site(was=25.4)×2,44 ±0.5 mm×2,25.4×2
Decorative,355,52,92,,mixed,per-shape — review,1,Clear,Glass Stopper,pear-355ml-clear-Ground-glassapplicator,,52.2×1,92 ±1 mm×1
Diamond,60,88,39,,flat,UNKNOWN — not recorded in any system,45,Clear,Lotion Pump|Perfume Spray Pump|Reducer|Vintage Bulb Sprayer|Vintage Bulb Sprayer with Tassel,diamond-60ml-clear-18-415-antiquespray|diamond-60ml-clear-18-415-antiquespray-tassel|diamond-60ml-clear-18-415-lotionpump|diamond-60ml-clear-18-415-perfumespray|diamond-60ml-clear-18-415-reducer,,88 ±1 mm×45,39 ±0.5 mm×38|39×7
Diva,30,81,43,43.0,round,equal-to-diameter(circular),36,Clear,Lotion Pump|Perfume Spray Pump|Reducer|Vintage Bulb Sprayer,diva-30ml-clear-18-415-antiquespray|diva-30ml-clear-18-415-lotionpump|diva-30ml-clear-18-415-perfumespray|diva-30ml-clear-18-415-reducer,,81 ±1 mm×33|81×3,43 ±0.5 mm×36
Diva,46,88,49,49.0,round,equal-to-diameter(circular),2,Clear|Frosted,Vintage Bulb Sprayer,diva-46ml-clear-18-415|diva-46ml-frosted-18-415-antiquespray,d:dup_lineage_stale_value×2,88 ±1 mm×2,60 ±0.5 mm×2
Diva,46,89,49,49.0,round,equal-to-diameter(circular),142,Clear|Frosted,Dropper|Lotion Pump|Perfume Spray Pump|Reducer|Vintage Bulb Sprayer|Vintage Bulb Sprayer with Tassel,diva-46ml-clear-18-415|diva-46ml-clear-18-415-antiquespray|diva-46ml-clear-18-415-antiquespray-tassel|diva-46ml-clear-18-415-dropper|diva-46ml-clear-18-415-lotionpump|diva-46ml-clear-18-415-perfumespray|diva-46ml-clear-18-415-reducer|diva-46ml-frosted-18-415-antiquespray|diva-46ml-frosted-18-415-antiquespray-tassel|diva-46ml-frosted-18-415-dropper|diva-46ml-frosted-18-415-lotionpump|diva-46ml-frosted-18-415-perfumespray|diva-46ml-frosted-18-415-reducer,,89 ±1 mm×142,49 ±0.5 mm×142
Diva,100,113,64,64.0,round,equal-to-diameter(circular),45,Clear,Lotion Pump|Perfume Spray Pump|Reducer|Vintage Bulb Sprayer|Vintage Bulb Sprayer with Tassel,diva-100ml-clear-18-415-antiquespray|diva-100ml-clear-18-415-antiquespray-tassel|diva-100ml-clear-18-415-lotionpump|diva-100ml-clear-18-415-perfumespray|diva-100ml-clear-18-415-reducer,,113 ±2 mm×45,64 ±1 mm×45
Elegant,15,61,36,18.0,flat,from-live-site(Item Depth),57,Clear,Fine Mist Sprayer|Metal Roller Ball|Plastic Roller Ball,elegant-15ml-clear-13-415|elegant-15ml-clear-13-415-finemist|elegant-15ml-clear-13-415-rollon,convex_widthaxis_corrected_by_site(was=30.0)×57;d:dup_lineage_stale_value×27;h:dup_lineage_stale_value×4,61 ±1 mm×53|70 ±1 mm×4,30 ±0.5 mm×30|35 ±0.5 mm×27
Elegant,15,61,30,,flat,UNKNOWN — not recorded in any system,1,Clear,Cap/Closure,elegant-15ml-clear-13-415-capclosure,,61 ±1 mm×1,30 ±0.5 mm×1
Elegant,15,61,35,18.0,flat,from-live-site(Item Depth),28,Frosted,Fine Mist Sprayer|Metal Roller Ball|N/A|Plastic Roller Ball,elegant-15ml-frosted-13-415|elegant-15ml-frosted-13-415-finemist|elegant-15ml-frosted-13-415-rollon,convex_height_corrected_by_site(was=70.0)×4;h:dup_lineage_stale_value×4;d:override_applied×1;h:override_applied×1,61 ±1 mm×23|70 ±1 mm×4|61 ±1 mm Item Width: 36 ±0.5 m×1,35 ±0.5 mm×27|None×1
Elegant,30,75,44,22.0,flat,from-live-site(Item Depth),14,Clear|Frosted,Perfume Spray Pump,elegant-30ml-clear-15-415|elegant-30ml-clear-15-415-perfumespray|elegant-30ml-frosted-15-415|elegant-30ml-frosted-15-415-perfumespray,convex_widthaxis_corrected_by_site(was=37.0)×14,75×10|75 ±1 mm×4,37 ±0.5 mm×14
Elegant,60,86,54,27.0,flat,from-live-site(Item Depth),96,Clear|Frosted,Dropper|Fine Mist Sprayer|Lotion Pump|Perfume Spray Pump|Reducer|Vintage Bulb Sprayer|Vintage Bulb Sprayer with Tassel,elegant-60ml-clear-18-415-antiquespray|elegant-60ml-clear-18-415-antiquespray-tassel|elegant-60ml-clear-18-415-dropper|elegant-60ml-clear-18-415-finemist|elegant-60ml-clear-18-415-lotionpump|elegant-60ml-clear-18-415-perfumespray|elegant-60ml-clear-18-415-reducer|elegant-60ml-frosted-18-415-antiquespray|elegant-60ml-frosted-18-415-antiquespray-tassel|elegant-60ml-frosted-18-415-dropper|elegant-60ml-frosted-18-415-lotionpump|elegant-60ml-frosted-18-415-perfumespray|elegant-60ml-frosted-18-415-reducer,convex_widthaxis_corrected_by_site(was=39.0)×67;convex_widthaxis_corrected_by_site(was=42.6)×16;convex_widthaxis_corrected_by_site(was=60.0)×13;convex_height_corrected_by_site(was=92.0)×10;d:group_outlier_unresolved×9;h:group_outlier_unresolved×5;d:dup_lineage_stale_value×1;h:dup_lineage_stale_value×1,86 ±1 mm×85|92 ±1 mm×11,39 ±0.5 mm×66|42.6×16|60 ±0.5 mm×14
Elegant,60,87,54,27.0,flat,from-live-site(Item Depth),3,Clear|Frosted,Dropper,elegant-60ml-clear-18-415-dropper|elegant-60ml-frosted-18-415-dropper,convex_widthaxis_corrected_by_site(was=42.6)×3;d:group_outlier_unresolved×1,86.9×3,42.6×3
Elegant,100,109,61,30.0,flat,from-live-site(Item Depth),90,Clear|Frosted,Fine Mist Sprayer|Lotion Pump|Perfume Spray Pump|Reducer|Vintage Bulb Sprayer|Vintage Bulb Sprayer with Tassel,elegant-100ml-clear-18-415-antiquespray|elegant-100ml-clear-18-415-antiquespray-tassel|elegant-100ml-clear-18-415-finemist|elegant-100ml-clear-18-415-lotionpump|elegant-100ml-clear-18-415-perfumespray|elegant-100ml-clear-18-415-reducer|elegant-100ml-frosted-18-415-antiquespray|elegant-100ml-frosted-18-415-antiquespray-tassel|elegant-100ml-frosted-18-415-lotionpump|elegant-100ml-frosted-18-415-perfumespray|elegant-100ml-frosted-18-415-reducer,convex_widthaxis_corrected_by_site(was=78.0)×74;convex_widthaxis_corrected_by_site(was=35.0)×15;d:dup_lineage_stale_value×2;h:dup_lineage_stale_value×2;convex_height_corrected_by_site(was=103.0)×1;convex_widthaxis_corrected_by_site(was=68.0)×1,109 ±2 mm×87|103 ±1 mm×3,78 ±1 mm×72|35 ±0.5 mm×15|68 ±0.5 mm×3
Elegant,100,109,35,,flat,UNKNOWN — not recorded in any system,1,Clear,Lotion Pump,elegant-100ml-clear-18-415-lotionpump,,109 ±2 mm×1,35 ±0.5 mm×1
Empire,50,88,37,37.0,square,equal-to-width(square-section),49,Clear,Dropper|Lotion Pump|Perfume Spray Pump|Reducer|Vintage Bulb Sprayer|Vintage Bulb Sprayer with Tassel,empire-50ml-clear-18-415-antiquespray|empire-50ml-clear-18-415-antiquespray-tassel|empire-50ml-clear-18-415-dropper|empire-50ml-clear-18-415-lotionpump|empire-50ml-clear-18-415-perfumespray|empire-50ml-clear-18-415-reducer,d:dup_lineage_stale_value×2,88 ±1 mm×49,37 ±0.5 mm×47|72 ±1 mm×2
Empire,100,107,46,46.0,square,equal-to-width(square-section),46,Clear,Lotion Pump|Perfume Spray Pump|Reducer|Vintage Bulb Sprayer|Vintage Bulb Sprayer with Tassel,empire-100ml-clear-18-415-antiquespray|empire-100ml-clear-18-415-antiquespray-tassel|empire-100ml-clear-18-415-lotionpump|empire-100ml-clear-18-415-perfumespray|empire-100ml-clear-18-415-reducer,d:dup_lineage_stale_value×2,107 ±2 mm×46,46 ±0.5 mm×44|78 ±1 mm×2
Flair,15,56,41,20.0,flat,from-live-site(Item Depth),30,Clear,Fine Mist Sprayer|Metal Roller Ball|Plastic Roller Ball,flair-15ml-clear-13-415|flair-15ml-clear-13-415-finemist|flair-15ml-clear-13-415-rollon,convex_widthaxis_corrected_by_site(was=30.0)×30,56 ±1 mm×30,30 ±0.5 mm×30
Grace,55,113,52,30.0,flat,from-live-site(Item Depth),45,Clear,Lotion Pump|Perfume Spray Pump|Reducer|Vintage Bulb Sprayer|Vintage Bulb Sprayer with Tassel,grace-55ml-clear-18-415-antiquespray|grace-55ml-clear-18-415-antiquespray-tassel|grace-55ml-clear-18-415-lotionpump|grace-55ml-clear-18-415-perfumespray|grace-55ml-clear-18-415-reducer,convex_widthaxis_corrected_by_site(was=55.0)×45;h:group_outlier_unresolved×1;convex_height_corrected_by_site(was=90.0)×1,113 ±2 mm×44|90 ±1 mm×1,55 ±0.5 mm×38|55×7
Lotion Bottle,3,118,33,33.0,round,equal-to-diameter(circular),1,Clear,,lotion-bottle-3ml-clear-Snap-On,,118×1,33×1
Lotion Bottle,30,118,33,33.0,round,equal-to-diameter(circular),3,Clear,Lotion Pump,lotion-bottle-30ml-clear|lotion-bottle-30ml-clear-18mm,,118×2|118 ±2 mm×1,33 ±0.5 mm×3
Pillar,9,57,21,21.0,round,equal-to-diameter(circular),3,Clear,Fine Mist Sprayer|N/A,pillar-9ml-clear-13-415|pillar-9ml-clear-17-415-finemist,d:override_applied×2;h:override_applied×2;h:missing×1;convex_widthaxis_corrected_by_site(was=43.7)×1,None×3,22×1|None×1|43.7×1
Pillar,9,57,20,20.0,round,equal-to-diameter(circular),1,Clear,N/A,pillar-9ml-clear-13-415,h:missing×1,None×1,20×1
Plastic Bottle,10,94,24,23.7,round,equal-to-diameter(circular),1,Clear,Fine Mist Sprayer,plastic-bottle-10ml-mixed,,93.8×1,23.7×1
Plastic Bottle,30,68,24,23.7,round,equal-to-diameter(circular),3,Clear,Fine Mist Sprayer,plastic-bottle-30ml-mixed,,68×2|68 ±1 mm×1,23.7×3
Rectangle,9,47,24,,flat,UNKNOWN — not recorded in any system,3,Clear,Glass Stopper,rectangle-9ml-clear-Ground-glassapplicator,convex_widthaxis_corrected_by_site(was=20.0)×3,47 ±0.5 mm×3,20 ±0.5 mm×3
Rectangle,10,50,29,19.0,flat,from-live-site(Item Depth),30,Clear,Fine Mist Sprayer|Metal Roller Ball|Plastic Roller Ball,footed-rectangle-10ml-clear-13-415|footed-rectangle-10ml-clear-13-415-finemist|footed-rectangle-10ml-clear-13-415-rollon,convex_widthaxis_corrected_by_site(was=23.0)×30,50 ±0.5 mm×30,23 ±0.5 mm×30
Rectangle,10,101,17,17.0,flat,from-live-site(Item Depth),30,Clear,Fine Mist Sprayer|Metal Roller Ball|Plastic Roller Ball,tall-rectangle-10ml-clear-13-415|tall-rectangle-10ml-clear-13-415-finemist|tall-rectangle-10ml-clear-13-415-rollon,convex_widthaxis_corrected_by_site(was=23.0)×30,101 ±2 mm×30,23 ±0.5 mm×30
Round,78,73,59,59.0,round,equal-to-diameter(circular),90,Clear|Frosted,Lotion Pump|Perfume Spray Pump|Reducer|Vintage Bulb Sprayer|Vintage Bulb Sprayer with Tassel,round-78ml-clear-18-415-antiquespray|round-78ml-clear-18-415-antiquespray-tassel|round-78ml-clear-18-415-lotionpump|round-78ml-clear-18-415-perfumespray|round-78ml-clear-18-415-reducer|round-78ml-frosted-18-415-antiquespray|round-78ml-frosted-18-415-antiquespray-tassel|round-78ml-frosted-18-415-lotionpump|round-78ml-frosted-18-415-perfumespray|round-78ml-frosted-18-415-reducer,d:group_outlier_unresolved×2;h:group_outlier_unresolved×2;convex_height_corrected_by_site(was=100.0)×2;convex_widthaxis_corrected_by_site(was=75.0)×2,73 ±1 mm×88|100 ±1 mm×2,59 ±1 mm×88|75 ±0.5 mm×2
Round,128,83,69,69.0,round,equal-to-diameter(circular),93,Clear|Frosted,Dropper|Lotion Pump|Perfume Spray Pump|Reducer|Vintage Bulb Sprayer|Vintage Bulb Sprayer with Tassel,round-128ml-clear-18-415-antiquespray|round-128ml-clear-18-415-antiquespray-tassel|round-128ml-clear-18-415-dropper|round-128ml-clear-18-415-lotionpump|round-128ml-clear-18-415-perfumespray|round-128ml-clear-18-415-reducer|round-128ml-frosted-18-415-antiquespray|round-128ml-frosted-18-415-dropper|round-128ml-frosted-18-415-lotionpump|round-128ml-frosted-18-415-perfumespray|round-128ml-frosted-18-415-reducer,d:group_outlier_unresolved×3;convex_widthaxis_corrected_by_site(was=85.0)×3;h:group_outlier_unresolved×2;convex_height_corrected_by_site(was=110.0)×2;hc:inch_conversion_artifact×1;convex_height_corrected_by_site(was=78.7)×1,83 ±1 mm×90|110 ±1 mm×2|78.7×1,69 ±1 mm×90|85 ±1 mm×3
Round,128,84,69,69.0,round,equal-to-diameter(circular),3,Clear|Frosted,Dropper,round-128ml-clear-18-415-dropper|round-128ml-frosted-18-415-dropper,,83.6×3,69 ±1 mm×3
Royal,13,56,44,43.7,round,equal-to-diameter(circular),26,Clear,Fine Mist Sprayer|Metal Roller Ball|Plastic Roller Ball,royal-13ml-clear-13-415|royal-13ml-clear-13-415-finemist|royal-13ml-clear-13-415-rollon,d:group_outlier_unresolved×1,56 ±1 mm×26,43.7×26
Royal,13,56,17,16.8,round,equal-to-diameter(circular),3,Clear,,royal-13ml-clear-13-415,,56 ±1 mm×3,16.8×3
Royal,14,64,44,43.7,round,equal-to-diameter(circular),1,Clear,,royal-14ml-clear-11mm,,64 ±1 mm×1,43.7×1
Sleek,5,45,18,18.0,square,equal-to-width(square-section),1,Clear,,sleek-5ml-clear-13-415,d:group_outlier_unresolved×1,45 ±0.5 mm×1,18 ±0.5 mm×1
Sleek,5,45,17,17.0,square,equal-to-width(square-section),29,Clear,Fine Mist Sprayer|Metal Roller Ball|Plastic Roller Ball,sleek-5ml-clear-13-415|sleek-5ml-clear-13-415-finemist|sleek-5ml-clear-13-415-rollon,convex_widthaxis_corrected_by_site(was=23.0)×29;h:group_outlier_unresolved×8;convex_height_corrected_by_site(was=48.0)×8,45 ±0.5 mm×21|48 ±1 mm×8,23 ±0.5 mm×29
Sleek,8,66,17,17.0,square,equal-to-width(square-section),30,Clear,Fine Mist Sprayer|Metal Roller Ball|Plastic Roller Ball,sleek-8ml-clear-13-415|sleek-8ml-clear-13-415-finemist|sleek-8ml-clear-13-415-rollon,convex_widthaxis_corrected_by_site(was=23.0)×30;h:group_outlier_unresolved×8;convex_height_corrected_by_site(was=48.0)×8,66 ±1 mm×22|48 ±1 mm×8,23 ±0.5 mm×30
Sleek,30,98,28,28.0,square,equal-to-width(square-section),40,Clear,Dropper|Lotion Pump|Perfume Spray Pump|Reducer|Vintage Bulb Sprayer,sleek-30ml-clear-18-415-antiquespray|sleek-30ml-clear-18-415-dropper|sleek-30ml-clear-18-415-lotionpump|sleek-30ml-clear-18-415-perfumespray|sleek-30ml-clear-18-415-reducer,convex_widthaxis_corrected_by_site(was=37.0)×27;convex_widthaxis_corrected_by_site(was=34.8)×5;d:group_outlier_unresolved×4,98 ±1 mm×35|98×5,37 ±0.5 mm×27|28 ±0.5 mm×8|34.8×5
Sleek,50,139,28,28.0,square,equal-to-width(square-section),46,Clear,Lotion Pump|Perfume Spray Pump|Reducer|Vintage Bulb Sprayer|Vintage Bulb Sprayer with Tassel,sleek-50ml-clear-18-415-antiquespray|sleek-50ml-clear-18-415-antiquespray-tassel|sleek-50ml-clear-18-415-lotionpump|sleek-50ml-clear-18-415-perfumespray|sleek-50ml-clear-18-415-reducer,convex_widthaxis_corrected_by_site(was=72.0)×38,139 ±2 mm×46,72 ±1 mm×38|28 ±0.5 mm×8
Sleek,100,149,35,35.0,square,equal-to-width(square-section),8,Clear,Lotion Pump,sleek-100ml-clear-18-415-lotionpump,,149 ±2 mm×8,35 ±0.5 mm×8
Sleek,100,149,36,36.0,square,equal-to-width(square-section),38,Clear,Perfume Spray Pump|Reducer|Vintage Bulb Sprayer|Vintage Bulb Sprayer with Tassel,sleek-100ml-clear-18-415-antiquespray|sleek-100ml-clear-18-415-antiquespray-tassel|sleek-100ml-clear-18-415-perfumespray|sleek-100ml-clear-18-415-reducer,convex_widthaxis_corrected_by_site(was=78.0)×38,149 ±2 mm×38,78 ±1 mm×38
Slim,30,87,30,30.0,square,equal-to-width(square-section),39,Clear,Dropper|Lotion Pump|Perfume Spray Pump|Reducer|Vintage Bulb Sprayer,slim-30ml-clear-18-415-antiquespray|slim-30ml-clear-18-415-dropper|slim-30ml-clear-18-415-lotionpump|slim-30ml-clear-18-415-perfumespray|slim-30ml-clear-18-415-reducer,convex_widthaxis_corrected_by_site(was=33.0)×7,87 ±1 mm×37|87×2,30 ±0.5 mm×32|33 ±0.5 mm×7
Slim,50,121,31,31.0,square,equal-to-width(square-section),44,Clear,Lotion Pump|Perfume Spray Pump|Reducer|Vintage Bulb Sprayer|Vintage Bulb Sprayer with Tassel,slim-50ml-clear-18-415-antiquespray|slim-50ml-clear-18-415-antiquespray-tassel|slim-50ml-clear-18-415-lotionpump|slim-50ml-clear-18-415-perfumespray|slim-50ml-clear-18-415-reducer,convex_widthaxis_corrected_by_site(was=72.0)×7,121 ±2 mm×44,31 ±0.5 mm×37|72 ±1 mm×7
Slim,50,121,30,30.0,square,equal-to-width(square-section),1,Clear,Vintage Bulb Sprayer,slim-50ml-clear-18-415-antiquespray,h:group_outlier_unresolved×1;convex_height_corrected_by_site(was=85.0)×1,85 ±1 mm×1,30 ±0.5 mm×1
Slim,100,154,35,35.0,square,equal-to-width(square-section),6,Clear,Lotion Pump,slim-100ml-clear-18-415-lotionpump,,154 ±2 mm×6,35 ±0.5 mm×6
Slim,100,154,37,37.0,square,equal-to-width(square-section),39,Clear,Lotion Pump|Perfume Spray Pump|Reducer|Vintage Bulb Sprayer|Vintage Bulb Sprayer with Tassel,slim-100ml-clear-18-415-antiquespray|slim-100ml-clear-18-415-antiquespray-tassel|slim-100ml-clear-18-415-lotionpump|slim-100ml-clear-18-415-perfumespray|slim-100ml-clear-18-415-reducer,d:group_outlier_unresolved×2;h:group_outlier_unresolved×2;convex_widthaxis_corrected_by_site(was=32.0)×2;convex_height_corrected_by_site(was=125.0)×1;convex_height_corrected_by_site(was=120.0)×1,154 ±2 mm×37|125 ±1 mm×1|120 ±1 mm×1,37 ±0.5 mm×37|32 ±0.5 mm×2
Square,15,52,26,26.0,square,equal-to-width(square-section),29,Clear,Fine Mist Sprayer|Metal Roller Ball|Plastic Roller Ball,square-15ml-clear-13-415|square-15ml-clear-13-415-finemist|square-15ml-clear-13-415-rollon,convex_widthaxis_corrected_by_site(was=30.0)×29,52 ±1 mm×29,30 ±0.5 mm×29
Tall Cylinder,9,106,18,18.0,round,equal-to-diameter(circular),1,Clear,Cap/Closure,tall-cylinder-9ml-clear-13-415-capclosure,,106 ±2 mm×1,18 ±0.5 mm×1
Teardrop,9,43,20,20.0,round,equal-to-diameter(circular),3,Clear|Cobalt Blue|Green,Glass Stopper,teardrop-9ml-clear-Ground-glassapplicator|teardrop-9ml-cobalt-blue-Ground-glassapplicator|teardrop-9ml-green-Ground-glassapplicator,,43 ±0.5 mm×3,20 ±0.5 mm×3
Tulip,5,45,23,23.0,round,equal-to-diameter(circular),30,Amber,Fine Mist Sprayer|Metal Roller Ball|Plastic Roller Ball,tulip-5ml-amber-13-415|tulip-5ml-amber-13-415-finemist|tulip-5ml-amber-13-415-rollon,d:group_outlier_unresolved×5;h:group_outlier_unresolved×5;convex_height_corrected_by_site(was=61.0)×5;convex_widthaxis_corrected_by_site(was=17.0)×5,45 ±0.5 mm×25|61 ±1 mm×5,23 ±0.5 mm×25|17 ±0.5 mm×5
Tulip,6,45,23,23.0,round,equal-to-diameter(circular),30,Clear,Fine Mist Sprayer|Metal Roller Ball|N/A|Plastic Roller Ball,tulip-6ml-clear-13-415|tulip-6ml-clear-13-415-finemist|tulip-6ml-clear-13-415-rollon,h:group_outlier_unresolved×8;convex_height_corrected_by_site(was=60.0)×8;d:group_outlier_unresolved×1;d:inch_conversion_artifact×1;h:missing_filled_from_group×1;convex_widthaxis_corrected_by_site(was=25.4)×1,45 ±0.5 mm×21|60 ±1 mm×8|None×1,23 ±0.5 mm×29|25.4×1
Vial,1,35,8,8.0,round,equal-to-diameter(circular),4,Amber|Clear,,vial-1ml-amber-Plug|vial-1ml-clear-Plug,,35 ±0.5 mm×4,8 ± 0.1 mm×4
Vial,2,22,16,16.0,round,equal-to-diameter(circular),1,Amber,,vial-2ml-amber-13-425,,22 ±0.5 mm×1,16 ±0.5 mm×1
Vial,2,35,12,12.0,round,equal-to-diameter(circular),4,Clear,,vial-2ml-clear-8-425,,35 ±0.5 mm×4,12 ±0.5 mm×4
Vial,3,27,15,15.0,round,equal-to-diameter(circular),1,Cobalt Blue,,vial-3ml-cobalt-blue-13-425,d:override_applied×1;h:override_applied×1,None×1,22×1
Vial,3,29,14,14.0,round,equal-to-diameter(circular),2,Clear|Green,,vial-3ml-clear-13-425|vial-3ml-green-13-425,convex_height_corrected_by_site(was=60.0)×1;convex_widthaxis_corrected_by_site(was=22.0)×1,29 ±0.5 mm×1|60 ±1 mm×1,14 ±0.5 mm×1|22 ±0.5 mm×1
Vial,4,45,15,15.0,round,equal-to-diameter(circular),12,Clear,Dropper,vial-4ml-clear-13-425|vial-4ml-clear-13-425-dropper,convex_height_corrected_by_site(was=35.0)×1,45 ±0.5 mm×11|35 ±1 mm×1,15 ±0.5 mm×12
